
Collecting usage statistics. To deactivate, set browser.gatherUsageStats to false.

2026-07-29 20:20:58.472 Uvicorn server started on :::8501

  You can now view your Streamlit app in your browser.

  Local URL: http://localhost:8501
  Network URL: http://192.168.1.21:8501
  External URL: http://106.219.154.19:8501

2026-07-29 20:21:07.629 Examining the path of transformers.models.aria.image_processing_aria_fast raised:
Traceback (most recent call last):
  File "/home/sachit/Documents/VSCProjects/optimiseGEO/venv/lib/python3.10/site-packages/streamlit/watcher/local_sources_watcher.py", line 340, in get_module_paths
    potential_paths = extract_paths(module)
  File "/home/sachit/Documents/VSCProjects/optimiseGEO/venv/lib/python3.10/site-packages/streamlit/watcher/local_sources_watcher.py", line 327, in <lambda>
    if hasattr(m, "__path__")
  File "/home/sachit/Documents/VSCProjects/optimiseGEO/venv/lib/python3.10/site-packages/transformers/__init__.py", line 862, in _getattr
    return getattr(importlib.import_module(target, __name__), name)
  File "/usr/lib/python3.10/importlib/__init__.py", line 126, in import_module
    return _bootstrap._gcd_import(name[level:], package, level)
  File "<frozen importlib._bootstrap>", line 1050, in _gcd_import
  File "<frozen importlib._bootstrap>", line 1027, in _find_and_load
  File "<frozen importlib._bootstrap>", line 1006, in _find_and_load_unlocked
  File "<frozen importlib._bootstrap>", line 688, in _load_unlocked
  File "<frozen importlib._bootstrap_external>", line 883, in exec_module
  File "<frozen importlib._bootstrap>", line 241, in _call_with_frames_removed
  File "/home/sachit/Documents/VSCProjects/optimiseGEO/venv/lib/python3.10/site-packages/transformers/models/aria/image_processing_aria.py", line 23, in <module>
    from torchvision.transforms.v2 import functional as tvF
ModuleNotFoundError: No module named 'torchvision'
2026-07-29 20:21:07.632 Examining the path of transformers.models.beit.image_processing_beit_fast raised:
Traceback (most recent call last):
  File "/home/sachit/Documents/VSCProjects/optimiseGEO/venv/lib/python3.10/site-packages/streamlit/watcher/local_sources_watcher.py", line 340, in get_module_paths
    potential_paths = extract_paths(module)
  File "/home/sachit/Documents/VSCProjects/optimiseGEO/venv/lib/python3.10/site-packages/streamlit/watcher/local_sources_watcher.py", line 327, in <lambda>
    if hasattr(m, "__path__")
  File "/home/sachit/Documents/VSCProjects/optimiseGEO/venv/lib/python3.10/site-packages/transformers/__init__.py", line 862, in _getattr
    return getattr(importlib.import_module(target, __name__), name)
  File "/usr/lib/python3.10/importlib/__init__.py", line 126, in import_module
    return _bootstrap._gcd_import(name[level:], package, level)
  File "<frozen importlib._bootstrap>", line 1050, in _gcd_import
  File "<frozen importlib._bootstrap>", line 1027, in _find_and_load
  File "<frozen importlib._bootstrap>", line 1006, in _find_and_load_unlocked
  File "<frozen importlib._bootstrap>", line 688, in _load_unlocked
  File "<frozen importlib._bootstrap_external>", line 883, in exec_module
  File "<frozen importlib._bootstrap>", line 241, in _call_with_frames_removed
  File "/home/sachit/Documents/VSCProjects/optimiseGEO/venv/lib/python3.10/site-packages/transformers/models/beit/image_processing_beit.py", line 20, in <module>
    from torchvision.transforms.v2 import functional as tvF
ModuleNotFoundError: No module named 'torchvision'
2026-07-29 20:21:07.642 Examining the path of transformers.models.bridgetower.image_processing_bridgetower_fast raised:
Traceback (most recent call last):
  File "/home/sachit/Documents/VSCProjects/optimiseGEO/venv/lib/python3.10/site-packages/streamlit/watcher/local_sources_watcher.py", line 340, in get_module_paths
    potential_paths = extract_paths(module)
  File "/home/sachit/Documents/VSCProjects/optimiseGEO/venv/lib/python3.10/site-packages/streamlit/watcher/local_sources_watcher.py", line 327, in <lambda>
    if hasattr(m, "__path__")
  File "/home/sachit/Documents/VSCProjects/optimiseGEO/venv/lib/python3.10/site-packages/transformers/__init__.py", line 862, in _getattr
    return getattr(importlib.import_module(target, __name__), name)
  File "/usr/lib/python3.10/importlib/__init__.py", line 126, in import_module
    return _bootstrap._gcd_import(name[level:], package, level)
  File "<frozen importlib._bootstrap>", line 1050, in _gcd_import
  File "<frozen importlib._bootstrap>", line 1027, in _find_and_load
  File "<frozen importlib._bootstrap>", line 1006, in _find_and_load_unlocked
  File "<frozen importlib._bootstrap>", line 688, in _load_unlocked
  File "<frozen importlib._bootstrap_external>", line 883, in exec_module
  File "<frozen importlib._bootstrap>", line 241, in _call_with_frames_removed
  File "/home/sachit/Documents/VSCProjects/optimiseGEO/venv/lib/python3.10/site-packages/transformers/models/bridgetower/image_processing_bridgetower.py", line 20, in <module>
    from torchvision.transforms.v2 import functional as tvF
ModuleNotFoundError: No module named 'torchvision'
2026-07-29 20:21:07.647 Examining the path of transformers.models.chmv2.image_processing_chmv2_fast raised:
Traceback (most recent call last):
  File "/home/sachit/Documents/VSCProjects/optimiseGEO/venv/lib/python3.10/site-packages/streamlit/watcher/local_sources_watcher.py", line 340, in get_module_paths
    potential_paths = extract_paths(module)
  File "/home/sachit/Documents/VSCProjects/optimiseGEO/venv/lib/python3.10/site-packages/streamlit/watcher/local_sources_watcher.py", line 327, in <lambda>
    if hasattr(m, "__path__")
  File "/home/sachit/Documents/VSCProjects/optimiseGEO/venv/lib/python3.10/site-packages/transformers/__init__.py", line 862, in _getattr
    return getattr(importlib.import_module(target, __name__), name)
  File "/usr/lib/python3.10/importlib/__init__.py", line 126, in import_module
    return _bootstrap._gcd_import(name[level:], package, level)
  File "<frozen importlib._bootstrap>", line 1050, in _gcd_import
  File "<frozen importlib._bootstrap>", line 1027, in _find_and_load
  File "<frozen importlib._bootstrap>", line 1006, in _find_and_load_unlocked
  File "<frozen importlib._bootstrap>", line 688, in _load_unlocked
  File "<frozen importlib._bootstrap_external>", line 883, in exec_module
  File "<frozen importlib._bootstrap>", line 241, in _call_with_frames_removed
  File "/home/sachit/Documents/VSCProjects/optimiseGEO/venv/lib/python3.10/site-packages/transformers/models/chmv2/image_processing_chmv2.py", line 27, in <module>
    from torchvision.transforms.v2 import functional as tvF
ModuleNotFoundError: No module named 'torchvision'
2026-07-29 20:21:07.650 Examining the path of transformers.models.cohere2_vision.image_processing_cohere2_vision_fast raised:
Traceback (most recent call last):
  File "/home/sachit/Documents/VSCProjects/optimiseGEO/venv/lib/python3.10/site-packages/streamlit/watcher/local_sources_watcher.py", line 340, in get_module_paths
    potential_paths = extract_paths(module)
  File "/home/sachit/Documents/VSCProjects/optimiseGEO/venv/lib/python3.10/site-packages/streamlit/watcher/local_sources_watcher.py", line 327, in <lambda>
    if hasattr(m, "__path__")
  File "/home/sachit/Documents/VSCProjects/optimiseGEO/venv/lib/python3.10/site-packages/transformers/__init__.py", line 862, in _getattr
    return getattr(importlib.import_module(target, __name__), name)
  File "/usr/lib/python3.10/importlib/__init__.py", line 126, in import_module
    return _bootstrap._gcd_import(name[level:], package, level)
  File "<frozen importlib._bootstrap>", line 1050, in _gcd_import
  File "<frozen importlib._bootstrap>", line 1027, in _find_and_load
  File "<frozen importlib._bootstrap>", line 1006, in _find_and_load_unlocked
  File "<frozen importlib._bootstrap>", line 688, in _load_unlocked
  File "<frozen importlib._bootstrap_external>", line 883, in exec_module
  File "<frozen importlib._bootstrap>", line 241, in _call_with_frames_removed
  File "/home/sachit/Documents/VSCProjects/optimiseGEO/venv/lib/python3.10/site-packages/transformers/models/cohere2_vision/image_processing_cohere2_vision.py", line 25, in <module>
    from torchvision.transforms.v2 import functional as tvF
ModuleNotFoundError: No module named 'torchvision'
2026-07-29 20:21:07.653 Examining the path of transformers.models.conditional_detr.image_processing_conditional_detr_fast raised:
Traceback (most recent call last):
  File "/home/sachit/Documents/VSCProjects/optimiseGEO/venv/lib/python3.10/site-packages/streamlit/watcher/local_sources_watcher.py", line 340, in get_module_paths
    potential_paths = extract_paths(module)
  File "/home/sachit/Documents/VSCProjects/optimiseGEO/venv/lib/python3.10/site-packages/streamlit/watcher/local_sources_watcher.py", line 327, in <lambda>
    if hasattr(m, "__path__")
  File "/home/sachit/Documents/VSCProjects/optimiseGEO/venv/lib/python3.10/site-packages/transformers/__init__.py", line 862, in _getattr
    return getattr(importlib.import_module(target, __name__), name)
  File "/usr/lib/python3.10/importlib/__init__.py", line 126, in import_module
    return _bootstrap._gcd_import(name[level:], package, level)
  File "<frozen importlib._bootstrap>", line 1050, in _gcd_import
  File "<frozen importlib._bootstrap>", line 1027, in _find_and_load
  File "<frozen importlib._bootstrap>", line 1006, in _find_and_load_unlocked
  File "<frozen importlib._bootstrap>", line 688, in _load_unlocked
  File "<frozen importlib._bootstrap_external>", line 883, in exec_module
  File "<frozen importlib._bootstrap>", line 241, in _call_with_frames_removed
  File "/home/sachit/Documents/VSCProjects/optimiseGEO/venv/lib/python3.10/site-packages/transformers/models/conditional_detr/image_processing_conditional_detr.py", line 27, in <module>
    from torchvision.io import read_image
ModuleNotFoundError: No module named 'torchvision'
2026-07-29 20:21:07.658 Examining the path of transformers.models.convnext.image_processing_convnext_fast raised:
Traceback (most recent call last):
  File "/home/sachit/Documents/VSCProjects/optimiseGEO/venv/lib/python3.10/site-packages/streamlit/watcher/local_sources_watcher.py", line 340, in get_module_paths
    potential_paths = extract_paths(module)
  File "/home/sachit/Documents/VSCProjects/optimiseGEO/venv/lib/python3.10/site-packages/streamlit/watcher/local_sources_watcher.py", line 327, in <lambda>
    if hasattr(m, "__path__")
  File "/home/sachit/Documents/VSCProjects/optimiseGEO/venv/lib/python3.10/site-packages/transformers/__init__.py", line 862, in _getattr
    return getattr(importlib.import_module(target, __name__), name)
  File "/usr/lib/python3.10/importlib/__init__.py", line 126, in import_module
    return _bootstrap._gcd_import(name[level:], package, level)
  File "<frozen importlib._bootstrap>", line 1050, in _gcd_import
  File "<frozen importlib._bootstrap>", line 1027, in _find_and_load
  File "<frozen importlib._bootstrap>", line 1006, in _find_and_load_unlocked
  File "<frozen importlib._bootstrap>", line 688, in _load_unlocked
  File "<frozen importlib._bootstrap_external>", line 883, in exec_module
  File "<frozen importlib._bootstrap>", line 241, in _call_with_frames_removed
  File "/home/sachit/Documents/VSCProjects/optimiseGEO/venv/lib/python3.10/site-packages/transformers/models/convnext/image_processing_convnext.py", line 17, in <module>
    from torchvision.transforms.v2 import functional as tvF
ModuleNotFoundError: No module named 'torchvision'
2026-07-29 20:21:07.661 Examining the path of transformers.models.deepseek_ocr2.image_processing_deepseek_ocr2_fast raised:
Traceback (most recent call last):
  File "/home/sachit/Documents/VSCProjects/optimiseGEO/venv/lib/python3.10/site-packages/streamlit/watcher/local_sources_watcher.py", line 340, in get_module_paths
    potential_paths = extract_paths(module)
  File "/home/sachit/Documents/VSCProjects/optimiseGEO/venv/lib/python3.10/site-packages/streamlit/watcher/local_sources_watcher.py", line 327, in <lambda>
    if hasattr(m, "__path__")
  File "/home/sachit/Documents/VSCProjects/optimiseGEO/venv/lib/python3.10/site-packages/transformers/__init__.py", line 862, in _getattr
    return getattr(importlib.import_module(target, __name__), name)
  File "/usr/lib/python3.10/importlib/__init__.py", line 126, in import_module
    return _bootstrap._gcd_import(name[level:], package, level)
  File "<frozen importlib._bootstrap>", line 1050, in _gcd_import
  File "<frozen importlib._bootstrap>", line 1027, in _find_and_load
  File "<frozen importlib._bootstrap>", line 1006, in _find_and_load_unlocked
  File "<frozen importlib._bootstrap>", line 688, in _load_unlocked
  File "<frozen importlib._bootstrap_external>", line 883, in exec_module
  File "<frozen importlib._bootstrap>", line 241, in _call_with_frames_removed
  File "/home/sachit/Documents/VSCProjects/optimiseGEO/venv/lib/python3.10/site-packages/transformers/models/deepseek_ocr2/image_processing_deepseek_ocr2.py", line 24, in <module>
    from torchvision.transforms.v2 import functional as tvF
ModuleNotFoundError: No module named 'torchvision'
2026-07-29 20:21:07.663 Examining the path of transformers.models.deepseek_vl.image_processing_deepseek_vl_fast raised:
Traceback (most recent call last):
  File "/home/sachit/Documents/VSCProjects/optimiseGEO/venv/lib/python3.10/site-packages/streamlit/watcher/local_sources_watcher.py", line 340, in get_module_paths
    potential_paths = extract_paths(module)
  File "/home/sachit/Documents/VSCProjects/optimiseGEO/venv/lib/python3.10/site-packages/streamlit/watcher/local_sources_watcher.py", line 327, in <lambda>
    if hasattr(m, "__path__")
  File "/home/sachit/Documents/VSCProjects/optimiseGEO/venv/lib/python3.10/site-packages/transformers/__init__.py", line 862, in _getattr
    return getattr(importlib.import_module(target, __name__), name)
  File "/usr/lib/python3.10/importlib/__init__.py", line 126, in import_module
    return _bootstrap._gcd_import(name[level:], package, level)
  File "<frozen importlib._bootstrap>", line 1050, in _gcd_import
  File "<frozen importlib._bootstrap>", line 1027, in _find_and_load
  File "<frozen importlib._bootstrap>", line 1006, in _find_and_load_unlocked
  File "<frozen importlib._bootstrap>", line 688, in _load_unlocked
  File "<frozen importlib._bootstrap_external>", line 883, in exec_module
  File "<frozen importlib._bootstrap>", line 241, in _call_with_frames_removed
  File "/home/sachit/Documents/VSCProjects/optimiseGEO/venv/lib/python3.10/site-packages/transformers/models/deepseek_vl/image_processing_deepseek_vl.py", line 23, in <module>
    import torchvision.transforms.v2.functional as tvF
ModuleNotFoundError: No module named 'torchvision'
2026-07-29 20:21:07.666 Examining the path of transformers.models.deepseek_vl_hybrid.image_processing_deepseek_vl_hybrid_fast raised:
Traceback (most recent call last):
  File "/home/sachit/Documents/VSCProjects/optimiseGEO/venv/lib/python3.10/site-packages/streamlit/watcher/local_sources_watcher.py", line 340, in get_module_paths
    potential_paths = extract_paths(module)
  File "/home/sachit/Documents/VSCProjects/optimiseGEO/venv/lib/python3.10/site-packages/streamlit/watcher/local_sources_watcher.py", line 327, in <lambda>
    if hasattr(m, "__path__")
  File "/home/sachit/Documents/VSCProjects/optimiseGEO/venv/lib/python3.10/site-packages/transformers/__init__.py", line 862, in _getattr
    return getattr(importlib.import_module(target, __name__), name)
  File "/usr/lib/python3.10/importlib/__init__.py", line 126, in import_module
    return _bootstrap._gcd_import(name[level:], package, level)
  File "<frozen importlib._bootstrap>", line 1050, in _gcd_import
  File "<frozen importlib._bootstrap>", line 1027, in _find_and_load
  File "<frozen importlib._bootstrap>", line 1006, in _find_and_load_unlocked
  File "<frozen importlib._bootstrap>", line 688, in _load_unlocked
  File "<frozen importlib._bootstrap_external>", line 883, in exec_module
  File "<frozen importlib._bootstrap>", line 241, in _call_with_frames_removed
  File "/home/sachit/Documents/VSCProjects/optimiseGEO/venv/lib/python3.10/site-packages/transformers/models/deepseek_vl_hybrid/image_processing_deepseek_vl_hybrid.py", line 25, in <module>
    import torchvision.transforms.v2.functional as tvF
ModuleNotFoundError: No module named 'torchvision'
2026-07-29 20:21:07.671 Examining the path of transformers.models.deformable_detr.image_processing_deformable_detr_fast raised:
Traceback (most recent call last):
  File "/home/sachit/Documents/VSCProjects/optimiseGEO/venv/lib/python3.10/site-packages/streamlit/watcher/local_sources_watcher.py", line 340, in get_module_paths
    potential_paths = extract_paths(module)
  File "/home/sachit/Documents/VSCProjects/optimiseGEO/venv/lib/python3.10/site-packages/streamlit/watcher/local_sources_watcher.py", line 327, in <lambda>
    if hasattr(m, "__path__")
  File "/home/sachit/Documents/VSCProjects/optimiseGEO/venv/lib/python3.10/site-packages/transformers/__init__.py", line 862, in _getattr
    return getattr(importlib.import_module(target, __name__), name)
  File "/usr/lib/python3.10/importlib/__init__.py", line 126, in import_module
    return _bootstrap._gcd_import(name[level:], package, level)
  File "<frozen importlib._bootstrap>", line 1050, in _gcd_import
  File "<frozen importlib._bootstrap>", line 1027, in _find_and_load
  File "<frozen importlib._bootstrap>", line 1006, in _find_and_load_unlocked
  File "<frozen importlib._bootstrap>", line 688, in _load_unlocked
  File "<frozen importlib._bootstrap_external>", line 883, in exec_module
  File "<frozen importlib._bootstrap>", line 241, in _call_with_frames_removed
  File "/home/sachit/Documents/VSCProjects/optimiseGEO/venv/lib/python3.10/site-packages/transformers/models/deformable_detr/image_processing_deformable_detr.py", line 25, in <module>
    from torchvision.io import read_image
ModuleNotFoundError: No module named 'torchvision'
2026-07-29 20:21:07.677 Examining the path of transformers.models.depth_pro.image_processing_depth_pro_fast raised:
Traceback (most recent call last):
  File "/home/sachit/Documents/VSCProjects/optimiseGEO/venv/lib/python3.10/site-packages/streamlit/watcher/local_sources_watcher.py", line 340, in get_module_paths
    potential_paths = extract_paths(module)
  File "/home/sachit/Documents/VSCProjects/optimiseGEO/venv/lib/python3.10/site-packages/streamlit/watcher/local_sources_watcher.py", line 327, in <lambda>
    if hasattr(m, "__path__")
  File "/home/sachit/Documents/VSCProjects/optimiseGEO/venv/lib/python3.10/site-packages/transformers/__init__.py", line 862, in _getattr
    return getattr(importlib.import_module(target, __name__), name)
  File "/usr/lib/python3.10/importlib/__init__.py", line 126, in import_module
    return _bootstrap._gcd_import(name[level:], package, level)
  File "<frozen importlib._bootstrap>", line 1050, in _gcd_import
  File "<frozen importlib._bootstrap>", line 1027, in _find_and_load
  File "<frozen importlib._bootstrap>", line 1006, in _find_and_load_unlocked
  File "<frozen importlib._bootstrap>", line 688, in _load_unlocked
  File "<frozen importlib._bootstrap_external>", line 883, in exec_module
  File "<frozen importlib._bootstrap>", line 241, in _call_with_frames_removed
  File "/home/sachit/Documents/VSCProjects/optimiseGEO/venv/lib/python3.10/site-packages/transformers/models/depth_pro/image_processing_depth_pro.py", line 19, in <module>
    from torchvision.transforms.v2 import functional as tvF
ModuleNotFoundError: No module named 'torchvision'
2026-07-29 20:21:07.680 Examining the path of transformers.models.detr.image_processing_detr_fast raised:
Traceback (most recent call last):
  File "/home/sachit/Documents/VSCProjects/optimiseGEO/venv/lib/python3.10/site-packages/streamlit/watcher/local_sources_watcher.py", line 340, in get_module_paths
    potential_paths = extract_paths(module)
  File "/home/sachit/Documents/VSCProjects/optimiseGEO/venv/lib/python3.10/site-packages/streamlit/watcher/local_sources_watcher.py", line 327, in <lambda>
    if hasattr(m, "__path__")
  File "/home/sachit/Documents/VSCProjects/optimiseGEO/venv/lib/python3.10/site-packages/transformers/__init__.py", line 862, in _getattr
    return getattr(importlib.import_module(target, __name__), name)
  File "/usr/lib/python3.10/importlib/__init__.py", line 126, in import_module
    return _bootstrap._gcd_import(name[level:], package, level)
  File "<frozen importlib._bootstrap>", line 1050, in _gcd_import
  File "<frozen importlib._bootstrap>", line 1027, in _find_and_load
  File "<frozen importlib._bootstrap>", line 1006, in _find_and_load_unlocked
  File "<frozen importlib._bootstrap>", line 688, in _load_unlocked
  File "<frozen importlib._bootstrap_external>", line 883, in exec_module
  File "<frozen importlib._bootstrap>", line 241, in _call_with_frames_removed
  File "/home/sachit/Documents/VSCProjects/optimiseGEO/venv/lib/python3.10/site-packages/transformers/models/detr/image_processing_detr.py", line 22, in <module>
    from torchvision.io import read_image
ModuleNotFoundError: No module named 'torchvision'
2026-07-29 20:21:07.685 Examining the path of transformers.models.dinov3_vit.image_processing_dinov3_vit_fast raised:
Traceback (most recent call last):
  File "/home/sachit/Documents/VSCProjects/optimiseGEO/venv/lib/python3.10/site-packages/streamlit/watcher/local_sources_watcher.py", line 340, in get_module_paths
    potential_paths = extract_paths(module)
  File "/home/sachit/Documents/VSCProjects/optimiseGEO/venv/lib/python3.10/site-packages/streamlit/watcher/local_sources_watcher.py", line 327, in <lambda>
    if hasattr(m, "__path__")
  File "/home/sachit/Documents/VSCProjects/optimiseGEO/venv/lib/python3.10/site-packages/transformers/__init__.py", line 862, in _getattr
    return getattr(importlib.import_module(target, __name__), name)
  File "/usr/lib/python3.10/importlib/__init__.py", line 126, in import_module
    return _bootstrap._gcd_import(name[level:], package, level)
  File "<frozen importlib._bootstrap>", line 1050, in _gcd_import
  File "<frozen importlib._bootstrap>", line 1027, in _find_and_load
  File "<frozen importlib._bootstrap>", line 1006, in _find_and_load_unlocked
  File "<frozen importlib._bootstrap>", line 688, in _load_unlocked
  File "<frozen importlib._bootstrap_external>", line 883, in exec_module
  File "<frozen importlib._bootstrap>", line 241, in _call_with_frames_removed
  File "/home/sachit/Documents/VSCProjects/optimiseGEO/venv/lib/python3.10/site-packages/transformers/models/dinov3_vit/image_processing_dinov3_vit.py", line 17, in <module>
    from torchvision.transforms.v2 import functional as tvF
ModuleNotFoundError: No module named 'torchvision'
2026-07-29 20:21:07.688 Examining the path of transformers.models.donut.image_processing_donut_fast raised:
Traceback (most recent call last):
  File "/home/sachit/Documents/VSCProjects/optimiseGEO/venv/lib/python3.10/site-packages/streamlit/watcher/local_sources_watcher.py", line 340, in get_module_paths
    potential_paths = extract_paths(module)
  File "/home/sachit/Documents/VSCProjects/optimiseGEO/venv/lib/python3.10/site-packages/streamlit/watcher/local_sources_watcher.py", line 327, in <lambda>
    if hasattr(m, "__path__")
  File "/home/sachit/Documents/VSCProjects/optimiseGEO/venv/lib/python3.10/site-packages/transformers/__init__.py", line 862, in _getattr
    return getattr(importlib.import_module(target, __name__), name)
  File "/usr/lib/python3.10/importlib/__init__.py", line 126, in import_module
    return _bootstrap._gcd_import(name[level:], package, level)
  File "<frozen importlib._bootstrap>", line 1050, in _gcd_import
  File "<frozen importlib._bootstrap>", line 1027, in _find_and_load
  File "<frozen importlib._bootstrap>", line 1006, in _find_and_load_unlocked
  File "<frozen importlib._bootstrap>", line 688, in _load_unlocked
  File "<frozen importlib._bootstrap_external>", line 883, in exec_module
  File "<frozen importlib._bootstrap>", line 241, in _call_with_frames_removed
  File "/home/sachit/Documents/VSCProjects/optimiseGEO/venv/lib/python3.10/site-packages/transformers/models/donut/image_processing_donut.py", line 17, in <module>
    from torchvision.transforms.v2 import functional as tvF
ModuleNotFoundError: No module named 'torchvision'
2026-07-29 20:21:07.693 Examining the path of transformers.models.dpt.image_processing_dpt_fast raised:
Traceback (most recent call last):
  File "/home/sachit/Documents/VSCProjects/optimiseGEO/venv/lib/python3.10/site-packages/streamlit/watcher/local_sources_watcher.py", line 340, in get_module_paths
    potential_paths = extract_paths(module)
  File "/home/sachit/Documents/VSCProjects/optimiseGEO/venv/lib/python3.10/site-packages/streamlit/watcher/local_sources_watcher.py", line 327, in <lambda>
    if hasattr(m, "__path__")
  File "/home/sachit/Documents/VSCProjects/optimiseGEO/venv/lib/python3.10/site-packages/transformers/__init__.py", line 862, in _getattr
    return getattr(importlib.import_module(target, __name__), name)
  File "/usr/lib/python3.10/importlib/__init__.py", line 126, in import_module
    return _bootstrap._gcd_import(name[level:], package, level)
  File "<frozen importlib._bootstrap>", line 1050, in _gcd_import
  File "<frozen importlib._bootstrap>", line 1027, in _find_and_load
  File "<frozen importlib._bootstrap>", line 1006, in _find_and_load_unlocked
  File "<frozen importlib._bootstrap>", line 688, in _load_unlocked
  File "<frozen importlib._bootstrap_external>", line 883, in exec_module
  File "<frozen importlib._bootstrap>", line 241, in _call_with_frames_removed
  File "/home/sachit/Documents/VSCProjects/optimiseGEO/venv/lib/python3.10/site-packages/transformers/models/dpt/image_processing_dpt.py", line 28, in <module>
    from torchvision.transforms.v2 import functional as tvF
ModuleNotFoundError: No module named 'torchvision'
2026-07-29 20:21:07.702 Examining the path of transformers.models.efficientloftr.image_processing_efficientloftr_fast raised:
Traceback (most recent call last):
  File "/home/sachit/Documents/VSCProjects/optimiseGEO/venv/lib/python3.10/site-packages/streamlit/watcher/local_sources_watcher.py", line 340, in get_module_paths
    potential_paths = extract_paths(module)
  File "/home/sachit/Documents/VSCProjects/optimiseGEO/venv/lib/python3.10/site-packages/streamlit/watcher/local_sources_watcher.py", line 327, in <lambda>
    if hasattr(m, "__path__")
  File "/home/sachit/Documents/VSCProjects/optimiseGEO/venv/lib/python3.10/site-packages/transformers/__init__.py", line 862, in _getattr
    return getattr(importlib.import_module(target, __name__), name)
  File "/usr/lib/python3.10/importlib/__init__.py", line 126, in import_module
    return _bootstrap._gcd_import(name[level:], package, level)
  File "<frozen importlib._bootstrap>", line 1050, in _gcd_import
  File "<frozen importlib._bootstrap>", line 1027, in _find_and_load
  File "<frozen importlib._bootstrap>", line 1006, in _find_and_load_unlocked
  File "<frozen importlib._bootstrap>", line 688, in _load_unlocked
  File "<frozen importlib._bootstrap_external>", line 883, in exec_module
  File "<frozen importlib._bootstrap>", line 241, in _call_with_frames_removed
  File "/home/sachit/Documents/VSCProjects/optimiseGEO/venv/lib/python3.10/site-packages/transformers/models/efficientloftr/image_processing_efficientloftr.py", line 10, in <module>
    from torchvision.transforms.v2 import functional as tvF
ModuleNotFoundError: No module named 'torchvision'
2026-07-29 20:21:07.707 Examining the path of transformers.models.efficientnet.image_processing_efficientnet_fast raised:
Traceback (most recent call last):
  File "/home/sachit/Documents/VSCProjects/optimiseGEO/venv/lib/python3.10/site-packages/streamlit/watcher/local_sources_watcher.py", line 340, in get_module_paths
    potential_paths = extract_paths(module)
  File "/home/sachit/Documents/VSCProjects/optimiseGEO/venv/lib/python3.10/site-packages/streamlit/watcher/local_sources_watcher.py", line 327, in <lambda>
    if hasattr(m, "__path__")
  File "/home/sachit/Documents/VSCProjects/optimiseGEO/venv/lib/python3.10/site-packages/transformers/__init__.py", line 862, in _getattr
    return getattr(importlib.import_module(target, __name__), name)
  File "/usr/lib/python3.10/importlib/__init__.py", line 126, in import_module
    return _bootstrap._gcd_import(name[level:], package, level)
  File "<frozen importlib._bootstrap>", line 1050, in _gcd_import
  File "<frozen importlib._bootstrap>", line 1027, in _find_and_load
  File "<frozen importlib._bootstrap>", line 1006, in _find_and_load_unlocked
  File "<frozen importlib._bootstrap>", line 688, in _load_unlocked
  File "<frozen importlib._bootstrap_external>", line 883, in exec_module
  File "<frozen importlib._bootstrap>", line 241, in _call_with_frames_removed
  File "/home/sachit/Documents/VSCProjects/optimiseGEO/venv/lib/python3.10/site-packages/transformers/models/efficientnet/image_processing_efficientnet.py", line 20, in <module>
    from torchvision.transforms.v2 import functional as tvF
ModuleNotFoundError: No module named 'torchvision'
2026-07-29 20:21:07.711 Examining the path of transformers.models.eomt.image_processing_eomt_fast raised:
Traceback (most recent call last):
  File "/home/sachit/Documents/VSCProjects/optimiseGEO/venv/lib/python3.10/site-packages/streamlit/watcher/local_sources_watcher.py", line 340, in get_module_paths
    potential_paths = extract_paths(module)
  File "/home/sachit/Documents/VSCProjects/optimiseGEO/venv/lib/python3.10/site-packages/streamlit/watcher/local_sources_watcher.py", line 327, in <lambda>
    if hasattr(m, "__path__")
  File "/home/sachit/Documents/VSCProjects/optimiseGEO/venv/lib/python3.10/site-packages/transformers/__init__.py", line 862, in _getattr
    return getattr(importlib.import_module(target, __name__), name)
  File "/usr/lib/python3.10/importlib/__init__.py", line 126, in import_module
    return _bootstrap._gcd_import(name[level:], package, level)
  File "<frozen importlib._bootstrap>", line 1050, in _gcd_import
  File "<frozen importlib._bootstrap>", line 1027, in _find_and_load
  File "<frozen importlib._bootstrap>", line 1006, in _find_and_load_unlocked
  File "<frozen importlib._bootstrap>", line 688, in _load_unlocked
  File "<frozen importlib._bootstrap_external>", line 883, in exec_module
  File "<frozen importlib._bootstrap>", line 241, in _call_with_frames_removed
  File "/home/sachit/Documents/VSCProjects/optimiseGEO/venv/lib/python3.10/site-packages/transformers/models/eomt/image_processing_eomt.py", line 20, in <module>
    from torchvision.transforms.v2 import functional as tvF
ModuleNotFoundError: No module named 'torchvision'
2026-07-29 20:21:07.716 Examining the path of transformers.models.ernie4_5_vl_moe.image_processing_ernie4_5_vl_moe_fast raised:
Traceback (most recent call last):
  File "/home/sachit/Documents/VSCProjects/optimiseGEO/venv/lib/python3.10/site-packages/streamlit/watcher/local_sources_watcher.py", line 340, in get_module_paths
    potential_paths = extract_paths(module)
  File "/home/sachit/Documents/VSCProjects/optimiseGEO/venv/lib/python3.10/site-packages/streamlit/watcher/local_sources_watcher.py", line 327, in <lambda>
    if hasattr(m, "__path__")
  File "/home/sachit/Documents/VSCProjects/optimiseGEO/venv/lib/python3.10/site-packages/transformers/__init__.py", line 862, in _getattr
    return getattr(importlib.import_module(target, __name__), name)
  File "/usr/lib/python3.10/importlib/__init__.py", line 126, in import_module
    return _bootstrap._gcd_import(name[level:], package, level)
  File "<frozen importlib._bootstrap>", line 1050, in _gcd_import
  File "<frozen importlib._bootstrap>", line 1027, in _find_and_load
  File "<frozen importlib._bootstrap>", line 1006, in _find_and_load_unlocked
  File "<frozen importlib._bootstrap>", line 688, in _load_unlocked
  File "<frozen importlib._bootstrap_external>", line 883, in exec_module
  File "<frozen importlib._bootstrap>", line 241, in _call_with_frames_removed
  File "/home/sachit/Documents/VSCProjects/optimiseGEO/venv/lib/python3.10/site-packages/transformers/models/ernie4_5_vl_moe/image_processing_ernie4_5_vl_moe.py", line 23, in <module>
    from torchvision.transforms.v2 import functional as tvF
ModuleNotFoundError: No module named 'torchvision'
2026-07-29 20:21:07.725 Examining the path of transformers.models.flava.image_processing_flava_fast raised:
Traceback (most recent call last):
  File "/home/sachit/Documents/VSCProjects/optimiseGEO/venv/lib/python3.10/site-packages/streamlit/watcher/local_sources_watcher.py", line 340, in get_module_paths
    potential_paths = extract_paths(module)
  File "/home/sachit/Documents/VSCProjects/optimiseGEO/venv/lib/python3.10/site-packages/streamlit/watcher/local_sources_watcher.py", line 327, in <lambda>
    if hasattr(m, "__path__")
  File "/home/sachit/Documents/VSCProjects/optimiseGEO/venv/lib/python3.10/site-packages/transformers/__init__.py", line 862, in _getattr
    return getattr(importlib.import_module(target, __name__), name)
  File "/usr/lib/python3.10/importlib/__init__.py", line 126, in import_module
    return _bootstrap._gcd_import(name[level:], package, level)
  File "<frozen importlib._bootstrap>", line 1050, in _gcd_import
  File "<frozen importlib._bootstrap>", line 1027, in _find_and_load
  File "<frozen importlib._bootstrap>", line 1006, in _find_and_load_unlocked
  File "<frozen importlib._bootstrap>", line 688, in _load_unlocked
  File "<frozen importlib._bootstrap_external>", line 883, in exec_module
  File "<frozen importlib._bootstrap>", line 241, in _call_with_frames_removed
  File "/home/sachit/Documents/VSCProjects/optimiseGEO/venv/lib/python3.10/site-packages/transformers/models/flava/image_processing_flava.py", line 23, in <module>
    from torchvision.transforms.v2 import functional as tvF
ModuleNotFoundError: No module named 'torchvision'
2026-07-29 20:21:07.738 Examining the path of transformers.models.fuyu.image_processing_fuyu_fast raised:
Traceback (most recent call last):
  File "/home/sachit/Documents/VSCProjects/optimiseGEO/venv/lib/python3.10/site-packages/streamlit/watcher/local_sources_watcher.py", line 340, in get_module_paths
    potential_paths = extract_paths(module)
  File "/home/sachit/Documents/VSCProjects/optimiseGEO/venv/lib/python3.10/site-packages/streamlit/watcher/local_sources_watcher.py", line 327, in <lambda>
    if hasattr(m, "__path__")
  File "/home/sachit/Documents/VSCProjects/optimiseGEO/venv/lib/python3.10/site-packages/transformers/__init__.py", line 862, in _getattr
    return getattr(importlib.import_module(target, __name__), name)
  File "/usr/lib/python3.10/importlib/__init__.py", line 126, in import_module
    return _bootstrap._gcd_import(name[level:], package, level)
  File "<frozen importlib._bootstrap>", line 1050, in _gcd_import
  File "<frozen importlib._bootstrap>", line 1027, in _find_and_load
  File "<frozen importlib._bootstrap>", line 1006, in _find_and_load_unlocked
  File "<frozen importlib._bootstrap>", line 688, in _load_unlocked
  File "<frozen importlib._bootstrap_external>", line 883, in exec_module
  File "<frozen importlib._bootstrap>", line 241, in _call_with_frames_removed
  File "/home/sachit/Documents/VSCProjects/optimiseGEO/venv/lib/python3.10/site-packages/transformers/models/fuyu/image_processing_fuyu.py", line 19, in <module>
    from torchvision.transforms.v2 import functional as tvF
ModuleNotFoundError: No module named 'torchvision'
2026-07-29 20:21:07.741 Examining the path of transformers.models.gemma3.image_processing_gemma3_fast raised:
Traceback (most recent call last):
  File "/home/sachit/Documents/VSCProjects/optimiseGEO/venv/lib/python3.10/site-packages/streamlit/watcher/local_sources_watcher.py", line 340, in get_module_paths
    potential_paths = extract_paths(module)
  File "/home/sachit/Documents/VSCProjects/optimiseGEO/venv/lib/python3.10/site-packages/streamlit/watcher/local_sources_watcher.py", line 327, in <lambda>
    if hasattr(m, "__path__")
  File "/home/sachit/Documents/VSCProjects/optimiseGEO/venv/lib/python3.10/site-packages/transformers/__init__.py", line 862, in _getattr
    return getattr(importlib.import_module(target, __name__), name)
  File "/usr/lib/python3.10/importlib/__init__.py", line 126, in import_module
    return _bootstrap._gcd_import(name[level:], package, level)
  File "<frozen importlib._bootstrap>", line 1050, in _gcd_import
  File "<frozen importlib._bootstrap>", line 1027, in _find_and_load
  File "<frozen importlib._bootstrap>", line 1006, in _find_and_load_unlocked
  File "<frozen importlib._bootstrap>", line 688, in _load_unlocked
  File "<frozen importlib._bootstrap_external>", line 883, in exec_module
  File "<frozen importlib._bootstrap>", line 241, in _call_with_frames_removed
  File "/home/sachit/Documents/VSCProjects/optimiseGEO/venv/lib/python3.10/site-packages/transformers/models/gemma3/image_processing_gemma3.py", line 20, in <module>
    from torchvision.transforms.v2 import functional as tvF
ModuleNotFoundError: No module named 'torchvision'
2026-07-29 20:21:07.747 Examining the path of transformers.models.gemma4.image_processing_gemma4_fast raised:
Traceback (most recent call last):
  File "/home/sachit/Documents/VSCProjects/optimiseGEO/venv/lib/python3.10/site-packages/streamlit/watcher/local_sources_watcher.py", line 340, in get_module_paths
    potential_paths = extract_paths(module)
  File "/home/sachit/Documents/VSCProjects/optimiseGEO/venv/lib/python3.10/site-packages/streamlit/watcher/local_sources_watcher.py", line 327, in <lambda>
    if hasattr(m, "__path__")
  File "/home/sachit/Documents/VSCProjects/optimiseGEO/venv/lib/python3.10/site-packages/transformers/__init__.py", line 862, in _getattr
    return getattr(importlib.import_module(target, __name__), name)
  File "/usr/lib/python3.10/importlib/__init__.py", line 126, in import_module
    return _bootstrap._gcd_import(name[level:], package, level)
  File "<frozen importlib._bootstrap>", line 1050, in _gcd_import
  File "<frozen importlib._bootstrap>", line 1027, in _find_and_load
  File "<frozen importlib._bootstrap>", line 1006, in _find_and_load_unlocked
  File "<frozen importlib._bootstrap>", line 688, in _load_unlocked
  File "<frozen importlib._bootstrap_external>", line 883, in exec_module
  File "<frozen importlib._bootstrap>", line 241, in _call_with_frames_removed
  File "/home/sachit/Documents/VSCProjects/optimiseGEO/venv/lib/python3.10/site-packages/transformers/models/gemma4/image_processing_gemma4.py", line 17, in <module>
    from torchvision.transforms.v2 import functional as tvF
ModuleNotFoundError: No module named 'torchvision'
2026-07-29 20:21:07.755 Examining the path of transformers.models.gemma4_unified.image_processing_gemma4_unified_fast raised:
Traceback (most recent call last):
  File "/home/sachit/Documents/VSCProjects/optimiseGEO/venv/lib/python3.10/site-packages/streamlit/watcher/local_sources_watcher.py", line 340, in get_module_paths
    potential_paths = extract_paths(module)
  File "/home/sachit/Documents/VSCProjects/optimiseGEO/venv/lib/python3.10/site-packages/streamlit/watcher/local_sources_watcher.py", line 327, in <lambda>
    if hasattr(m, "__path__")
  File "/home/sachit/Documents/VSCProjects/optimiseGEO/venv/lib/python3.10/site-packages/transformers/__init__.py", line 862, in _getattr
    return getattr(importlib.import_module(target, __name__), name)
  File "/usr/lib/python3.10/importlib/__init__.py", line 126, in import_module
    return _bootstrap._gcd_import(name[level:], package, level)
  File "<frozen importlib._bootstrap>", line 1050, in _gcd_import
  File "<frozen importlib._bootstrap>", line 1027, in _find_and_load
  File "<frozen importlib._bootstrap>", line 1006, in _find_and_load_unlocked
  File "<frozen importlib._bootstrap>", line 688, in _load_unlocked
  File "<frozen importlib._bootstrap_external>", line 883, in exec_module
  File "<frozen importlib._bootstrap>", line 241, in _call_with_frames_removed
  File "/home/sachit/Documents/VSCProjects/optimiseGEO/venv/lib/python3.10/site-packages/transformers/models/gemma4_unified/image_processing_gemma4_unified.py", line 23, in <module>
    from torchvision.transforms.v2 import functional as tvF
ModuleNotFoundError: No module named 'torchvision'
2026-07-29 20:21:07.757 Examining the path of transformers.models.glm46v.image_processing_glm46v_fast raised:
Traceback (most recent call last):
  File "/home/sachit/Documents/VSCProjects/optimiseGEO/venv/lib/python3.10/site-packages/streamlit/watcher/local_sources_watcher.py", line 340, in get_module_paths
    potential_paths = extract_paths(module)
  File "/home/sachit/Documents/VSCProjects/optimiseGEO/venv/lib/python3.10/site-packages/streamlit/watcher/local_sources_watcher.py", line 327, in <lambda>
    if hasattr(m, "__path__")
  File "/home/sachit/Documents/VSCProjects/optimiseGEO/venv/lib/python3.10/site-packages/transformers/__init__.py", line 862, in _getattr
    return getattr(importlib.import_module(target, __name__), name)
  File "/usr/lib/python3.10/importlib/__init__.py", line 126, in import_module
    return _bootstrap._gcd_import(name[level:], package, level)
  File "<frozen importlib._bootstrap>", line 1050, in _gcd_import
  File "<frozen importlib._bootstrap>", line 1027, in _find_and_load
  File "<frozen importlib._bootstrap>", line 1006, in _find_and_load_unlocked
  File "<frozen importlib._bootstrap>", line 688, in _load_unlocked
  File "<frozen importlib._bootstrap_external>", line 883, in exec_module
  File "<frozen importlib._bootstrap>", line 241, in _call_with_frames_removed
  File "/home/sachit/Documents/VSCProjects/optimiseGEO/venv/lib/python3.10/site-packages/transformers/models/glm46v/image_processing_glm46v.py", line 25, in <module>
    from torchvision.transforms.v2 import functional as tvF
ModuleNotFoundError: No module named 'torchvision'
2026-07-29 20:21:07.761 Examining the path of transformers.models.glm4v.image_processing_glm4v_fast raised:
Traceback (most recent call last):
  File "/home/sachit/Documents/VSCProjects/optimiseGEO/venv/lib/python3.10/site-packages/streamlit/watcher/local_sources_watcher.py", line 340, in get_module_paths
    potential_paths = extract_paths(module)
  File "/home/sachit/Documents/VSCProjects/optimiseGEO/venv/lib/python3.10/site-packages/streamlit/watcher/local_sources_watcher.py", line 327, in <lambda>
    if hasattr(m, "__path__")
  File "/home/sachit/Documents/VSCProjects/optimiseGEO/venv/lib/python3.10/site-packages/transformers/__init__.py", line 862, in _getattr
    return getattr(importlib.import_module(target, __name__), name)
  File "/usr/lib/python3.10/importlib/__init__.py", line 126, in import_module
    return _bootstrap._gcd_import(name[level:], package, level)
  File "<frozen importlib._bootstrap>", line 1050, in _gcd_import
  File "<frozen importlib._bootstrap>", line 1027, in _find_and_load
  File "<frozen importlib._bootstrap>", line 1006, in _find_and_load_unlocked
  File "<frozen importlib._bootstrap>", line 688, in _load_unlocked
  File "<frozen importlib._bootstrap_external>", line 883, in exec_module
  File "<frozen importlib._bootstrap>", line 241, in _call_with_frames_removed
  File "/home/sachit/Documents/VSCProjects/optimiseGEO/venv/lib/python3.10/site-packages/transformers/models/glm4v/image_processing_glm4v.py", line 19, in <module>
    from torchvision.transforms.v2 import functional as tvF
ModuleNotFoundError: No module named 'torchvision'
2026-07-29 20:21:07.767 Examining the path of transformers.models.glm_image.image_processing_glm_image_fast raised:
Traceback (most recent call last):
  File "/home/sachit/Documents/VSCProjects/optimiseGEO/venv/lib/python3.10/site-packages/streamlit/watcher/local_sources_watcher.py", line 340, in get_module_paths
    potential_paths = extract_paths(module)
  File "/home/sachit/Documents/VSCProjects/optimiseGEO/venv/lib/python3.10/site-packages/streamlit/watcher/local_sources_watcher.py", line 327, in <lambda>
    if hasattr(m, "__path__")
  File "/home/sachit/Documents/VSCProjects/optimiseGEO/venv/lib/python3.10/site-packages/transformers/__init__.py", line 862, in _getattr
    return getattr(importlib.import_module(target, __name__), name)
  File "/usr/lib/python3.10/importlib/__init__.py", line 126, in import_module
    return _bootstrap._gcd_import(name[level:], package, level)
  File "<frozen importlib._bootstrap>", line 1050, in _gcd_import
  File "<frozen importlib._bootstrap>", line 1027, in _find_and_load
  File "<frozen importlib._bootstrap>", line 1006, in _find_and_load_unlocked
  File "<frozen importlib._bootstrap>", line 688, in _load_unlocked
  File "<frozen importlib._bootstrap_external>", line 883, in exec_module
  File "<frozen importlib._bootstrap>", line 241, in _call_with_frames_removed
  File "/home/sachit/Documents/VSCProjects/optimiseGEO/venv/lib/python3.10/site-packages/transformers/models/glm_image/image_processing_glm_image.py", line 25, in <module>
    from torchvision.transforms.v2 import functional as tvF
ModuleNotFoundError: No module named 'torchvision'
2026-07-29 20:21:07.775 Examining the path of transformers.models.glmga.image_processing_glmga_fast raised:
Traceback (most recent call last):
  File "/home/sachit/Documents/VSCProjects/optimiseGEO/venv/lib/python3.10/site-packages/streamlit/watcher/local_sources_watcher.py", line 340, in get_module_paths
    potential_paths = extract_paths(module)
  File "/home/sachit/Documents/VSCProjects/optimiseGEO/venv/lib/python3.10/site-packages/streamlit/watcher/local_sources_watcher.py", line 327, in <lambda>
    if hasattr(m, "__path__")
  File "/home/sachit/Documents/VSCProjects/optimiseGEO/venv/lib/python3.10/site-packages/transformers/__init__.py", line 862, in _getattr
    return getattr(importlib.import_module(target, __name__), name)
  File "/usr/lib/python3.10/importlib/__init__.py", line 126, in import_module
    return _bootstrap._gcd_import(name[level:], package, level)
  File "<frozen importlib._bootstrap>", line 1050, in _gcd_import
  File "<frozen importlib._bootstrap>", line 1027, in _find_and_load
  File "<frozen importlib._bootstrap>", line 1006, in _find_and_load_unlocked
  File "<frozen importlib._bootstrap>", line 688, in _load_unlocked
  File "<frozen importlib._bootstrap_external>", line 883, in exec_module
  File "<frozen importlib._bootstrap>", line 241, in _call_with_frames_removed
  File "/home/sachit/Documents/VSCProjects/optimiseGEO/venv/lib/python3.10/site-packages/transformers/models/glmga/image_processing_glmga.py", line 24, in <module>
    from torchvision.transforms.v2 import functional as tvF
ModuleNotFoundError: No module named 'torchvision'
2026-07-29 20:21:07.779 Examining the path of transformers.models.glpn.image_processing_glpn_fast raised:
Traceback (most recent call last):
  File "/home/sachit/Documents/VSCProjects/optimiseGEO/venv/lib/python3.10/site-packages/streamlit/watcher/local_sources_watcher.py", line 340, in get_module_paths
    potential_paths = extract_paths(module)
  File "/home/sachit/Documents/VSCProjects/optimiseGEO/venv/lib/python3.10/site-packages/streamlit/watcher/local_sources_watcher.py", line 327, in <lambda>
    if hasattr(m, "__path__")
  File "/home/sachit/Documents/VSCProjects/optimiseGEO/venv/lib/python3.10/site-packages/transformers/__init__.py", line 862, in _getattr
    return getattr(importlib.import_module(target, __name__), name)
  File "/usr/lib/python3.10/importlib/__init__.py", line 126, in import_module
    return _bootstrap._gcd_import(name[level:], package, level)
  File "<frozen importlib._bootstrap>", line 1050, in _gcd_import
  File "<frozen importlib._bootstrap>", line 1027, in _find_and_load
  File "<frozen importlib._bootstrap>", line 1006, in _find_and_load_unlocked
  File "<frozen importlib._bootstrap>", line 688, in _load_unlocked
  File "<frozen importlib._bootstrap_external>", line 883, in exec_module
  File "<frozen importlib._bootstrap>", line 241, in _call_with_frames_removed
  File "/home/sachit/Documents/VSCProjects/optimiseGEO/venv/lib/python3.10/site-packages/transformers/models/glpn/image_processing_glpn.py", line 34, in <module>
    from torchvision.transforms.v2 import functional as tvF
ModuleNotFoundError: No module named 'torchvision'
2026-07-29 20:21:07.784 Examining the path of transformers.models.got_ocr2.image_processing_got_ocr2_fast raised:
Traceback (most recent call last):
  File "/home/sachit/Documents/VSCProjects/optimiseGEO/venv/lib/python3.10/site-packages/streamlit/watcher/local_sources_watcher.py", line 340, in get_module_paths
    potential_paths = extract_paths(module)
  File "/home/sachit/Documents/VSCProjects/optimiseGEO/venv/lib/python3.10/site-packages/streamlit/watcher/local_sources_watcher.py", line 327, in <lambda>
    if hasattr(m, "__path__")
  File "/home/sachit/Documents/VSCProjects/optimiseGEO/venv/lib/python3.10/site-packages/transformers/__init__.py", line 862, in _getattr
    return getattr(importlib.import_module(target, __name__), name)
  File "/usr/lib/python3.10/importlib/__init__.py", line 126, in import_module
    return _bootstrap._gcd_import(name[level:], package, level)
  File "<frozen importlib._bootstrap>", line 1050, in _gcd_import
  File "<frozen importlib._bootstrap>", line 1027, in _find_and_load
  File "<frozen importlib._bootstrap>", line 1006, in _find_and_load_unlocked
  File "<frozen importlib._bootstrap>", line 688, in _load_unlocked
  File "<frozen importlib._bootstrap_external>", line 883, in exec_module
  File "<frozen importlib._bootstrap>", line 241, in _call_with_frames_removed
  File "/home/sachit/Documents/VSCProjects/optimiseGEO/venv/lib/python3.10/site-packages/transformers/models/got_ocr2/image_processing_got_ocr2.py", line 19, in <module>
    from torchvision.transforms.v2 import functional as tvF
ModuleNotFoundError: No module named 'torchvision'
2026-07-29 20:21:07.787 Examining the path of transformers.models.grounding_dino.image_processing_grounding_dino_fast raised:
Traceback (most recent call last):
  File "/home/sachit/Documents/VSCProjects/optimiseGEO/venv/lib/python3.10/site-packages/streamlit/watcher/local_sources_watcher.py", line 340, in get_module_paths
    potential_paths = extract_paths(module)
  File "/home/sachit/Documents/VSCProjects/optimiseGEO/venv/lib/python3.10/site-packages/streamlit/watcher/local_sources_watcher.py", line 327, in <lambda>
    if hasattr(m, "__path__")
  File "/home/sachit/Documents/VSCProjects/optimiseGEO/venv/lib/python3.10/site-packages/transformers/__init__.py", line 862, in _getattr
    return getattr(importlib.import_module(target, __name__), name)
  File "/usr/lib/python3.10/importlib/__init__.py", line 126, in import_module
    return _bootstrap._gcd_import(name[level:], package, level)
  File "<frozen importlib._bootstrap>", line 1050, in _gcd_import
  File "<frozen importlib._bootstrap>", line 1027, in _find_and_load
  File "<frozen importlib._bootstrap>", line 1006, in _find_and_load_unlocked
  File "<frozen importlib._bootstrap>", line 688, in _load_unlocked
  File "<frozen importlib._bootstrap_external>", line 883, in exec_module
  File "<frozen importlib._bootstrap>", line 241, in _call_with_frames_removed
  File "/home/sachit/Documents/VSCProjects/optimiseGEO/venv/lib/python3.10/site-packages/transformers/models/grounding_dino/image_processing_grounding_dino.py", line 30, in <module>
    from torchvision.io import read_image
ModuleNotFoundError: No module named 'torchvision'
2026-07-29 20:21:07.793 Examining the path of transformers.models.hunyuan_vl.image_processing_hunyuan_vl_fast raised:
Traceback (most recent call last):
  File "/home/sachit/Documents/VSCProjects/optimiseGEO/venv/lib/python3.10/site-packages/streamlit/watcher/local_sources_watcher.py", line 340, in get_module_paths
    potential_paths = extract_paths(module)
  File "/home/sachit/Documents/VSCProjects/optimiseGEO/venv/lib/python3.10/site-packages/streamlit/watcher/local_sources_watcher.py", line 327, in <lambda>
    if hasattr(m, "__path__")
  File "/home/sachit/Documents/VSCProjects/optimiseGEO/venv/lib/python3.10/site-packages/transformers/__init__.py", line 862, in _getattr
    return getattr(importlib.import_module(target, __name__), name)
  File "/usr/lib/python3.10/importlib/__init__.py", line 126, in import_module
    return _bootstrap._gcd_import(name[level:], package, level)
  File "<frozen importlib._bootstrap>", line 1050, in _gcd_import
  File "<frozen importlib._bootstrap>", line 1027, in _find_and_load
  File "<frozen importlib._bootstrap>", line 1006, in _find_and_load_unlocked
  File "<frozen importlib._bootstrap>", line 688, in _load_unlocked
  File "<frozen importlib._bootstrap_external>", line 883, in exec_module
  File "<frozen importlib._bootstrap>", line 241, in _call_with_frames_removed
  File "/home/sachit/Documents/VSCProjects/optimiseGEO/venv/lib/python3.10/site-packages/transformers/models/hunyuan_vl/image_processing_hunyuan_vl.py", line 25, in <module>
    from torchvision.transforms.v2 import functional as tvF
ModuleNotFoundError: No module named 'torchvision'
2026-07-29 20:21:07.810 Examining the path of transformers.models.idefics2.image_processing_idefics2_fast raised:
Traceback (most recent call last):
  File "/home/sachit/Documents/VSCProjects/optimiseGEO/venv/lib/python3.10/site-packages/streamlit/watcher/local_sources_watcher.py", line 340, in get_module_paths
    potential_paths = extract_paths(module)
  File "/home/sachit/Documents/VSCProjects/optimiseGEO/venv/lib/python3.10/site-packages/streamlit/watcher/local_sources_watcher.py", line 327, in <lambda>
    if hasattr(m, "__path__")
  File "/home/sachit/Documents/VSCProjects/optimiseGEO/venv/lib/python3.10/site-packages/transformers/__init__.py", line 862, in _getattr
    return getattr(importlib.import_module(target, __name__), name)
  File "/usr/lib/python3.10/importlib/__init__.py", line 126, in import_module
    return _bootstrap._gcd_import(name[level:], package, level)
  File "<frozen importlib._bootstrap>", line 1050, in _gcd_import
  File "<frozen importlib._bootstrap>", line 1027, in _find_and_load
  File "<frozen importlib._bootstrap>", line 1006, in _find_and_load_unlocked
  File "<frozen importlib._bootstrap>", line 688, in _load_unlocked
  File "<frozen importlib._bootstrap_external>", line 883, in exec_module
  File "<frozen importlib._bootstrap>", line 241, in _call_with_frames_removed
  File "/home/sachit/Documents/VSCProjects/optimiseGEO/venv/lib/python3.10/site-packages/transformers/models/idefics2/image_processing_idefics2.py", line 37, in <module>
    from torchvision.transforms.v2 import functional as tvF
ModuleNotFoundError: No module named 'torchvision'
2026-07-29 20:21:07.815 Examining the path of transformers.models.idefics3.image_processing_idefics3_fast raised:
Traceback (most recent call last):
  File "/home/sachit/Documents/VSCProjects/optimiseGEO/venv/lib/python3.10/site-packages/streamlit/watcher/local_sources_watcher.py", line 340, in get_module_paths
    potential_paths = extract_paths(module)
  File "/home/sachit/Documents/VSCProjects/optimiseGEO/venv/lib/python3.10/site-packages/streamlit/watcher/local_sources_watcher.py", line 327, in <lambda>
    if hasattr(m, "__path__")
  File "/home/sachit/Documents/VSCProjects/optimiseGEO/venv/lib/python3.10/site-packages/transformers/__init__.py", line 862, in _getattr
    return getattr(importlib.import_module(target, __name__), name)
  File "/usr/lib/python3.10/importlib/__init__.py", line 126, in import_module
    return _bootstrap._gcd_import(name[level:], package, level)
  File "<frozen importlib._bootstrap>", line 1050, in _gcd_import
  File "<frozen importlib._bootstrap>", line 1027, in _find_and_load
  File "<frozen importlib._bootstrap>", line 1006, in _find_and_load_unlocked
  File "<frozen importlib._bootstrap>", line 688, in _load_unlocked
  File "<frozen importlib._bootstrap_external>", line 883, in exec_module
  File "<frozen importlib._bootstrap>", line 241, in _call_with_frames_removed
  File "/home/sachit/Documents/VSCProjects/optimiseGEO/venv/lib/python3.10/site-packages/transformers/models/idefics3/image_processing_idefics3.py", line 20, in <module>
    from torchvision.transforms.v2 import functional as tvF
ModuleNotFoundError: No module named 'torchvision'
2026-07-29 20:21:07.819 Examining the path of transformers.models.imagegpt.image_processing_imagegpt_fast raised:
Traceback (most recent call last):
  File "/home/sachit/Documents/VSCProjects/optimiseGEO/venv/lib/python3.10/site-packages/streamlit/watcher/local_sources_watcher.py", line 340, in get_module_paths
    potential_paths = extract_paths(module)
  File "/home/sachit/Documents/VSCProjects/optimiseGEO/venv/lib/python3.10/site-packages/streamlit/watcher/local_sources_watcher.py", line 327, in <lambda>
    if hasattr(m, "__path__")
  File "/home/sachit/Documents/VSCProjects/optimiseGEO/venv/lib/python3.10/site-packages/transformers/__init__.py", line 862, in _getattr
    return getattr(importlib.import_module(target, __name__), name)
  File "/usr/lib/python3.10/importlib/__init__.py", line 126, in import_module
    return _bootstrap._gcd_import(name[level:], package, level)
  File "<frozen importlib._bootstrap>", line 1050, in _gcd_import
  File "<frozen importlib._bootstrap>", line 1027, in _find_and_load
  File "<frozen importlib._bootstrap>", line 1006, in _find_and_load_unlocked
  File "<frozen importlib._bootstrap>", line 688, in _load_unlocked
  File "<frozen importlib._bootstrap_external>", line 883, in exec_module
  File "<frozen importlib._bootstrap>", line 241, in _call_with_frames_removed
  File "/home/sachit/Documents/VSCProjects/optimiseGEO/venv/lib/python3.10/site-packages/transformers/models/imagegpt/image_processing_imagegpt.py", line 20, in <module>
    from torchvision.transforms.v2 import functional as tvF
ModuleNotFoundError: No module named 'torchvision'
2026-07-29 20:21:07.822 Examining the path of transformers.models.inkling.image_processing_inkling_fast raised:
Traceback (most recent call last):
  File "/home/sachit/Documents/VSCProjects/optimiseGEO/venv/lib/python3.10/site-packages/streamlit/watcher/local_sources_watcher.py", line 340, in get_module_paths
    potential_paths = extract_paths(module)
  File "/home/sachit/Documents/VSCProjects/optimiseGEO/venv/lib/python3.10/site-packages/streamlit/watcher/local_sources_watcher.py", line 327, in <lambda>
    if hasattr(m, "__path__")
  File "/home/sachit/Documents/VSCProjects/optimiseGEO/venv/lib/python3.10/site-packages/transformers/__init__.py", line 862, in _getattr
    return getattr(importlib.import_module(target, __name__), name)
  File "/usr/lib/python3.10/importlib/__init__.py", line 126, in import_module
    return _bootstrap._gcd_import(name[level:], package, level)
  File "<frozen importlib._bootstrap>", line 1050, in _gcd_import
  File "<frozen importlib._bootstrap>", line 1027, in _find_and_load
  File "<frozen importlib._bootstrap>", line 1006, in _find_and_load_unlocked
  File "<frozen importlib._bootstrap>", line 688, in _load_unlocked
  File "<frozen importlib._bootstrap_external>", line 883, in exec_module
  File "<frozen importlib._bootstrap>", line 241, in _call_with_frames_removed
  File "/home/sachit/Documents/VSCProjects/optimiseGEO/venv/lib/python3.10/site-packages/transformers/models/inkling/image_processing_inkling.py", line 19, in <module>
    from torchvision.transforms.v2 import functional as tvF
ModuleNotFoundError: No module named 'torchvision'
2026-07-29 20:21:07.824 Examining the path of transformers.models.janus.image_processing_janus_fast raised:
Traceback (most recent call last):
  File "/home/sachit/Documents/VSCProjects/optimiseGEO/venv/lib/python3.10/site-packages/streamlit/watcher/local_sources_watcher.py", line 340, in get_module_paths
    potential_paths = extract_paths(module)
  File "/home/sachit/Documents/VSCProjects/optimiseGEO/venv/lib/python3.10/site-packages/streamlit/watcher/local_sources_watcher.py", line 327, in <lambda>
    if hasattr(m, "__path__")
  File "/home/sachit/Documents/VSCProjects/optimiseGEO/venv/lib/python3.10/site-packages/transformers/__init__.py", line 862, in _getattr
    return getattr(importlib.import_module(target, __name__), name)
  File "/usr/lib/python3.10/importlib/__init__.py", line 126, in import_module
    return _bootstrap._gcd_import(name[level:], package, level)
  File "<frozen importlib._bootstrap>", line 1050, in _gcd_import
  File "<frozen importlib._bootstrap>", line 1027, in _find_and_load
  File "<frozen importlib._bootstrap>", line 1006, in _find_and_load_unlocked
  File "<frozen importlib._bootstrap>", line 688, in _load_unlocked
  File "<frozen importlib._bootstrap_external>", line 883, in exec_module
  File "<frozen importlib._bootstrap>", line 241, in _call_with_frames_removed
  File "/home/sachit/Documents/VSCProjects/optimiseGEO/venv/lib/python3.10/site-packages/transformers/models/janus/image_processing_janus.py", line 17, in <module>
    import torchvision.transforms.v2.functional as tvF
ModuleNotFoundError: No module named 'torchvision'
2026-07-29 20:21:07.830 Examining the path of transformers.models.kimi_k25.image_processing_kimi_k25_fast raised:
Traceback (most recent call last):
  File "/home/sachit/Documents/VSCProjects/optimiseGEO/venv/lib/python3.10/site-packages/streamlit/watcher/local_sources_watcher.py", line 340, in get_module_paths
    potential_paths = extract_paths(module)
  File "/home/sachit/Documents/VSCProjects/optimiseGEO/venv/lib/python3.10/site-packages/streamlit/watcher/local_sources_watcher.py", line 327, in <lambda>
    if hasattr(m, "__path__")
  File "/home/sachit/Documents/VSCProjects/optimiseGEO/venv/lib/python3.10/site-packages/transformers/__init__.py", line 862, in _getattr
    return getattr(importlib.import_module(target, __name__), name)
  File "/usr/lib/python3.10/importlib/__init__.py", line 126, in import_module
    return _bootstrap._gcd_import(name[level:], package, level)
  File "<frozen importlib._bootstrap>", line 1050, in _gcd_import
  File "<frozen importlib._bootstrap>", line 1027, in _find_and_load
  File "<frozen importlib._bootstrap>", line 1006, in _find_and_load_unlocked
  File "<frozen importlib._bootstrap>", line 688, in _load_unlocked
  File "<frozen importlib._bootstrap_external>", line 883, in exec_module
  File "<frozen importlib._bootstrap>", line 241, in _call_with_frames_removed
  File "/home/sachit/Documents/VSCProjects/optimiseGEO/venv/lib/python3.10/site-packages/transformers/models/kimi_k25/image_processing_kimi_k25.py", line 19, in <module>
    from torchvision.transforms.v2 import functional as tvF
ModuleNotFoundError: No module named 'torchvision'
2026-07-29 20:21:07.841 Examining the path of transformers.models.layoutlmv2.image_processing_layoutlmv2_fast raised:
Traceback (most recent call last):
  File "/home/sachit/Documents/VSCProjects/optimiseGEO/venv/lib/python3.10/site-packages/streamlit/watcher/local_sources_watcher.py", line 340, in get_module_paths
    potential_paths = extract_paths(module)
  File "/home/sachit/Documents/VSCProjects/optimiseGEO/venv/lib/python3.10/site-packages/streamlit/watcher/local_sources_watcher.py", line 327, in <lambda>
    if hasattr(m, "__path__")
  File "/home/sachit/Documents/VSCProjects/optimiseGEO/venv/lib/python3.10/site-packages/transformers/__init__.py", line 862, in _getattr
    return getattr(importlib.import_module(target, __name__), name)
  File "/usr/lib/python3.10/importlib/__init__.py", line 126, in import_module
    return _bootstrap._gcd_import(name[level:], package, level)
  File "<frozen importlib._bootstrap>", line 1050, in _gcd_import
  File "<frozen importlib._bootstrap>", line 1027, in _find_and_load
  File "<frozen importlib._bootstrap>", line 1006, in _find_and_load_unlocked
  File "<frozen importlib._bootstrap>", line 688, in _load_unlocked
  File "<frozen importlib._bootstrap_external>", line 883, in exec_module
  File "<frozen importlib._bootstrap>", line 241, in _call_with_frames_removed
  File "/home/sachit/Documents/VSCProjects/optimiseGEO/venv/lib/python3.10/site-packages/transformers/models/layoutlmv2/image_processing_layoutlmv2.py", line 36, in <module>
    from torchvision.transforms.v2 import functional as tvF
ModuleNotFoundError: No module named 'torchvision'
2026-07-29 20:21:07.846 Examining the path of transformers.models.layoutlmv3.image_processing_layoutlmv3_fast raised:
Traceback (most recent call last):
  File "/home/sachit/Documents/VSCProjects/optimiseGEO/venv/lib/python3.10/site-packages/streamlit/watcher/local_sources_watcher.py", line 340, in get_module_paths
    potential_paths = extract_paths(module)
  File "/home/sachit/Documents/VSCProjects/optimiseGEO/venv/lib/python3.10/site-packages/streamlit/watcher/local_sources_watcher.py", line 327, in <lambda>
    if hasattr(m, "__path__")
  File "/home/sachit/Documents/VSCProjects/optimiseGEO/venv/lib/python3.10/site-packages/transformers/__init__.py", line 862, in _getattr
    return getattr(importlib.import_module(target, __name__), name)
  File "/usr/lib/python3.10/importlib/__init__.py", line 126, in import_module
    return _bootstrap._gcd_import(name[level:], package, level)
  File "<frozen importlib._bootstrap>", line 1050, in _gcd_import
  File "<frozen importlib._bootstrap>", line 1027, in _find_and_load
  File "<frozen importlib._bootstrap>", line 1006, in _find_and_load_unlocked
  File "<frozen importlib._bootstrap>", line 688, in _load_unlocked
  File "<frozen importlib._bootstrap_external>", line 883, in exec_module
  File "<frozen importlib._bootstrap>", line 241, in _call_with_frames_removed
  File "/home/sachit/Documents/VSCProjects/optimiseGEO/venv/lib/python3.10/site-packages/transformers/models/layoutlmv3/image_processing_layoutlmv3.py", line 42, in <module>
    from torchvision.transforms.v2 import functional as tvF
ModuleNotFoundError: No module named 'torchvision'
2026-07-29 20:21:07.850 Examining the path of transformers.models.levit.image_processing_levit_fast raised:
Traceback (most recent call last):
  File "/home/sachit/Documents/VSCProjects/optimiseGEO/venv/lib/python3.10/site-packages/streamlit/watcher/local_sources_watcher.py", line 340, in get_module_paths
    potential_paths = extract_paths(module)
  File "/home/sachit/Documents/VSCProjects/optimiseGEO/venv/lib/python3.10/site-packages/streamlit/watcher/local_sources_watcher.py", line 327, in <lambda>
    if hasattr(m, "__path__")
  File "/home/sachit/Documents/VSCProjects/optimiseGEO/venv/lib/python3.10/site-packages/transformers/__init__.py", line 862, in _getattr
    return getattr(importlib.import_module(target, __name__), name)
  File "/usr/lib/python3.10/importlib/__init__.py", line 126, in import_module
    return _bootstrap._gcd_import(name[level:], package, level)
  File "<frozen importlib._bootstrap>", line 1050, in _gcd_import
  File "<frozen importlib._bootstrap>", line 1027, in _find_and_load
  File "<frozen importlib._bootstrap>", line 1006, in _find_and_load_unlocked
  File "<frozen importlib._bootstrap>", line 688, in _load_unlocked
  File "<frozen importlib._bootstrap_external>", line 883, in exec_module
  File "<frozen importlib._bootstrap>", line 241, in _call_with_frames_removed
  File "/home/sachit/Documents/VSCProjects/optimiseGEO/venv/lib/python3.10/site-packages/transformers/models/levit/image_processing_levit.py", line 17, in <module>
    from torchvision.transforms.v2 import functional as tvF
ModuleNotFoundError: No module named 'torchvision'
2026-07-29 20:21:07.852 Examining the path of transformers.models.lfm2_vl.image_processing_lfm2_vl_fast raised:
Traceback (most recent call last):
  File "/home/sachit/Documents/VSCProjects/optimiseGEO/venv/lib/python3.10/site-packages/streamlit/watcher/local_sources_watcher.py", line 340, in get_module_paths
    potential_paths = extract_paths(module)
  File "/home/sachit/Documents/VSCProjects/optimiseGEO/venv/lib/python3.10/site-packages/streamlit/watcher/local_sources_watcher.py", line 327, in <lambda>
    if hasattr(m, "__path__")
  File "/home/sachit/Documents/VSCProjects/optimiseGEO/venv/lib/python3.10/site-packages/transformers/__init__.py", line 862, in _getattr
    return getattr(importlib.import_module(target, __name__), name)
  File "/usr/lib/python3.10/importlib/__init__.py", line 126, in import_module
    return _bootstrap._gcd_import(name[level:], package, level)
  File "<frozen importlib._bootstrap>", line 1050, in _gcd_import
  File "<frozen importlib._bootstrap>", line 1027, in _find_and_load
  File "<frozen importlib._bootstrap>", line 1006, in _find_and_load_unlocked
  File "<frozen importlib._bootstrap>", line 688, in _load_unlocked
  File "<frozen importlib._bootstrap_external>", line 883, in exec_module
  File "<frozen importlib._bootstrap>", line 241, in _call_with_frames_removed
  File "/home/sachit/Documents/VSCProjects/optimiseGEO/venv/lib/python3.10/site-packages/transformers/models/lfm2_vl/image_processing_lfm2_vl.py", line 18, in <module>
    from torchvision.transforms.v2 import functional as tvF
ModuleNotFoundError: No module named 'torchvision'
2026-07-29 20:21:07.853 Examining the path of transformers.models.lightglue.image_processing_lightglue_fast raised:
Traceback (most recent call last):
  File "/home/sachit/Documents/VSCProjects/optimiseGEO/venv/lib/python3.10/site-packages/streamlit/watcher/local_sources_watcher.py", line 340, in get_module_paths
    potential_paths = extract_paths(module)
  File "/home/sachit/Documents/VSCProjects/optimiseGEO/venv/lib/python3.10/site-packages/streamlit/watcher/local_sources_watcher.py", line 327, in <lambda>
    if hasattr(m, "__path__")
  File "/home/sachit/Documents/VSCProjects/optimiseGEO/venv/lib/python3.10/site-packages/transformers/__init__.py", line 862, in _getattr
    return getattr(importlib.import_module(target, __name__), name)
  File "/usr/lib/python3.10/importlib/__init__.py", line 126, in import_module
    return _bootstrap._gcd_import(name[level:], package, level)
  File "<frozen importlib._bootstrap>", line 1050, in _gcd_import
  File "<frozen importlib._bootstrap>", line 1027, in _find_and_load
  File "<frozen importlib._bootstrap>", line 1006, in _find_and_load_unlocked
  File "<frozen importlib._bootstrap>", line 688, in _load_unlocked
  File "<frozen importlib._bootstrap_external>", line 883, in exec_module
  File "<frozen importlib._bootstrap>", line 241, in _call_with_frames_removed
  File "/home/sachit/Documents/VSCProjects/optimiseGEO/venv/lib/python3.10/site-packages/transformers/models/lightglue/image_processing_lightglue.py", line 24, in <module>
    from torchvision.transforms.v2 import functional as tvF
ModuleNotFoundError: No module named 'torchvision'
2026-07-29 20:21:07.859 Examining the path of transformers.models.llama4.image_processing_llama4_fast raised:
Traceback (most recent call last):
  File "/home/sachit/Documents/VSCProjects/optimiseGEO/venv/lib/python3.10/site-packages/streamlit/watcher/local_sources_watcher.py", line 340, in get_module_paths
    potential_paths = extract_paths(module)
  File "/home/sachit/Documents/VSCProjects/optimiseGEO/venv/lib/python3.10/site-packages/streamlit/watcher/local_sources_watcher.py", line 327, in <lambda>
    if hasattr(m, "__path__")
  File "/home/sachit/Documents/VSCProjects/optimiseGEO/venv/lib/python3.10/site-packages/transformers/__init__.py", line 862, in _getattr
    return getattr(importlib.import_module(target, __name__), name)
  File "/usr/lib/python3.10/importlib/__init__.py", line 126, in import_module
    return _bootstrap._gcd_import(name[level:], package, level)
  File "<frozen importlib._bootstrap>", line 1050, in _gcd_import
  File "<frozen importlib._bootstrap>", line 1027, in _find_and_load
  File "<frozen importlib._bootstrap>", line 1006, in _find_and_load_unlocked
  File "<frozen importlib._bootstrap>", line 688, in _load_unlocked
  File "<frozen importlib._bootstrap_external>", line 883, in exec_module
  File "<frozen importlib._bootstrap>", line 241, in _call_with_frames_removed
  File "/home/sachit/Documents/VSCProjects/optimiseGEO/venv/lib/python3.10/site-packages/transformers/models/llama4/image_processing_llama4.py", line 21, in <module>
    from torchvision.transforms.v2 import functional as tvF
ModuleNotFoundError: No module named 'torchvision'
2026-07-29 20:21:07.860 Examining the path of transformers.models.llava.image_processing_llava_fast raised:
Traceback (most recent call last):
  File "/home/sachit/Documents/VSCProjects/optimiseGEO/venv/lib/python3.10/site-packages/streamlit/watcher/local_sources_watcher.py", line 340, in get_module_paths
    potential_paths = extract_paths(module)
  File "/home/sachit/Documents/VSCProjects/optimiseGEO/venv/lib/python3.10/site-packages/streamlit/watcher/local_sources_watcher.py", line 327, in <lambda>
    if hasattr(m, "__path__")
  File "/home/sachit/Documents/VSCProjects/optimiseGEO/venv/lib/python3.10/site-packages/transformers/__init__.py", line 862, in _getattr
    return getattr(importlib.import_module(target, __name__), name)
  File "/usr/lib/python3.10/importlib/__init__.py", line 126, in import_module
    return _bootstrap._gcd_import(name[level:], package, level)
  File "<frozen importlib._bootstrap>", line 1050, in _gcd_import
  File "<frozen importlib._bootstrap>", line 1027, in _find_and_load
  File "<frozen importlib._bootstrap>", line 1006, in _find_and_load_unlocked
  File "<frozen importlib._bootstrap>", line 688, in _load_unlocked
  File "<frozen importlib._bootstrap_external>", line 883, in exec_module
  File "<frozen importlib._bootstrap>", line 241, in _call_with_frames_removed
  File "/home/sachit/Documents/VSCProjects/optimiseGEO/venv/lib/python3.10/site-packages/transformers/models/llava/image_processing_llava.py", line 19, in <module>
    from torchvision.transforms.v2 import functional as tvF
ModuleNotFoundError: No module named 'torchvision'
2026-07-29 20:21:07.862 Examining the path of transformers.models.llava_next.image_processing_llava_next_fast raised:
Traceback (most recent call last):
  File "/home/sachit/Documents/VSCProjects/optimiseGEO/venv/lib/python3.10/site-packages/streamlit/watcher/local_sources_watcher.py", line 340, in get_module_paths
    potential_paths = extract_paths(module)
  File "/home/sachit/Documents/VSCProjects/optimiseGEO/venv/lib/python3.10/site-packages/streamlit/watcher/local_sources_watcher.py", line 327, in <lambda>
    if hasattr(m, "__path__")
  File "/home/sachit/Documents/VSCProjects/optimiseGEO/venv/lib/python3.10/site-packages/transformers/__init__.py", line 862, in _getattr
    return getattr(importlib.import_module(target, __name__), name)
  File "/usr/lib/python3.10/importlib/__init__.py", line 126, in import_module
    return _bootstrap._gcd_import(name[level:], package, level)
  File "<frozen importlib._bootstrap>", line 1050, in _gcd_import
  File "<frozen importlib._bootstrap>", line 1027, in _find_and_load
  File "<frozen importlib._bootstrap>", line 1006, in _find_and_load_unlocked
  File "<frozen importlib._bootstrap>", line 688, in _load_unlocked
  File "<frozen importlib._bootstrap_external>", line 883, in exec_module
  File "<frozen importlib._bootstrap>", line 241, in _call_with_frames_removed
  File "/home/sachit/Documents/VSCProjects/optimiseGEO/venv/lib/python3.10/site-packages/transformers/models/llava_next/image_processing_llava_next.py", line 19, in <module>
    from torchvision.transforms.v2 import functional as tvF
ModuleNotFoundError: No module named 'torchvision'
2026-07-29 20:21:07.867 Examining the path of transformers.models.llava_onevision.image_processing_llava_onevision_fast raised:
Traceback (most recent call last):
  File "/home/sachit/Documents/VSCProjects/optimiseGEO/venv/lib/python3.10/site-packages/streamlit/watcher/local_sources_watcher.py", line 340, in get_module_paths
    potential_paths = extract_paths(module)
  File "/home/sachit/Documents/VSCProjects/optimiseGEO/venv/lib/python3.10/site-packages/streamlit/watcher/local_sources_watcher.py", line 327, in <lambda>
    if hasattr(m, "__path__")
  File "/home/sachit/Documents/VSCProjects/optimiseGEO/venv/lib/python3.10/site-packages/transformers/__init__.py", line 862, in _getattr
    return getattr(importlib.import_module(target, __name__), name)
  File "/usr/lib/python3.10/importlib/__init__.py", line 126, in import_module
    return _bootstrap._gcd_import(name[level:], package, level)
  File "<frozen importlib._bootstrap>", line 1050, in _gcd_import
  File "<frozen importlib._bootstrap>", line 1027, in _find_and_load
  File "<frozen importlib._bootstrap>", line 1006, in _find_and_load_unlocked
  File "<frozen importlib._bootstrap>", line 688, in _load_unlocked
  File "<frozen importlib._bootstrap_external>", line 883, in exec_module
  File "<frozen importlib._bootstrap>", line 241, in _call_with_frames_removed
  File "/home/sachit/Documents/VSCProjects/optimiseGEO/venv/lib/python3.10/site-packages/transformers/models/llava_onevision/image_processing_llava_onevision.py", line 24, in <module>
    import torchvision.transforms.v2.functional as tvF
ModuleNotFoundError: No module named 'torchvision'
2026-07-29 20:21:07.871 Examining the path of transformers.models.mask2former.image_processing_mask2former_fast raised:
Traceback (most recent call last):
  File "/home/sachit/Documents/VSCProjects/optimiseGEO/venv/lib/python3.10/site-packages/streamlit/watcher/local_sources_watcher.py", line 340, in get_module_paths
    potential_paths = extract_paths(module)
  File "/home/sachit/Documents/VSCProjects/optimiseGEO/venv/lib/python3.10/site-packages/streamlit/watcher/local_sources_watcher.py", line 327, in <lambda>
    if hasattr(m, "__path__")
  File "/home/sachit/Documents/VSCProjects/optimiseGEO/venv/lib/python3.10/site-packages/transformers/__init__.py", line 862, in _getattr
    return getattr(importlib.import_module(target, __name__), name)
  File "/usr/lib/python3.10/importlib/__init__.py", line 126, in import_module
    return _bootstrap._gcd_import(name[level:], package, level)
  File "<frozen importlib._bootstrap>", line 1050, in _gcd_import
  File "<frozen importlib._bootstrap>", line 1027, in _find_and_load
  File "<frozen importlib._bootstrap>", line 1006, in _find_and_load_unlocked
  File "<frozen importlib._bootstrap>", line 688, in _load_unlocked
  File "<frozen importlib._bootstrap_external>", line 883, in exec_module
  File "<frozen importlib._bootstrap>", line 241, in _call_with_frames_removed
  File "/home/sachit/Documents/VSCProjects/optimiseGEO/venv/lib/python3.10/site-packages/transformers/models/mask2former/image_processing_mask2former.py", line 27, in <module>
    from torchvision.transforms.v2 import functional as tvF
ModuleNotFoundError: No module named 'torchvision'
2026-07-29 20:21:07.877 Examining the path of transformers.models.maskformer.image_processing_maskformer_fast raised:
Traceback (most recent call last):
  File "/home/sachit/Documents/VSCProjects/optimiseGEO/venv/lib/python3.10/site-packages/streamlit/watcher/local_sources_watcher.py", line 340, in get_module_paths
    potential_paths = extract_paths(module)
  File "/home/sachit/Documents/VSCProjects/optimiseGEO/venv/lib/python3.10/site-packages/streamlit/watcher/local_sources_watcher.py", line 327, in <lambda>
    if hasattr(m, "__path__")
  File "/home/sachit/Documents/VSCProjects/optimiseGEO/venv/lib/python3.10/site-packages/transformers/__init__.py", line 862, in _getattr
    return getattr(importlib.import_module(target, __name__), name)
  File "/usr/lib/python3.10/importlib/__init__.py", line 126, in import_module
    return _bootstrap._gcd_import(name[level:], package, level)
  File "<frozen importlib._bootstrap>", line 1050, in _gcd_import
  File "<frozen importlib._bootstrap>", line 1027, in _find_and_load
  File "<frozen importlib._bootstrap>", line 1006, in _find_and_load_unlocked
  File "<frozen importlib._bootstrap>", line 688, in _load_unlocked
  File "<frozen importlib._bootstrap_external>", line 883, in exec_module
  File "<frozen importlib._bootstrap>", line 241, in _call_with_frames_removed
  File "/home/sachit/Documents/VSCProjects/optimiseGEO/venv/lib/python3.10/site-packages/transformers/models/maskformer/image_processing_maskformer.py", line 22, in <module>
    from torchvision.transforms.v2 import functional as tvF
ModuleNotFoundError: No module named 'torchvision'
2026-07-29 20:21:07.890 Examining the path of transformers.models.minimax_m3_vl.image_processing_minimax_m3_vl_fast raised:
Traceback (most recent call last):
  File "/home/sachit/Documents/VSCProjects/optimiseGEO/venv/lib/python3.10/site-packages/streamlit/watcher/local_sources_watcher.py", line 340, in get_module_paths
    potential_paths = extract_paths(module)
  File "/home/sachit/Documents/VSCProjects/optimiseGEO/venv/lib/python3.10/site-packages/streamlit/watcher/local_sources_watcher.py", line 327, in <lambda>
    if hasattr(m, "__path__")
  File "/home/sachit/Documents/VSCProjects/optimiseGEO/venv/lib/python3.10/site-packages/transformers/__init__.py", line 862, in _getattr
    return getattr(importlib.import_module(target, __name__), name)
  File "/usr/lib/python3.10/importlib/__init__.py", line 126, in import_module
    return _bootstrap._gcd_import(name[level:], package, level)
  File "<frozen importlib._bootstrap>", line 1050, in _gcd_import
  File "<frozen importlib._bootstrap>", line 1027, in _find_and_load
  File "<frozen importlib._bootstrap>", line 1006, in _find_and_load_unlocked
  File "<frozen importlib._bootstrap>", line 688, in _load_unlocked
  File "<frozen importlib._bootstrap_external>", line 883, in exec_module
  File "<frozen importlib._bootstrap>", line 241, in _call_with_frames_removed
  File "/home/sachit/Documents/VSCProjects/optimiseGEO/venv/lib/python3.10/site-packages/transformers/models/minimax_m3_vl/image_processing_minimax_m3_vl.py", line 18, in <module>
    from torchvision.transforms.v2 import functional as tvF
ModuleNotFoundError: No module named 'torchvision'
2026-07-29 20:21:07.892 Examining the path of transformers.models.mllama.image_processing_mllama_fast raised:
Traceback (most recent call last):
  File "/home/sachit/Documents/VSCProjects/optimiseGEO/venv/lib/python3.10/site-packages/streamlit/watcher/local_sources_watcher.py", line 340, in get_module_paths
    potential_paths = extract_paths(module)
  File "/home/sachit/Documents/VSCProjects/optimiseGEO/venv/lib/python3.10/site-packages/streamlit/watcher/local_sources_watcher.py", line 327, in <lambda>
    if hasattr(m, "__path__")
  File "/home/sachit/Documents/VSCProjects/optimiseGEO/venv/lib/python3.10/site-packages/transformers/__init__.py", line 862, in _getattr
    return getattr(importlib.import_module(target, __name__), name)
  File "/usr/lib/python3.10/importlib/__init__.py", line 126, in import_module
    return _bootstrap._gcd_import(name[level:], package, level)
  File "<frozen importlib._bootstrap>", line 1050, in _gcd_import
  File "<frozen importlib._bootstrap>", line 1027, in _find_and_load
  File "<frozen importlib._bootstrap>", line 1006, in _find_and_load_unlocked
  File "<frozen importlib._bootstrap>", line 688, in _load_unlocked
  File "<frozen importlib._bootstrap_external>", line 883, in exec_module
  File "<frozen importlib._bootstrap>", line 241, in _call_with_frames_removed
  File "/home/sachit/Documents/VSCProjects/optimiseGEO/venv/lib/python3.10/site-packages/transformers/models/mllama/image_processing_mllama.py", line 40, in <module>
    from torchvision.transforms.v2 import functional as tvF
ModuleNotFoundError: No module named 'torchvision'
2026-07-29 20:21:07.900 Examining the path of transformers.models.mobilenet_v2.image_processing_mobilenet_v2_fast raised:
Traceback (most recent call last):
  File "/home/sachit/Documents/VSCProjects/optimiseGEO/venv/lib/python3.10/site-packages/streamlit/watcher/local_sources_watcher.py", line 340, in get_module_paths
    potential_paths = extract_paths(module)
  File "/home/sachit/Documents/VSCProjects/optimiseGEO/venv/lib/python3.10/site-packages/streamlit/watcher/local_sources_watcher.py", line 327, in <lambda>
    if hasattr(m, "__path__")
  File "/home/sachit/Documents/VSCProjects/optimiseGEO/venv/lib/python3.10/site-packages/transformers/__init__.py", line 862, in _getattr
    return getattr(importlib.import_module(target, __name__), name)
  File "/usr/lib/python3.10/importlib/__init__.py", line 126, in import_module
    return _bootstrap._gcd_import(name[level:], package, level)
  File "<frozen importlib._bootstrap>", line 1050, in _gcd_import
  File "<frozen importlib._bootstrap>", line 1027, in _find_and_load
  File "<frozen importlib._bootstrap>", line 1006, in _find_and_load_unlocked
  File "<frozen importlib._bootstrap>", line 688, in _load_unlocked
  File "<frozen importlib._bootstrap_external>", line 883, in exec_module
  File "<frozen importlib._bootstrap>", line 241, in _call_with_frames_removed
  File "/home/sachit/Documents/VSCProjects/optimiseGEO/venv/lib/python3.10/site-packages/transformers/models/mobilenet_v2/image_processing_mobilenet_v2.py", line 19, in <module>
    from torchvision.transforms.v2 import functional as tvF
ModuleNotFoundError: No module named 'torchvision'
2026-07-29 20:21:07.904 Examining the path of transformers.models.mobilevit.image_processing_mobilevit_fast raised:
Traceback (most recent call last):
  File "/home/sachit/Documents/VSCProjects/optimiseGEO/venv/lib/python3.10/site-packages/streamlit/watcher/local_sources_watcher.py", line 340, in get_module_paths
    potential_paths = extract_paths(module)
  File "/home/sachit/Documents/VSCProjects/optimiseGEO/venv/lib/python3.10/site-packages/streamlit/watcher/local_sources_watcher.py", line 327, in <lambda>
    if hasattr(m, "__path__")
  File "/home/sachit/Documents/VSCProjects/optimiseGEO/venv/lib/python3.10/site-packages/transformers/__init__.py", line 862, in _getattr
    return getattr(importlib.import_module(target, __name__), name)
  File "/usr/lib/python3.10/importlib/__init__.py", line 126, in import_module
    return _bootstrap._gcd_import(name[level:], package, level)
  File "<frozen importlib._bootstrap>", line 1050, in _gcd_import
  File "<frozen importlib._bootstrap>", line 1027, in _find_and_load
  File "<frozen importlib._bootstrap>", line 1006, in _find_and_load_unlocked
  File "<frozen importlib._bootstrap>", line 688, in _load_unlocked
  File "<frozen importlib._bootstrap_external>", line 883, in exec_module
  File "<frozen importlib._bootstrap>", line 241, in _call_with_frames_removed
  File "/home/sachit/Documents/VSCProjects/optimiseGEO/venv/lib/python3.10/site-packages/transformers/models/mobilevit/image_processing_mobilevit.py", line 19, in <module>
    from torchvision.transforms.v2 import functional as tvF
ModuleNotFoundError: No module named 'torchvision'
2026-07-29 20:21:07.909 Examining the path of transformers.models.nougat.image_processing_nougat_fast raised:
Traceback (most recent call last):
  File "/home/sachit/Documents/VSCProjects/optimiseGEO/venv/lib/python3.10/site-packages/streamlit/watcher/local_sources_watcher.py", line 340, in get_module_paths
    potential_paths = extract_paths(module)
  File "/home/sachit/Documents/VSCProjects/optimiseGEO/venv/lib/python3.10/site-packages/streamlit/watcher/local_sources_watcher.py", line 327, in <lambda>
    if hasattr(m, "__path__")
  File "/home/sachit/Documents/VSCProjects/optimiseGEO/venv/lib/python3.10/site-packages/transformers/__init__.py", line 862, in _getattr
    return getattr(importlib.import_module(target, __name__), name)
  File "/usr/lib/python3.10/importlib/__init__.py", line 126, in import_module
    return _bootstrap._gcd_import(name[level:], package, level)
  File "<frozen importlib._bootstrap>", line 1050, in _gcd_import
  File "<frozen importlib._bootstrap>", line 1027, in _find_and_load
  File "<frozen importlib._bootstrap>", line 1006, in _find_and_load_unlocked
  File "<frozen importlib._bootstrap>", line 688, in _load_unlocked
  File "<frozen importlib._bootstrap_external>", line 883, in exec_module
  File "<frozen importlib._bootstrap>", line 241, in _call_with_frames_removed
  File "/home/sachit/Documents/VSCProjects/optimiseGEO/venv/lib/python3.10/site-packages/transformers/models/nougat/image_processing_nougat.py", line 17, in <module>
    from torchvision.transforms.v2 import functional as tvF
ModuleNotFoundError: No module named 'torchvision'
2026-07-29 20:21:07.915 Examining the path of transformers.models.oneformer.image_processing_oneformer_fast raised:
Traceback (most recent call last):
  File "/home/sachit/Documents/VSCProjects/optimiseGEO/venv/lib/python3.10/site-packages/streamlit/watcher/local_sources_watcher.py", line 340, in get_module_paths
    potential_paths = extract_paths(module)
  File "/home/sachit/Documents/VSCProjects/optimiseGEO/venv/lib/python3.10/site-packages/streamlit/watcher/local_sources_watcher.py", line 327, in <lambda>
    if hasattr(m, "__path__")
  File "/home/sachit/Documents/VSCProjects/optimiseGEO/venv/lib/python3.10/site-packages/transformers/__init__.py", line 862, in _getattr
    return getattr(importlib.import_module(target, __name__), name)
  File "/usr/lib/python3.10/importlib/__init__.py", line 126, in import_module
    return _bootstrap._gcd_import(name[level:], package, level)
  File "<frozen importlib._bootstrap>", line 1050, in _gcd_import
  File "<frozen importlib._bootstrap>", line 1027, in _find_and_load
  File "<frozen importlib._bootstrap>", line 1006, in _find_and_load_unlocked
  File "<frozen importlib._bootstrap>", line 688, in _load_unlocked
  File "<frozen importlib._bootstrap_external>", line 883, in exec_module
  File "<frozen importlib._bootstrap>", line 241, in _call_with_frames_removed
  File "/home/sachit/Documents/VSCProjects/optimiseGEO/venv/lib/python3.10/site-packages/transformers/models/oneformer/image_processing_oneformer.py", line 23, in <module>
    from torchvision.transforms.v2 import functional as tvF
ModuleNotFoundError: No module named 'torchvision'
2026-07-29 20:21:07.922 Examining the path of transformers.models.ovis2.image_processing_ovis2_fast raised:
Traceback (most recent call last):
  File "/home/sachit/Documents/VSCProjects/optimiseGEO/venv/lib/python3.10/site-packages/streamlit/watcher/local_sources_watcher.py", line 340, in get_module_paths
    potential_paths = extract_paths(module)
  File "/home/sachit/Documents/VSCProjects/optimiseGEO/venv/lib/python3.10/site-packages/streamlit/watcher/local_sources_watcher.py", line 327, in <lambda>
    if hasattr(m, "__path__")
  File "/home/sachit/Documents/VSCProjects/optimiseGEO/venv/lib/python3.10/site-packages/transformers/__init__.py", line 862, in _getattr
    return getattr(importlib.import_module(target, __name__), name)
  File "/usr/lib/python3.10/importlib/__init__.py", line 126, in import_module
    return _bootstrap._gcd_import(name[level:], package, level)
  File "<frozen importlib._bootstrap>", line 1050, in _gcd_import
  File "<frozen importlib._bootstrap>", line 1027, in _find_and_load
  File "<frozen importlib._bootstrap>", line 1006, in _find_and_load_unlocked
  File "<frozen importlib._bootstrap>", line 688, in _load_unlocked
  File "<frozen importlib._bootstrap_external>", line 883, in exec_module
  File "<frozen importlib._bootstrap>", line 241, in _call_with_frames_removed
  File "/home/sachit/Documents/VSCProjects/optimiseGEO/venv/lib/python3.10/site-packages/transformers/models/ovis2/image_processing_ovis2.py", line 19, in <module>
    from torchvision.transforms.v2 import functional as tvF
ModuleNotFoundError: No module named 'torchvision'
2026-07-29 20:21:07.930 Examining the path of transformers.models.owlv2.image_processing_owlv2_fast raised:
Traceback (most recent call last):
  File "/home/sachit/Documents/VSCProjects/optimiseGEO/venv/lib/python3.10/site-packages/streamlit/watcher/local_sources_watcher.py", line 340, in get_module_paths
    potential_paths = extract_paths(module)
  File "/home/sachit/Documents/VSCProjects/optimiseGEO/venv/lib/python3.10/site-packages/streamlit/watcher/local_sources_watcher.py", line 327, in <lambda>
    if hasattr(m, "__path__")
  File "/home/sachit/Documents/VSCProjects/optimiseGEO/venv/lib/python3.10/site-packages/transformers/__init__.py", line 862, in _getattr
    return getattr(importlib.import_module(target, __name__), name)
  File "/usr/lib/python3.10/importlib/__init__.py", line 126, in import_module
    return _bootstrap._gcd_import(name[level:], package, level)
  File "<frozen importlib._bootstrap>", line 1050, in _gcd_import
  File "<frozen importlib._bootstrap>", line 1027, in _find_and_load
  File "<frozen importlib._bootstrap>", line 1006, in _find_and_load_unlocked
  File "<frozen importlib._bootstrap>", line 688, in _load_unlocked
  File "<frozen importlib._bootstrap_external>", line 883, in exec_module
  File "<frozen importlib._bootstrap>", line 241, in _call_with_frames_removed
  File "/home/sachit/Documents/VSCProjects/optimiseGEO/venv/lib/python3.10/site-packages/transformers/models/owlv2/image_processing_owlv2.py", line 25, in <module>
    import torchvision.transforms.v2.functional as tvF
ModuleNotFoundError: No module named 'torchvision'
2026-07-29 20:21:07.940 Examining the path of transformers.models.perceiver.image_processing_perceiver_fast raised:
Traceback (most recent call last):
  File "/home/sachit/Documents/VSCProjects/optimiseGEO/venv/lib/python3.10/site-packages/streamlit/watcher/local_sources_watcher.py", line 340, in get_module_paths
    potential_paths = extract_paths(module)
  File "/home/sachit/Documents/VSCProjects/optimiseGEO/venv/lib/python3.10/site-packages/streamlit/watcher/local_sources_watcher.py", line 327, in <lambda>
    if hasattr(m, "__path__")
  File "/home/sachit/Documents/VSCProjects/optimiseGEO/venv/lib/python3.10/site-packages/transformers/__init__.py", line 862, in _getattr
    return getattr(importlib.import_module(target, __name__), name)
  File "/usr/lib/python3.10/importlib/__init__.py", line 126, in import_module
    return _bootstrap._gcd_import(name[level:], package, level)
  File "<frozen importlib._bootstrap>", line 1050, in _gcd_import
  File "<frozen importlib._bootstrap>", line 1027, in _find_and_load
  File "<frozen importlib._bootstrap>", line 1006, in _find_and_load_unlocked
  File "<frozen importlib._bootstrap>", line 688, in _load_unlocked
  File "<frozen importlib._bootstrap_external>", line 883, in exec_module
  File "<frozen importlib._bootstrap>", line 241, in _call_with_frames_removed
  File "/home/sachit/Documents/VSCProjects/optimiseGEO/venv/lib/python3.10/site-packages/transformers/models/perceiver/image_processing_perceiver.py", line 17, in <module>
    from torchvision.transforms.v2 import functional as tvF
ModuleNotFoundError: No module named 'torchvision'
2026-07-29 20:21:07.942 Examining the path of transformers.models.perception_lm.image_processing_perception_lm_fast raised:
Traceback (most recent call last):
  File "/home/sachit/Documents/VSCProjects/optimiseGEO/venv/lib/python3.10/site-packages/streamlit/watcher/local_sources_watcher.py", line 340, in get_module_paths
    potential_paths = extract_paths(module)
  File "/home/sachit/Documents/VSCProjects/optimiseGEO/venv/lib/python3.10/site-packages/streamlit/watcher/local_sources_watcher.py", line 327, in <lambda>
    if hasattr(m, "__path__")
  File "/home/sachit/Documents/VSCProjects/optimiseGEO/venv/lib/python3.10/site-packages/transformers/__init__.py", line 862, in _getattr
    return getattr(importlib.import_module(target, __name__), name)
  File "/usr/lib/python3.10/importlib/__init__.py", line 126, in import_module
    return _bootstrap._gcd_import(name[level:], package, level)
  File "<frozen importlib._bootstrap>", line 1050, in _gcd_import
  File "<frozen importlib._bootstrap>", line 1027, in _find_and_load
  File "<frozen importlib._bootstrap>", line 1006, in _find_and_load_unlocked
  File "<frozen importlib._bootstrap>", line 688, in _load_unlocked
  File "<frozen importlib._bootstrap_external>", line 883, in exec_module
  File "<frozen importlib._bootstrap>", line 241, in _call_with_frames_removed
  File "/home/sachit/Documents/VSCProjects/optimiseGEO/venv/lib/python3.10/site-packages/transformers/models/perception_lm/image_processing_perception_lm.py", line 19, in <module>
    from torchvision.transforms.v2 import functional as tvF
ModuleNotFoundError: No module named 'torchvision'
2026-07-29 20:21:07.944 Examining the path of transformers.models.phi4_multimodal.image_processing_phi4_multimodal_fast raised:
Traceback (most recent call last):
  File "/home/sachit/Documents/VSCProjects/optimiseGEO/venv/lib/python3.10/site-packages/streamlit/watcher/local_sources_watcher.py", line 340, in get_module_paths
    potential_paths = extract_paths(module)
  File "/home/sachit/Documents/VSCProjects/optimiseGEO/venv/lib/python3.10/site-packages/streamlit/watcher/local_sources_watcher.py", line 327, in <lambda>
    if hasattr(m, "__path__")
  File "/home/sachit/Documents/VSCProjects/optimiseGEO/venv/lib/python3.10/site-packages/transformers/__init__.py", line 862, in _getattr
    return getattr(importlib.import_module(target, __name__), name)
  File "/usr/lib/python3.10/importlib/__init__.py", line 126, in import_module
    return _bootstrap._gcd_import(name[level:], package, level)
  File "<frozen importlib._bootstrap>", line 1050, in _gcd_import
  File "<frozen importlib._bootstrap>", line 1027, in _find_and_load
  File "<frozen importlib._bootstrap>", line 1006, in _find_and_load_unlocked
  File "<frozen importlib._bootstrap>", line 688, in _load_unlocked
  File "<frozen importlib._bootstrap_external>", line 883, in exec_module
  File "<frozen importlib._bootstrap>", line 241, in _call_with_frames_removed
  File "/home/sachit/Documents/VSCProjects/optimiseGEO/venv/lib/python3.10/site-packages/transformers/models/phi4_multimodal/image_processing_phi4_multimodal.py", line 19, in <module>
    from torchvision.transforms.v2 import functional as tvF
ModuleNotFoundError: No module named 'torchvision'
2026-07-29 20:21:07.952 Examining the path of transformers.models.pix2struct.image_processing_pix2struct_fast raised:
Traceback (most recent call last):
  File "/home/sachit/Documents/VSCProjects/optimiseGEO/venv/lib/python3.10/site-packages/streamlit/watcher/local_sources_watcher.py", line 340, in get_module_paths
    potential_paths = extract_paths(module)
  File "/home/sachit/Documents/VSCProjects/optimiseGEO/venv/lib/python3.10/site-packages/streamlit/watcher/local_sources_watcher.py", line 327, in <lambda>
    if hasattr(m, "__path__")
  File "/home/sachit/Documents/VSCProjects/optimiseGEO/venv/lib/python3.10/site-packages/transformers/__init__.py", line 862, in _getattr
    return getattr(importlib.import_module(target, __name__), name)
  File "/usr/lib/python3.10/importlib/__init__.py", line 126, in import_module
    return _bootstrap._gcd_import(name[level:], package, level)
  File "<frozen importlib._bootstrap>", line 1050, in _gcd_import
  File "<frozen importlib._bootstrap>", line 1027, in _find_and_load
  File "<frozen importlib._bootstrap>", line 1006, in _find_and_load_unlocked
  File "<frozen importlib._bootstrap>", line 688, in _load_unlocked
  File "<frozen importlib._bootstrap_external>", line 883, in exec_module
  File "<frozen importlib._bootstrap>", line 241, in _call_with_frames_removed
  File "/home/sachit/Documents/VSCProjects/optimiseGEO/venv/lib/python3.10/site-packages/transformers/models/pix2struct/image_processing_pix2struct.py", line 21, in <module>
    import torchvision.transforms.v2.functional as tvF
ModuleNotFoundError: No module named 'torchvision'
2026-07-29 20:21:07.956 Examining the path of transformers.models.pixtral.image_processing_pixtral_fast raised:
Traceback (most recent call last):
  File "/home/sachit/Documents/VSCProjects/optimiseGEO/venv/lib/python3.10/site-packages/streamlit/watcher/local_sources_watcher.py", line 340, in get_module_paths
    potential_paths = extract_paths(module)
  File "/home/sachit/Documents/VSCProjects/optimiseGEO/venv/lib/python3.10/site-packages/streamlit/watcher/local_sources_watcher.py", line 327, in <lambda>
    if hasattr(m, "__path__")
  File "/home/sachit/Documents/VSCProjects/optimiseGEO/venv/lib/python3.10/site-packages/transformers/__init__.py", line 862, in _getattr
    return getattr(importlib.import_module(target, __name__), name)
  File "/usr/lib/python3.10/importlib/__init__.py", line 126, in import_module
    return _bootstrap._gcd_import(name[level:], package, level)
  File "<frozen importlib._bootstrap>", line 1050, in _gcd_import
  File "<frozen importlib._bootstrap>", line 1027, in _find_and_load
  File "<frozen importlib._bootstrap>", line 1006, in _find_and_load_unlocked
  File "<frozen importlib._bootstrap>", line 688, in _load_unlocked
  File "<frozen importlib._bootstrap_external>", line 883, in exec_module
  File "<frozen importlib._bootstrap>", line 241, in _call_with_frames_removed
  File "/home/sachit/Documents/VSCProjects/optimiseGEO/venv/lib/python3.10/site-packages/transformers/models/pixtral/image_processing_pixtral.py", line 19, in <module>
    from torchvision.transforms.v2 import functional as tvF
ModuleNotFoundError: No module named 'torchvision'
2026-07-29 20:21:07.958 Examining the path of transformers.models.poolformer.image_processing_poolformer_fast raised:
Traceback (most recent call last):
  File "/home/sachit/Documents/VSCProjects/optimiseGEO/venv/lib/python3.10/site-packages/streamlit/watcher/local_sources_watcher.py", line 340, in get_module_paths
    potential_paths = extract_paths(module)
  File "/home/sachit/Documents/VSCProjects/optimiseGEO/venv/lib/python3.10/site-packages/streamlit/watcher/local_sources_watcher.py", line 327, in <lambda>
    if hasattr(m, "__path__")
  File "/home/sachit/Documents/VSCProjects/optimiseGEO/venv/lib/python3.10/site-packages/transformers/__init__.py", line 862, in _getattr
    return getattr(importlib.import_module(target, __name__), name)
  File "/usr/lib/python3.10/importlib/__init__.py", line 126, in import_module
    return _bootstrap._gcd_import(name[level:], package, level)
  File "<frozen importlib._bootstrap>", line 1050, in _gcd_import
  File "<frozen importlib._bootstrap>", line 1027, in _find_and_load
  File "<frozen importlib._bootstrap>", line 1006, in _find_and_load_unlocked
  File "<frozen importlib._bootstrap>", line 688, in _load_unlocked
  File "<frozen importlib._bootstrap_external>", line 883, in exec_module
  File "<frozen importlib._bootstrap>", line 241, in _call_with_frames_removed
  File "/home/sachit/Documents/VSCProjects/optimiseGEO/venv/lib/python3.10/site-packages/transformers/models/poolformer/image_processing_poolformer.py", line 17, in <module>
    from torchvision.transforms.v2 import functional as tvF
ModuleNotFoundError: No module named 'torchvision'
2026-07-29 20:21:07.961 Examining the path of transformers.models.pp_doclayout_v2.image_processing_pp_doclayout_v2_fast raised:
Traceback (most recent call last):
  File "/home/sachit/Documents/VSCProjects/optimiseGEO/venv/lib/python3.10/site-packages/streamlit/watcher/local_sources_watcher.py", line 340, in get_module_paths
    potential_paths = extract_paths(module)
  File "/home/sachit/Documents/VSCProjects/optimiseGEO/venv/lib/python3.10/site-packages/streamlit/watcher/local_sources_watcher.py", line 327, in <lambda>
    if hasattr(m, "__path__")
  File "/home/sachit/Documents/VSCProjects/optimiseGEO/venv/lib/python3.10/site-packages/transformers/__init__.py", line 862, in _getattr
    return getattr(importlib.import_module(target, __name__), name)
  File "/usr/lib/python3.10/importlib/__init__.py", line 126, in import_module
    return _bootstrap._gcd_import(name[level:], package, level)
  File "<frozen importlib._bootstrap>", line 1050, in _gcd_import
  File "<frozen importlib._bootstrap>", line 1027, in _find_and_load
  File "<frozen importlib._bootstrap>", line 1006, in _find_and_load_unlocked
  File "<frozen importlib._bootstrap>", line 688, in _load_unlocked
  File "<frozen importlib._bootstrap_external>", line 883, in exec_module
  File "<frozen importlib._bootstrap>", line 241, in _call_with_frames_removed
  File "/home/sachit/Documents/VSCProjects/optimiseGEO/venv/lib/python3.10/site-packages/transformers/models/pp_doclayout_v2/image_processing_pp_doclayout_v2.py", line 23, in <module>
    from torchvision.transforms.v2 import functional as tvF
ModuleNotFoundError: No module named 'torchvision'
2026-07-29 20:21:07.963 Examining the path of transformers.models.pp_doclayout_v3.image_processing_pp_doclayout_v3_fast raised:
Traceback (most recent call last):
  File "/home/sachit/Documents/VSCProjects/optimiseGEO/venv/lib/python3.10/site-packages/streamlit/watcher/local_sources_watcher.py", line 340, in get_module_paths
    potential_paths = extract_paths(module)
  File "/home/sachit/Documents/VSCProjects/optimiseGEO/venv/lib/python3.10/site-packages/streamlit/watcher/local_sources_watcher.py", line 327, in <lambda>
    if hasattr(m, "__path__")
  File "/home/sachit/Documents/VSCProjects/optimiseGEO/venv/lib/python3.10/site-packages/transformers/__init__.py", line 862, in _getattr
    return getattr(importlib.import_module(target, __name__), name)
  File "/usr/lib/python3.10/importlib/__init__.py", line 126, in import_module
    return _bootstrap._gcd_import(name[level:], package, level)
  File "<frozen importlib._bootstrap>", line 1050, in _gcd_import
  File "<frozen importlib._bootstrap>", line 1027, in _find_and_load
  File "<frozen importlib._bootstrap>", line 1006, in _find_and_load_unlocked
  File "<frozen importlib._bootstrap>", line 688, in _load_unlocked
  File "<frozen importlib._bootstrap_external>", line 883, in exec_module
  File "<frozen importlib._bootstrap>", line 241, in _call_with_frames_removed
  File "/home/sachit/Documents/VSCProjects/optimiseGEO/venv/lib/python3.10/site-packages/transformers/models/pp_doclayout_v3/image_processing_pp_doclayout_v3.py", line 24, in <module>
    from torchvision.transforms.v2 import functional as tvF
ModuleNotFoundError: No module named 'torchvision'
2026-07-29 20:21:07.964 Examining the path of transformers.models.pp_formulanet.image_processing_pp_formulanet_fast raised:
Traceback (most recent call last):
  File "/home/sachit/Documents/VSCProjects/optimiseGEO/venv/lib/python3.10/site-packages/streamlit/watcher/local_sources_watcher.py", line 340, in get_module_paths
    potential_paths = extract_paths(module)
  File "/home/sachit/Documents/VSCProjects/optimiseGEO/venv/lib/python3.10/site-packages/streamlit/watcher/local_sources_watcher.py", line 327, in <lambda>
    if hasattr(m, "__path__")
  File "/home/sachit/Documents/VSCProjects/optimiseGEO/venv/lib/python3.10/site-packages/transformers/__init__.py", line 862, in _getattr
    return getattr(importlib.import_module(target, __name__), name)
  File "/usr/lib/python3.10/importlib/__init__.py", line 126, in import_module
    return _bootstrap._gcd_import(name[level:], package, level)
  File "<frozen importlib._bootstrap>", line 1050, in _gcd_import
  File "<frozen importlib._bootstrap>", line 1027, in _find_and_load
  File "<frozen importlib._bootstrap>", line 1006, in _find_and_load_unlocked
  File "<frozen importlib._bootstrap>", line 688, in _load_unlocked
  File "<frozen importlib._bootstrap_external>", line 883, in exec_module
  File "<frozen importlib._bootstrap>", line 241, in _call_with_frames_removed
  File "/home/sachit/Documents/VSCProjects/optimiseGEO/venv/lib/python3.10/site-packages/transformers/models/pp_formulanet/image_processing_pp_formulanet.py", line 23, in <module>
    from torchvision.transforms.v2 import functional as tvF
ModuleNotFoundError: No module named 'torchvision'
2026-07-29 20:21:07.966 Examining the path of transformers.models.pp_lcnet.image_processing_pp_lcnet_fast raised:
Traceback (most recent call last):
  File "/home/sachit/Documents/VSCProjects/optimiseGEO/venv/lib/python3.10/site-packages/streamlit/watcher/local_sources_watcher.py", line 340, in get_module_paths
    potential_paths = extract_paths(module)
  File "/home/sachit/Documents/VSCProjects/optimiseGEO/venv/lib/python3.10/site-packages/streamlit/watcher/local_sources_watcher.py", line 327, in <lambda>
    if hasattr(m, "__path__")
  File "/home/sachit/Documents/VSCProjects/optimiseGEO/venv/lib/python3.10/site-packages/transformers/__init__.py", line 862, in _getattr
    return getattr(importlib.import_module(target, __name__), name)
  File "/usr/lib/python3.10/importlib/__init__.py", line 126, in import_module
    return _bootstrap._gcd_import(name[level:], package, level)
  File "<frozen importlib._bootstrap>", line 1050, in _gcd_import
  File "<frozen importlib._bootstrap>", line 1027, in _find_and_load
  File "<frozen importlib._bootstrap>", line 1006, in _find_and_load_unlocked
  File "<frozen importlib._bootstrap>", line 688, in _load_unlocked
  File "<frozen importlib._bootstrap_external>", line 883, in exec_module
  File "<frozen importlib._bootstrap>", line 241, in _call_with_frames_removed
  File "/home/sachit/Documents/VSCProjects/optimiseGEO/venv/lib/python3.10/site-packages/transformers/models/pp_lcnet/image_processing_pp_lcnet.py", line 24, in <module>
    import torchvision.transforms.v2.functional as tvF
ModuleNotFoundError: No module named 'torchvision'
2026-07-29 20:21:07.967 Examining the path of transformers.models.pp_ocrv5_server_det.image_processing_pp_ocrv5_server_det_fast raised:
Traceback (most recent call last):
  File "/home/sachit/Documents/VSCProjects/optimiseGEO/venv/lib/python3.10/site-packages/streamlit/watcher/local_sources_watcher.py", line 340, in get_module_paths
    potential_paths = extract_paths(module)
  File "/home/sachit/Documents/VSCProjects/optimiseGEO/venv/lib/python3.10/site-packages/streamlit/watcher/local_sources_watcher.py", line 327, in <lambda>
    if hasattr(m, "__path__")
  File "/home/sachit/Documents/VSCProjects/optimiseGEO/venv/lib/python3.10/site-packages/transformers/__init__.py", line 862, in _getattr
    return getattr(importlib.import_module(target, __name__), name)
  File "/usr/lib/python3.10/importlib/__init__.py", line 126, in import_module
    return _bootstrap._gcd_import(name[level:], package, level)
  File "<frozen importlib._bootstrap>", line 1050, in _gcd_import
  File "<frozen importlib._bootstrap>", line 1027, in _find_and_load
  File "<frozen importlib._bootstrap>", line 1006, in _find_and_load_unlocked
  File "<frozen importlib._bootstrap>", line 688, in _load_unlocked
  File "<frozen importlib._bootstrap_external>", line 883, in exec_module
  File "<frozen importlib._bootstrap>", line 241, in _call_with_frames_removed
  File "/home/sachit/Documents/VSCProjects/optimiseGEO/venv/lib/python3.10/site-packages/transformers/models/pp_ocrv5_server_det/image_processing_pp_ocrv5_server_det.py", line 25, in <module>
    import torchvision.transforms.v2.functional as tvF
ModuleNotFoundError: No module named 'torchvision'
2026-07-29 20:21:07.969 Examining the path of transformers.models.pp_ocrv5_server_rec.image_processing_pp_ocrv5_server_rec_fast raised:
Traceback (most recent call last):
  File "/home/sachit/Documents/VSCProjects/optimiseGEO/venv/lib/python3.10/site-packages/streamlit/watcher/local_sources_watcher.py", line 340, in get_module_paths
    potential_paths = extract_paths(module)
  File "/home/sachit/Documents/VSCProjects/optimiseGEO/venv/lib/python3.10/site-packages/streamlit/watcher/local_sources_watcher.py", line 327, in <lambda>
    if hasattr(m, "__path__")
  File "/home/sachit/Documents/VSCProjects/optimiseGEO/venv/lib/python3.10/site-packages/transformers/__init__.py", line 862, in _getattr
    return getattr(importlib.import_module(target, __name__), name)
  File "/usr/lib/python3.10/importlib/__init__.py", line 126, in import_module
    return _bootstrap._gcd_import(name[level:], package, level)
  File "<frozen importlib._bootstrap>", line 1050, in _gcd_import
  File "<frozen importlib._bootstrap>", line 1027, in _find_and_load
  File "<frozen importlib._bootstrap>", line 1006, in _find_and_load_unlocked
  File "<frozen importlib._bootstrap>", line 688, in _load_unlocked
  File "<frozen importlib._bootstrap_external>", line 883, in exec_module
  File "<frozen importlib._bootstrap>", line 241, in _call_with_frames_removed
  File "/home/sachit/Documents/VSCProjects/optimiseGEO/venv/lib/python3.10/site-packages/transformers/models/pp_ocrv5_server_rec/image_processing_pp_ocrv5_server_rec.py", line 24, in <module>
    import torchvision.transforms.v2.functional as tvF
ModuleNotFoundError: No module named 'torchvision'
2026-07-29 20:21:07.970 Examining the path of transformers.models.pp_ocrv6_small_rec.image_processing_pp_ocrv6_small_rec_fast raised:
Traceback (most recent call last):
  File "/home/sachit/Documents/VSCProjects/optimiseGEO/venv/lib/python3.10/site-packages/streamlit/watcher/local_sources_watcher.py", line 340, in get_module_paths
    potential_paths = extract_paths(module)
  File "/home/sachit/Documents/VSCProjects/optimiseGEO/venv/lib/python3.10/site-packages/streamlit/watcher/local_sources_watcher.py", line 327, in <lambda>
    if hasattr(m, "__path__")
  File "/home/sachit/Documents/VSCProjects/optimiseGEO/venv/lib/python3.10/site-packages/transformers/__init__.py", line 862, in _getattr
    return getattr(importlib.import_module(target, __name__), name)
  File "/usr/lib/python3.10/importlib/__init__.py", line 126, in import_module
    return _bootstrap._gcd_import(name[level:], package, level)
  File "<frozen importlib._bootstrap>", line 1050, in _gcd_import
  File "<frozen importlib._bootstrap>", line 1027, in _find_and_load
  File "<frozen importlib._bootstrap>", line 1006, in _find_and_load_unlocked
  File "<frozen importlib._bootstrap>", line 688, in _load_unlocked
  File "<frozen importlib._bootstrap_external>", line 883, in exec_module
  File "<frozen importlib._bootstrap>", line 241, in _call_with_frames_removed
  File "/home/sachit/Documents/VSCProjects/optimiseGEO/venv/lib/python3.10/site-packages/transformers/models/pp_ocrv6_small_rec/image_processing_pp_ocrv6_small_rec.py", line 24, in <module>
    import torchvision.transforms.v2.functional as tvF
ModuleNotFoundError: No module named 'torchvision'
2026-07-29 20:21:07.974 Examining the path of transformers.models.prompt_depth_anything.image_processing_prompt_depth_anything_fast raised:
Traceback (most recent call last):
  File "/home/sachit/Documents/VSCProjects/optimiseGEO/venv/lib/python3.10/site-packages/streamlit/watcher/local_sources_watcher.py", line 340, in get_module_paths
    potential_paths = extract_paths(module)
  File "/home/sachit/Documents/VSCProjects/optimiseGEO/venv/lib/python3.10/site-packages/streamlit/watcher/local_sources_watcher.py", line 327, in <lambda>
    if hasattr(m, "__path__")
  File "/home/sachit/Documents/VSCProjects/optimiseGEO/venv/lib/python3.10/site-packages/transformers/__init__.py", line 862, in _getattr
    return getattr(importlib.import_module(target, __name__), name)
  File "/usr/lib/python3.10/importlib/__init__.py", line 126, in import_module
    return _bootstrap._gcd_import(name[level:], package, level)
  File "<frozen importlib._bootstrap>", line 1050, in _gcd_import
  File "<frozen importlib._bootstrap>", line 1027, in _find_and_load
  File "<frozen importlib._bootstrap>", line 1006, in _find_and_load_unlocked
  File "<frozen importlib._bootstrap>", line 688, in _load_unlocked
  File "<frozen importlib._bootstrap_external>", line 883, in exec_module
  File "<frozen importlib._bootstrap>", line 241, in _call_with_frames_removed
  File "/home/sachit/Documents/VSCProjects/optimiseGEO/venv/lib/python3.10/site-packages/transformers/models/prompt_depth_anything/image_processing_prompt_depth_anything.py", line 42, in <module>
    from torchvision.transforms.v2 import functional as tvF
ModuleNotFoundError: No module named 'torchvision'
2026-07-29 20:21:07.983 Examining the path of transformers.models.qwen2_vl.image_processing_qwen2_vl_fast raised:
Traceback (most recent call last):
  File "/home/sachit/Documents/VSCProjects/optimiseGEO/venv/lib/python3.10/site-packages/streamlit/watcher/local_sources_watcher.py", line 340, in get_module_paths
    potential_paths = extract_paths(module)
  File "/home/sachit/Documents/VSCProjects/optimiseGEO/venv/lib/python3.10/site-packages/streamlit/watcher/local_sources_watcher.py", line 327, in <lambda>
    if hasattr(m, "__path__")
  File "/home/sachit/Documents/VSCProjects/optimiseGEO/venv/lib/python3.10/site-packages/transformers/__init__.py", line 862, in _getattr
    return getattr(importlib.import_module(target, __name__), name)
  File "/usr/lib/python3.10/importlib/__init__.py", line 126, in import_module
    return _bootstrap._gcd_import(name[level:], package, level)
  File "<frozen importlib._bootstrap>", line 1050, in _gcd_import
  File "<frozen importlib._bootstrap>", line 1027, in _find_and_load
  File "<frozen importlib._bootstrap>", line 1006, in _find_and_load_unlocked
  File "<frozen importlib._bootstrap>", line 688, in _load_unlocked
  File "<frozen importlib._bootstrap_external>", line 883, in exec_module
  File "<frozen importlib._bootstrap>", line 241, in _call_with_frames_removed
  File "/home/sachit/Documents/VSCProjects/optimiseGEO/venv/lib/python3.10/site-packages/transformers/models/qwen2_vl/image_processing_qwen2_vl.py", line 25, in <module>
    from torchvision.transforms.v2 import functional as tvF
ModuleNotFoundError: No module named 'torchvision'
2026-07-29 20:21:07.986 Examining the path of transformers.models.rf_detr.image_processing_rf_detr_fast raised:
Traceback (most recent call last):
  File "/home/sachit/Documents/VSCProjects/optimiseGEO/venv/lib/python3.10/site-packages/streamlit/watcher/local_sources_watcher.py", line 340, in get_module_paths
    potential_paths = extract_paths(module)
  File "/home/sachit/Documents/VSCProjects/optimiseGEO/venv/lib/python3.10/site-packages/streamlit/watcher/local_sources_watcher.py", line 327, in <lambda>
    if hasattr(m, "__path__")
  File "/home/sachit/Documents/VSCProjects/optimiseGEO/venv/lib/python3.10/site-packages/transformers/__init__.py", line 862, in _getattr
    return getattr(importlib.import_module(target, __name__), name)
  File "/usr/lib/python3.10/importlib/__init__.py", line 126, in import_module
    return _bootstrap._gcd_import(name[level:], package, level)
  File "<frozen importlib._bootstrap>", line 1050, in _gcd_import
  File "<frozen importlib._bootstrap>", line 1027, in _find_and_load
  File "<frozen importlib._bootstrap>", line 1006, in _find_and_load_unlocked
  File "<frozen importlib._bootstrap>", line 688, in _load_unlocked
  File "<frozen importlib._bootstrap_external>", line 883, in exec_module
  File "<frozen importlib._bootstrap>", line 241, in _call_with_frames_removed
  File "/home/sachit/Documents/VSCProjects/optimiseGEO/venv/lib/python3.10/site-packages/transformers/models/rf_detr/image_processing_rf_detr.py", line 26, in <module>
    from torchvision.transforms.v2 import functional as tvF
ModuleNotFoundError: No module named 'torchvision'
2026-07-29 20:21:07.992 Examining the path of transformers.models.rt_detr.image_processing_rt_detr_fast raised:
Traceback (most recent call last):
  File "/home/sachit/Documents/VSCProjects/optimiseGEO/venv/lib/python3.10/site-packages/streamlit/watcher/local_sources_watcher.py", line 340, in get_module_paths
    potential_paths = extract_paths(module)
  File "/home/sachit/Documents/VSCProjects/optimiseGEO/venv/lib/python3.10/site-packages/streamlit/watcher/local_sources_watcher.py", line 327, in <lambda>
    if hasattr(m, "__path__")
  File "/home/sachit/Documents/VSCProjects/optimiseGEO/venv/lib/python3.10/site-packages/transformers/__init__.py", line 862, in _getattr
    return getattr(importlib.import_module(target, __name__), name)
  File "/usr/lib/python3.10/importlib/__init__.py", line 126, in import_module
    return _bootstrap._gcd_import(name[level:], package, level)
  File "<frozen importlib._bootstrap>", line 1050, in _gcd_import
  File "<frozen importlib._bootstrap>", line 1027, in _find_and_load
  File "<frozen importlib._bootstrap>", line 1006, in _find_and_load_unlocked
  File "<frozen importlib._bootstrap>", line 688, in _load_unlocked
  File "<frozen importlib._bootstrap_external>", line 883, in exec_module
  File "<frozen importlib._bootstrap>", line 241, in _call_with_frames_removed
  File "/home/sachit/Documents/VSCProjects/optimiseGEO/venv/lib/python3.10/site-packages/transformers/models/rt_detr/image_processing_rt_detr.py", line 24, in <module>
    from torchvision.transforms.v2 import functional as tvF
ModuleNotFoundError: No module named 'torchvision'
2026-07-29 20:21:07.999 Examining the path of transformers.models.sam.image_processing_sam_fast raised:
Traceback (most recent call last):
  File "/home/sachit/Documents/VSCProjects/optimiseGEO/venv/lib/python3.10/site-packages/streamlit/watcher/local_sources_watcher.py", line 340, in get_module_paths
    potential_paths = extract_paths(module)
  File "/home/sachit/Documents/VSCProjects/optimiseGEO/venv/lib/python3.10/site-packages/streamlit/watcher/local_sources_watcher.py", line 327, in <lambda>
    if hasattr(m, "__path__")
  File "/home/sachit/Documents/VSCProjects/optimiseGEO/venv/lib/python3.10/site-packages/transformers/__init__.py", line 862, in _getattr
    return getattr(importlib.import_module(target, __name__), name)
  File "/usr/lib/python3.10/importlib/__init__.py", line 126, in import_module
    return _bootstrap._gcd_import(name[level:], package, level)
  File "<frozen importlib._bootstrap>", line 1050, in _gcd_import
  File "<frozen importlib._bootstrap>", line 1027, in _find_and_load
  File "<frozen importlib._bootstrap>", line 1006, in _find_and_load_unlocked
  File "<frozen importlib._bootstrap>", line 688, in _load_unlocked
  File "<frozen importlib._bootstrap_external>", line 883, in exec_module
  File "<frozen importlib._bootstrap>", line 241, in _call_with_frames_removed
  File "/home/sachit/Documents/VSCProjects/optimiseGEO/venv/lib/python3.10/site-packages/transformers/models/sam/image_processing_sam.py", line 25, in <module>
    from torchvision.ops.boxes import batched_nms
ModuleNotFoundError: No module named 'torchvision'
2026-07-29 20:21:08.001 Examining the path of transformers.models.sam2.image_processing_sam2_fast raised:
Traceback (most recent call last):
  File "/home/sachit/Documents/VSCProjects/optimiseGEO/venv/lib/python3.10/site-packages/streamlit/watcher/local_sources_watcher.py", line 340, in get_module_paths
    potential_paths = extract_paths(module)
  File "/home/sachit/Documents/VSCProjects/optimiseGEO/venv/lib/python3.10/site-packages/streamlit/watcher/local_sources_watcher.py", line 327, in <lambda>
    if hasattr(m, "__path__")
  File "/home/sachit/Documents/VSCProjects/optimiseGEO/venv/lib/python3.10/site-packages/transformers/__init__.py", line 862, in _getattr
    return getattr(importlib.import_module(target, __name__), name)
  File "/usr/lib/python3.10/importlib/__init__.py", line 126, in import_module
    return _bootstrap._gcd_import(name[level:], package, level)
  File "<frozen importlib._bootstrap>", line 1050, in _gcd_import
  File "<frozen importlib._bootstrap>", line 1027, in _find_and_load
  File "<frozen importlib._bootstrap>", line 1006, in _find_and_load_unlocked
  File "<frozen importlib._bootstrap>", line 688, in _load_unlocked
  File "<frozen importlib._bootstrap_external>", line 883, in exec_module
  File "<frozen importlib._bootstrap>", line 241, in _call_with_frames_removed
  File "/home/sachit/Documents/VSCProjects/optimiseGEO/venv/lib/python3.10/site-packages/transformers/models/sam2/image_processing_sam2.py", line 28, in <module>
    from torchvision.ops.boxes import batched_nms
ModuleNotFoundError: No module named 'torchvision'
2026-07-29 20:21:08.004 Examining the path of transformers.models.sam3.image_processing_sam3_fast raised:
Traceback (most recent call last):
  File "/home/sachit/Documents/VSCProjects/optimiseGEO/venv/lib/python3.10/site-packages/streamlit/watcher/local_sources_watcher.py", line 340, in get_module_paths
    potential_paths = extract_paths(module)
  File "/home/sachit/Documents/VSCProjects/optimiseGEO/venv/lib/python3.10/site-packages/streamlit/watcher/local_sources_watcher.py", line 327, in <lambda>
    if hasattr(m, "__path__")
  File "/home/sachit/Documents/VSCProjects/optimiseGEO/venv/lib/python3.10/site-packages/transformers/__init__.py", line 862, in _getattr
    return getattr(importlib.import_module(target, __name__), name)
  File "/usr/lib/python3.10/importlib/__init__.py", line 126, in import_module
    return _bootstrap._gcd_import(name[level:], package, level)
  File "<frozen importlib._bootstrap>", line 1050, in _gcd_import
  File "<frozen importlib._bootstrap>", line 1027, in _find_and_load
  File "<frozen importlib._bootstrap>", line 1006, in _find_and_load_unlocked
  File "<frozen importlib._bootstrap>", line 688, in _load_unlocked
  File "<frozen importlib._bootstrap_external>", line 883, in exec_module
  File "<frozen importlib._bootstrap>", line 241, in _call_with_frames_removed
  File "/home/sachit/Documents/VSCProjects/optimiseGEO/venv/lib/python3.10/site-packages/transformers/models/sam3/image_processing_sam3.py", line 30, in <module>
    from torchvision.ops.boxes import batched_nms
ModuleNotFoundError: No module named 'torchvision'
2026-07-29 20:21:08.006 Examining the path of transformers.models.sapiens2.image_processing_sapiens2_fast raised:
Traceback (most recent call last):
  File "/home/sachit/Documents/VSCProjects/optimiseGEO/venv/lib/python3.10/site-packages/streamlit/watcher/local_sources_watcher.py", line 340, in get_module_paths
    potential_paths = extract_paths(module)
  File "/home/sachit/Documents/VSCProjects/optimiseGEO/venv/lib/python3.10/site-packages/streamlit/watcher/local_sources_watcher.py", line 327, in <lambda>
    if hasattr(m, "__path__")
  File "/home/sachit/Documents/VSCProjects/optimiseGEO/venv/lib/python3.10/site-packages/transformers/__init__.py", line 862, in _getattr
    return getattr(importlib.import_module(target, __name__), name)
  File "/usr/lib/python3.10/importlib/__init__.py", line 126, in import_module
    return _bootstrap._gcd_import(name[level:], package, level)
  File "<frozen importlib._bootstrap>", line 1050, in _gcd_import
  File "<frozen importlib._bootstrap>", line 1027, in _find_and_load
  File "<frozen importlib._bootstrap>", line 1006, in _find_and_load_unlocked
  File "<frozen importlib._bootstrap>", line 688, in _load_unlocked
  File "<frozen importlib._bootstrap_external>", line 883, in exec_module
  File "<frozen importlib._bootstrap>", line 241, in _call_with_frames_removed
  File "/home/sachit/Documents/VSCProjects/optimiseGEO/venv/lib/python3.10/site-packages/transformers/models/sapiens2/image_processing_sapiens2.py", line 23, in <module>
    from torchvision.transforms.v2 import functional as tvF
ModuleNotFoundError: No module named 'torchvision'
2026-07-29 20:21:08.010 Examining the path of transformers.models.segformer.image_processing_segformer_fast raised:
Traceback (most recent call last):
  File "/home/sachit/Documents/VSCProjects/optimiseGEO/venv/lib/python3.10/site-packages/streamlit/watcher/local_sources_watcher.py", line 340, in get_module_paths
    potential_paths = extract_paths(module)
  File "/home/sachit/Documents/VSCProjects/optimiseGEO/venv/lib/python3.10/site-packages/streamlit/watcher/local_sources_watcher.py", line 327, in <lambda>
    if hasattr(m, "__path__")
  File "/home/sachit/Documents/VSCProjects/optimiseGEO/venv/lib/python3.10/site-packages/transformers/__init__.py", line 862, in _getattr
    return getattr(importlib.import_module(target, __name__), name)
  File "/usr/lib/python3.10/importlib/__init__.py", line 126, in import_module
    return _bootstrap._gcd_import(name[level:], package, level)
  File "<frozen importlib._bootstrap>", line 1050, in _gcd_import
  File "<frozen importlib._bootstrap>", line 1027, in _find_and_load
  File "<frozen importlib._bootstrap>", line 1006, in _find_and_load_unlocked
  File "<frozen importlib._bootstrap>", line 688, in _load_unlocked
  File "<frozen importlib._bootstrap_external>", line 883, in exec_module
  File "<frozen importlib._bootstrap>", line 241, in _call_with_frames_removed
  File "/home/sachit/Documents/VSCProjects/optimiseGEO/venv/lib/python3.10/site-packages/transformers/models/segformer/image_processing_segformer.py", line 25, in <module>
    import torchvision.transforms.v2.functional as tvF
ModuleNotFoundError: No module named 'torchvision'
2026-07-29 20:21:08.014 Examining the path of transformers.models.seggpt.image_processing_seggpt_fast raised:
Traceback (most recent call last):
  File "/home/sachit/Documents/VSCProjects/optimiseGEO/venv/lib/python3.10/site-packages/streamlit/watcher/local_sources_watcher.py", line 340, in get_module_paths
    potential_paths = extract_paths(module)
  File "/home/sachit/Documents/VSCProjects/optimiseGEO/venv/lib/python3.10/site-packages/streamlit/watcher/local_sources_watcher.py", line 327, in <lambda>
    if hasattr(m, "__path__")
  File "/home/sachit/Documents/VSCProjects/optimiseGEO/venv/lib/python3.10/site-packages/transformers/__init__.py", line 862, in _getattr
    return getattr(importlib.import_module(target, __name__), name)
  File "/usr/lib/python3.10/importlib/__init__.py", line 126, in import_module
    return _bootstrap._gcd_import(name[level:], package, level)
  File "<frozen importlib._bootstrap>", line 1050, in _gcd_import
  File "<frozen importlib._bootstrap>", line 1027, in _find_and_load
  File "<frozen importlib._bootstrap>", line 1006, in _find_and_load_unlocked
  File "<frozen importlib._bootstrap>", line 688, in _load_unlocked
  File "<frozen importlib._bootstrap_external>", line 883, in exec_module
  File "<frozen importlib._bootstrap>", line 241, in _call_with_frames_removed
  File "/home/sachit/Documents/VSCProjects/optimiseGEO/venv/lib/python3.10/site-packages/transformers/models/seggpt/image_processing_seggpt.py", line 20, in <module>
    from torchvision.transforms.v2 import functional as tvF
ModuleNotFoundError: No module named 'torchvision'
2026-07-29 20:21:08.020 Examining the path of transformers.models.siglip2.image_processing_siglip2_fast raised:
Traceback (most recent call last):
  File "/home/sachit/Documents/VSCProjects/optimiseGEO/venv/lib/python3.10/site-packages/streamlit/watcher/local_sources_watcher.py", line 340, in get_module_paths
    potential_paths = extract_paths(module)
  File "/home/sachit/Documents/VSCProjects/optimiseGEO/venv/lib/python3.10/site-packages/streamlit/watcher/local_sources_watcher.py", line 327, in <lambda>
    if hasattr(m, "__path__")
  File "/home/sachit/Documents/VSCProjects/optimiseGEO/venv/lib/python3.10/site-packages/transformers/__init__.py", line 862, in _getattr
    return getattr(importlib.import_module(target, __name__), name)
  File "/usr/lib/python3.10/importlib/__init__.py", line 126, in import_module
    return _bootstrap._gcd_import(name[level:], package, level)
  File "<frozen importlib._bootstrap>", line 1050, in _gcd_import
  File "<frozen importlib._bootstrap>", line 1027, in _find_and_load
  File "<frozen importlib._bootstrap>", line 1006, in _find_and_load_unlocked
  File "<frozen importlib._bootstrap>", line 688, in _load_unlocked
  File "<frozen importlib._bootstrap_external>", line 883, in exec_module
  File "<frozen importlib._bootstrap>", line 241, in _call_with_frames_removed
  File "/home/sachit/Documents/VSCProjects/optimiseGEO/venv/lib/python3.10/site-packages/transformers/models/siglip2/image_processing_siglip2.py", line 17, in <module>
    from torchvision.transforms.v2 import functional as tvF
ModuleNotFoundError: No module named 'torchvision'
2026-07-29 20:21:08.022 Examining the path of transformers.models.slanext.image_processing_slanext_fast raised:
Traceback (most recent call last):
  File "/home/sachit/Documents/VSCProjects/optimiseGEO/venv/lib/python3.10/site-packages/streamlit/watcher/local_sources_watcher.py", line 340, in get_module_paths
    potential_paths = extract_paths(module)
  File "/home/sachit/Documents/VSCProjects/optimiseGEO/venv/lib/python3.10/site-packages/streamlit/watcher/local_sources_watcher.py", line 327, in <lambda>
    if hasattr(m, "__path__")
  File "/home/sachit/Documents/VSCProjects/optimiseGEO/venv/lib/python3.10/site-packages/transformers/__init__.py", line 862, in _getattr
    return getattr(importlib.import_module(target, __name__), name)
  File "/usr/lib/python3.10/importlib/__init__.py", line 126, in import_module
    return _bootstrap._gcd_import(name[level:], package, level)
  File "<frozen importlib._bootstrap>", line 1050, in _gcd_import
  File "<frozen importlib._bootstrap>", line 1027, in _find_and_load
  File "<frozen importlib._bootstrap>", line 1006, in _find_and_load_unlocked
  File "<frozen importlib._bootstrap>", line 688, in _load_unlocked
  File "<frozen importlib._bootstrap_external>", line 883, in exec_module
  File "<frozen importlib._bootstrap>", line 241, in _call_with_frames_removed
  File "/home/sachit/Documents/VSCProjects/optimiseGEO/venv/lib/python3.10/site-packages/transformers/models/slanext/image_processing_slanext.py", line 23, in <module>
    import torchvision.transforms.v2.functional as tvF
ModuleNotFoundError: No module named 'torchvision'
2026-07-29 20:21:08.028 Examining the path of transformers.models.smolvlm.image_processing_smolvlm_fast raised:
Traceback (most recent call last):
  File "/home/sachit/Documents/VSCProjects/optimiseGEO/venv/lib/python3.10/site-packages/streamlit/watcher/local_sources_watcher.py", line 340, in get_module_paths
    potential_paths = extract_paths(module)
  File "/home/sachit/Documents/VSCProjects/optimiseGEO/venv/lib/python3.10/site-packages/streamlit/watcher/local_sources_watcher.py", line 327, in <lambda>
    if hasattr(m, "__path__")
  File "/home/sachit/Documents/VSCProjects/optimiseGEO/venv/lib/python3.10/site-packages/transformers/__init__.py", line 862, in _getattr
    return getattr(importlib.import_module(target, __name__), name)
  File "/usr/lib/python3.10/importlib/__init__.py", line 126, in import_module
    return _bootstrap._gcd_import(name[level:], package, level)
  File "<frozen importlib._bootstrap>", line 1050, in _gcd_import
  File "<frozen importlib._bootstrap>", line 1027, in _find_and_load
  File "<frozen importlib._bootstrap>", line 1006, in _find_and_load_unlocked
  File "<frozen importlib._bootstrap>", line 688, in _load_unlocked
  File "<frozen importlib._bootstrap_external>", line 883, in exec_module
  File "<frozen importlib._bootstrap>", line 241, in _call_with_frames_removed
  File "/home/sachit/Documents/VSCProjects/optimiseGEO/venv/lib/python3.10/site-packages/transformers/models/smolvlm/image_processing_smolvlm.py", line 27, in <module>
    from torchvision.transforms.v2 import functional as tvF
ModuleNotFoundError: No module named 'torchvision'
2026-07-29 20:21:08.033 Examining the path of transformers.models.superglue.image_processing_superglue_fast raised:
Traceback (most recent call last):
  File "/home/sachit/Documents/VSCProjects/optimiseGEO/venv/lib/python3.10/site-packages/streamlit/watcher/local_sources_watcher.py", line 340, in get_module_paths
    potential_paths = extract_paths(module)
  File "/home/sachit/Documents/VSCProjects/optimiseGEO/venv/lib/python3.10/site-packages/streamlit/watcher/local_sources_watcher.py", line 327, in <lambda>
    if hasattr(m, "__path__")
  File "/home/sachit/Documents/VSCProjects/optimiseGEO/venv/lib/python3.10/site-packages/transformers/__init__.py", line 862, in _getattr
    return getattr(importlib.import_module(target, __name__), name)
  File "/usr/lib/python3.10/importlib/__init__.py", line 126, in import_module
    return _bootstrap._gcd_import(name[level:], package, level)
  File "<frozen importlib._bootstrap>", line 1050, in _gcd_import
  File "<frozen importlib._bootstrap>", line 1027, in _find_and_load
  File "<frozen importlib._bootstrap>", line 1006, in _find_and_load_unlocked
  File "<frozen importlib._bootstrap>", line 688, in _load_unlocked
  File "<frozen importlib._bootstrap_external>", line 883, in exec_module
  File "<frozen importlib._bootstrap>", line 241, in _call_with_frames_removed
  File "/home/sachit/Documents/VSCProjects/optimiseGEO/venv/lib/python3.10/site-packages/transformers/models/superglue/image_processing_superglue.py", line 47, in <module>
    from torchvision.transforms.v2 import functional as tvF
ModuleNotFoundError: No module named 'torchvision'
2026-07-29 20:21:08.034 Examining the path of transformers.models.superpoint.image_processing_superpoint_fast raised:
Traceback (most recent call last):
  File "/home/sachit/Documents/VSCProjects/optimiseGEO/venv/lib/python3.10/site-packages/streamlit/watcher/local_sources_watcher.py", line 340, in get_module_paths
    potential_paths = extract_paths(module)
  File "/home/sachit/Documents/VSCProjects/optimiseGEO/venv/lib/python3.10/site-packages/streamlit/watcher/local_sources_watcher.py", line 327, in <lambda>
    if hasattr(m, "__path__")
  File "/home/sachit/Documents/VSCProjects/optimiseGEO/venv/lib/python3.10/site-packages/transformers/__init__.py", line 862, in _getattr
    return getattr(importlib.import_module(target, __name__), name)
  File "/usr/lib/python3.10/importlib/__init__.py", line 126, in import_module
    return _bootstrap._gcd_import(name[level:], package, level)
  File "<frozen importlib._bootstrap>", line 1050, in _gcd_import
  File "<frozen importlib._bootstrap>", line 1027, in _find_and_load
  File "<frozen importlib._bootstrap>", line 1006, in _find_and_load_unlocked
  File "<frozen importlib._bootstrap>", line 688, in _load_unlocked
  File "<frozen importlib._bootstrap_external>", line 883, in exec_module
  File "<frozen importlib._bootstrap>", line 241, in _call_with_frames_removed
  File "/home/sachit/Documents/VSCProjects/optimiseGEO/venv/lib/python3.10/site-packages/transformers/models/superpoint/image_processing_superpoint.py", line 31, in <module>
    from torchvision.transforms.v2 import functional as tvF
ModuleNotFoundError: No module named 'torchvision'
2026-07-29 20:21:08.038 Examining the path of transformers.models.swin2sr.image_processing_swin2sr_fast raised:
Traceback (most recent call last):
  File "/home/sachit/Documents/VSCProjects/optimiseGEO/venv/lib/python3.10/site-packages/streamlit/watcher/local_sources_watcher.py", line 340, in get_module_paths
    potential_paths = extract_paths(module)
  File "/home/sachit/Documents/VSCProjects/optimiseGEO/venv/lib/python3.10/site-packages/streamlit/watcher/local_sources_watcher.py", line 327, in <lambda>
    if hasattr(m, "__path__")
  File "/home/sachit/Documents/VSCProjects/optimiseGEO/venv/lib/python3.10/site-packages/transformers/__init__.py", line 862, in _getattr
    return getattr(importlib.import_module(target, __name__), name)
  File "/usr/lib/python3.10/importlib/__init__.py", line 126, in import_module
    return _bootstrap._gcd_import(name[level:], package, level)
  File "<frozen importlib._bootstrap>", line 1050, in _gcd_import
  File "<frozen importlib._bootstrap>", line 1027, in _find_and_load
  File "<frozen importlib._bootstrap>", line 1006, in _find_and_load_unlocked
  File "<frozen importlib._bootstrap>", line 688, in _load_unlocked
  File "<frozen importlib._bootstrap_external>", line 883, in exec_module
  File "<frozen importlib._bootstrap>", line 241, in _call_with_frames_removed
  File "/home/sachit/Documents/VSCProjects/optimiseGEO/venv/lib/python3.10/site-packages/transformers/models/swin2sr/image_processing_swin2sr.py", line 17, in <module>
    from torchvision.transforms.v2 import functional as tvF
ModuleNotFoundError: No module named 'torchvision'
2026-07-29 20:21:08.041 Examining the path of transformers.models.textnet.image_processing_textnet_fast raised:
Traceback (most recent call last):
  File "/home/sachit/Documents/VSCProjects/optimiseGEO/venv/lib/python3.10/site-packages/streamlit/watcher/local_sources_watcher.py", line 340, in get_module_paths
    potential_paths = extract_paths(module)
  File "/home/sachit/Documents/VSCProjects/optimiseGEO/venv/lib/python3.10/site-packages/streamlit/watcher/local_sources_watcher.py", line 327, in <lambda>
    if hasattr(m, "__path__")
  File "/home/sachit/Documents/VSCProjects/optimiseGEO/venv/lib/python3.10/site-packages/transformers/__init__.py", line 862, in _getattr
    return getattr(importlib.import_module(target, __name__), name)
  File "/usr/lib/python3.10/importlib/__init__.py", line 126, in import_module
    return _bootstrap._gcd_import(name[level:], package, level)
  File "<frozen importlib._bootstrap>", line 1050, in _gcd_import
  File "<frozen importlib._bootstrap>", line 1027, in _find_and_load
  File "<frozen importlib._bootstrap>", line 1006, in _find_and_load_unlocked
  File "<frozen importlib._bootstrap>", line 688, in _load_unlocked
  File "<frozen importlib._bootstrap_external>", line 883, in exec_module
  File "<frozen importlib._bootstrap>", line 241, in _call_with_frames_removed
  File "/home/sachit/Documents/VSCProjects/optimiseGEO/venv/lib/python3.10/site-packages/transformers/models/textnet/image_processing_textnet.py", line 17, in <module>
    from torchvision.transforms.v2 import functional as tvF
ModuleNotFoundError: No module named 'torchvision'
2026-07-29 20:21:08.049 Examining the path of transformers.models.tvp.image_processing_tvp_fast raised:
Traceback (most recent call last):
  File "/home/sachit/Documents/VSCProjects/optimiseGEO/venv/lib/python3.10/site-packages/streamlit/watcher/local_sources_watcher.py", line 340, in get_module_paths
    potential_paths = extract_paths(module)
  File "/home/sachit/Documents/VSCProjects/optimiseGEO/venv/lib/python3.10/site-packages/streamlit/watcher/local_sources_watcher.py", line 327, in <lambda>
    if hasattr(m, "__path__")
  File "/home/sachit/Documents/VSCProjects/optimiseGEO/venv/lib/python3.10/site-packages/transformers/__init__.py", line 862, in _getattr
    return getattr(importlib.import_module(target, __name__), name)
  File "/usr/lib/python3.10/importlib/__init__.py", line 126, in import_module
    return _bootstrap._gcd_import(name[level:], package, level)
  File "<frozen importlib._bootstrap>", line 1050, in _gcd_import
  File "<frozen importlib._bootstrap>", line 1027, in _find_and_load
  File "<frozen importlib._bootstrap>", line 1006, in _find_and_load_unlocked
  File "<frozen importlib._bootstrap>", line 688, in _load_unlocked
  File "<frozen importlib._bootstrap_external>", line 883, in exec_module
  File "<frozen importlib._bootstrap>", line 241, in _call_with_frames_removed
  File "/home/sachit/Documents/VSCProjects/optimiseGEO/venv/lib/python3.10/site-packages/transformers/models/tvp/image_processing_tvp.py", line 17, in <module>
    from torchvision.transforms.v2 import functional as tvF
ModuleNotFoundError: No module named 'torchvision'
2026-07-29 20:21:08.063 Examining the path of transformers.models.videomae.image_processing_videomae_fast raised:
Traceback (most recent call last):
  File "/home/sachit/Documents/VSCProjects/optimiseGEO/venv/lib/python3.10/site-packages/streamlit/watcher/local_sources_watcher.py", line 340, in get_module_paths
    potential_paths = extract_paths(module)
  File "/home/sachit/Documents/VSCProjects/optimiseGEO/venv/lib/python3.10/site-packages/streamlit/watcher/local_sources_watcher.py", line 327, in <lambda>
    if hasattr(m, "__path__")
  File "/home/sachit/Documents/VSCProjects/optimiseGEO/venv/lib/python3.10/site-packages/transformers/__init__.py", line 862, in _getattr
    return getattr(importlib.import_module(target, __name__), name)
  File "/usr/lib/python3.10/importlib/__init__.py", line 126, in import_module
    return _bootstrap._gcd_import(name[level:], package, level)
  File "<frozen importlib._bootstrap>", line 1050, in _gcd_import
  File "<frozen importlib._bootstrap>", line 1027, in _find_and_load
  File "<frozen importlib._bootstrap>", line 1006, in _find_and_load_unlocked
  File "<frozen importlib._bootstrap>", line 688, in _load_unlocked
  File "<frozen importlib._bootstrap_external>", line 883, in exec_module
  File "<frozen importlib._bootstrap>", line 241, in _call_with_frames_removed
  File "/home/sachit/Documents/VSCProjects/optimiseGEO/venv/lib/python3.10/site-packages/transformers/models/videomae/image_processing_videomae.py", line 17, in <module>
    from torchvision.transforms.v2 import functional as tvF
ModuleNotFoundError: No module named 'torchvision'
2026-07-29 20:21:08.065 Examining the path of transformers.models.vilt.image_processing_vilt_fast raised:
Traceback (most recent call last):
  File "/home/sachit/Documents/VSCProjects/optimiseGEO/venv/lib/python3.10/site-packages/streamlit/watcher/local_sources_watcher.py", line 340, in get_module_paths
    potential_paths = extract_paths(module)
  File "/home/sachit/Documents/VSCProjects/optimiseGEO/venv/lib/python3.10/site-packages/streamlit/watcher/local_sources_watcher.py", line 327, in <lambda>
    if hasattr(m, "__path__")
  File "/home/sachit/Documents/VSCProjects/optimiseGEO/venv/lib/python3.10/site-packages/transformers/__init__.py", line 862, in _getattr
    return getattr(importlib.import_module(target, __name__), name)
  File "/usr/lib/python3.10/importlib/__init__.py", line 126, in import_module
    return _bootstrap._gcd_import(name[level:], package, level)
  File "<frozen importlib._bootstrap>", line 1050, in _gcd_import
  File "<frozen importlib._bootstrap>", line 1027, in _find_and_load
  File "<frozen importlib._bootstrap>", line 1006, in _find_and_load_unlocked
  File "<frozen importlib._bootstrap>", line 688, in _load_unlocked
  File "<frozen importlib._bootstrap_external>", line 883, in exec_module
  File "<frozen importlib._bootstrap>", line 241, in _call_with_frames_removed
  File "/home/sachit/Documents/VSCProjects/optimiseGEO/venv/lib/python3.10/site-packages/transformers/models/vilt/image_processing_vilt.py", line 17, in <module>
    from torchvision.transforms.v2 import functional as tvF
ModuleNotFoundError: No module named 'torchvision'
2026-07-29 20:21:08.069 Examining the path of transformers.models.vitmatte.image_processing_vitmatte_fast raised:
Traceback (most recent call last):
  File "/home/sachit/Documents/VSCProjects/optimiseGEO/venv/lib/python3.10/site-packages/streamlit/watcher/local_sources_watcher.py", line 340, in get_module_paths
    potential_paths = extract_paths(module)
  File "/home/sachit/Documents/VSCProjects/optimiseGEO/venv/lib/python3.10/site-packages/streamlit/watcher/local_sources_watcher.py", line 327, in <lambda>
    if hasattr(m, "__path__")
  File "/home/sachit/Documents/VSCProjects/optimiseGEO/venv/lib/python3.10/site-packages/transformers/__init__.py", line 862, in _getattr
    return getattr(importlib.import_module(target, __name__), name)
  File "/usr/lib/python3.10/importlib/__init__.py", line 126, in import_module
    return _bootstrap._gcd_import(name[level:], package, level)
  File "<frozen importlib._bootstrap>", line 1050, in _gcd_import
  File "<frozen importlib._bootstrap>", line 1027, in _find_and_load
  File "<frozen importlib._bootstrap>", line 1006, in _find_and_load_unlocked
  File "<frozen importlib._bootstrap>", line 688, in _load_unlocked
  File "<frozen importlib._bootstrap_external>", line 883, in exec_module
  File "<frozen importlib._bootstrap>", line 241, in _call_with_frames_removed
  File "/home/sachit/Documents/VSCProjects/optimiseGEO/venv/lib/python3.10/site-packages/transformers/models/vitmatte/image_processing_vitmatte.py", line 19, in <module>
    from torchvision.transforms.v2 import functional as tvF
ModuleNotFoundError: No module named 'torchvision'
2026-07-29 20:21:08.073 Examining the path of transformers.models.vitpose.image_processing_vitpose_fast raised:
Traceback (most recent call last):
  File "/home/sachit/Documents/VSCProjects/optimiseGEO/venv/lib/python3.10/site-packages/streamlit/watcher/local_sources_watcher.py", line 340, in get_module_paths
    potential_paths = extract_paths(module)
  File "/home/sachit/Documents/VSCProjects/optimiseGEO/venv/lib/python3.10/site-packages/streamlit/watcher/local_sources_watcher.py", line 327, in <lambda>
    if hasattr(m, "__path__")
  File "/home/sachit/Documents/VSCProjects/optimiseGEO/venv/lib/python3.10/site-packages/transformers/__init__.py", line 862, in _getattr
    return getattr(importlib.import_module(target, __name__), name)
  File "/usr/lib/python3.10/importlib/__init__.py", line 126, in import_module
    return _bootstrap._gcd_import(name[level:], package, level)
  File "<frozen importlib._bootstrap>", line 1050, in _gcd_import
  File "<frozen importlib._bootstrap>", line 1027, in _find_and_load
  File "<frozen importlib._bootstrap>", line 1006, in _find_and_load_unlocked
  File "<frozen importlib._bootstrap>", line 688, in _load_unlocked
  File "<frozen importlib._bootstrap_external>", line 883, in exec_module
  File "<frozen importlib._bootstrap>", line 241, in _call_with_frames_removed
  File "/home/sachit/Documents/VSCProjects/optimiseGEO/venv/lib/python3.10/site-packages/transformers/models/vitpose/image_processing_vitpose.py", line 22, in <module>
    from torchvision.transforms.v2 import functional as tvF
ModuleNotFoundError: No module named 'torchvision'
2026-07-29 20:21:08.079 Examining the path of transformers.models.yolos.image_processing_yolos_fast raised:
Traceback (most recent call last):
  File "/home/sachit/Documents/VSCProjects/optimiseGEO/venv/lib/python3.10/site-packages/streamlit/watcher/local_sources_watcher.py", line 340, in get_module_paths
    potential_paths = extract_paths(module)
  File "/home/sachit/Documents/VSCProjects/optimiseGEO/venv/lib/python3.10/site-packages/streamlit/watcher/local_sources_watcher.py", line 327, in <lambda>
    if hasattr(m, "__path__")
  File "/home/sachit/Documents/VSCProjects/optimiseGEO/venv/lib/python3.10/site-packages/transformers/__init__.py", line 862, in _getattr
    return getattr(importlib.import_module(target, __name__), name)
  File "/usr/lib/python3.10/importlib/__init__.py", line 126, in import_module
    return _bootstrap._gcd_import(name[level:], package, level)
  File "<frozen importlib._bootstrap>", line 1050, in _gcd_import
  File "<frozen importlib._bootstrap>", line 1027, in _find_and_load
  File "<frozen importlib._bootstrap>", line 1006, in _find_and_load_unlocked
  File "<frozen importlib._bootstrap>", line 688, in _load_unlocked
  File "<frozen importlib._bootstrap_external>", line 883, in exec_module
  File "<frozen importlib._bootstrap>", line 241, in _call_with_frames_removed
  File "/home/sachit/Documents/VSCProjects/optimiseGEO/venv/lib/python3.10/site-packages/transformers/models/yolos/image_processing_yolos.py", line 12, in <module>
    from torchvision.io import read_image
ModuleNotFoundError: No module named 'torchvision'
2026-07-29 20:21:08.084 Examining the path of transformers.models.zoedepth.image_processing_zoedepth_fast raised:
Traceback (most recent call last):
  File "/home/sachit/Documents/VSCProjects/optimiseGEO/venv/lib/python3.10/site-packages/streamlit/watcher/local_sources_watcher.py", line 340, in get_module_paths
    potential_paths = extract_paths(module)
  File "/home/sachit/Documents/VSCProjects/optimiseGEO/venv/lib/python3.10/site-packages/streamlit/watcher/local_sources_watcher.py", line 327, in <lambda>
    if hasattr(m, "__path__")
  File "/home/sachit/Documents/VSCProjects/optimiseGEO/venv/lib/python3.10/site-packages/transformers/__init__.py", line 862, in _getattr
    return getattr(importlib.import_module(target, __name__), name)
  File "/usr/lib/python3.10/importlib/__init__.py", line 126, in import_module
    return _bootstrap._gcd_import(name[level:], package, level)
  File "<frozen importlib._bootstrap>", line 1050, in _gcd_import
  File "<frozen importlib._bootstrap>", line 1027, in _find_and_load
  File "<frozen importlib._bootstrap>", line 1006, in _find_and_load_unlocked
  File "<frozen importlib._bootstrap>", line 688, in _load_unlocked
  File "<frozen importlib._bootstrap_external>", line 883, in exec_module
  File "<frozen importlib._bootstrap>", line 241, in _call_with_frames_removed
  File "/home/sachit/Documents/VSCProjects/optimiseGEO/venv/lib/python3.10/site-packages/transformers/models/zoedepth/image_processing_zoedepth.py", line 43, in <module>
    from torchvision.transforms.v2 import functional as tvF
ModuleNotFoundError: No module named 'torchvision'
2026-07-29 20:21:16.806 Examining the path of transformers.models.aria.image_processing_aria_fast raised:
Traceback (most recent call last):
  File "/home/sachit/Documents/VSCProjects/optimiseGEO/venv/lib/python3.10/site-packages/streamlit/watcher/local_sources_watcher.py", line 340, in get_module_paths
    potential_paths = extract_paths(module)
  File "/home/sachit/Documents/VSCProjects/optimiseGEO/venv/lib/python3.10/site-packages/streamlit/watcher/local_sources_watcher.py", line 327, in <lambda>
    if hasattr(m, "__path__")
  File "/home/sachit/Documents/VSCProjects/optimiseGEO/venv/lib/python3.10/site-packages/transformers/__init__.py", line 862, in _getattr
    return getattr(importlib.import_module(target, __name__), name)
  File "/usr/lib/python3.10/importlib/__init__.py", line 126, in import_module
    return _bootstrap._gcd_import(name[level:], package, level)
  File "<frozen importlib._bootstrap>", line 1050, in _gcd_import
  File "<frozen importlib._bootstrap>", line 1027, in _find_and_load
  File "<frozen importlib._bootstrap>", line 1006, in _find_and_load_unlocked
  File "<frozen importlib._bootstrap>", line 688, in _load_unlocked
  File "<frozen importlib._bootstrap_external>", line 883, in exec_module
  File "<frozen importlib._bootstrap>", line 241, in _call_with_frames_removed
  File "/home/sachit/Documents/VSCProjects/optimiseGEO/venv/lib/python3.10/site-packages/transformers/models/aria/image_processing_aria.py", line 23, in <module>
    from torchvision.transforms.v2 import functional as tvF
ModuleNotFoundError: No module named 'torchvision'
2026-07-29 20:21:16.807 Examining the path of transformers.models.beit.image_processing_beit_fast raised:
Traceback (most recent call last):
  File "/home/sachit/Documents/VSCProjects/optimiseGEO/venv/lib/python3.10/site-packages/streamlit/watcher/local_sources_watcher.py", line 340, in get_module_paths
    potential_paths = extract_paths(module)
  File "/home/sachit/Documents/VSCProjects/optimiseGEO/venv/lib/python3.10/site-packages/streamlit/watcher/local_sources_watcher.py", line 327, in <lambda>
    if hasattr(m, "__path__")
  File "/home/sachit/Documents/VSCProjects/optimiseGEO/venv/lib/python3.10/site-packages/transformers/__init__.py", line 862, in _getattr
    return getattr(importlib.import_module(target, __name__), name)
  File "/usr/lib/python3.10/importlib/__init__.py", line 126, in import_module
    return _bootstrap._gcd_import(name[level:], package, level)
  File "<frozen importlib._bootstrap>", line 1050, in _gcd_import
  File "<frozen importlib._bootstrap>", line 1027, in _find_and_load
  File "<frozen importlib._bootstrap>", line 1006, in _find_and_load_unlocked
  File "<frozen importlib._bootstrap>", line 688, in _load_unlocked
  File "<frozen importlib._bootstrap_external>", line 883, in exec_module
  File "<frozen importlib._bootstrap>", line 241, in _call_with_frames_removed
  File "/home/sachit/Documents/VSCProjects/optimiseGEO/venv/lib/python3.10/site-packages/transformers/models/beit/image_processing_beit.py", line 20, in <module>
    from torchvision.transforms.v2 import functional as tvF
ModuleNotFoundError: No module named 'torchvision'
2026-07-29 20:21:16.808 Examining the path of transformers.models.bridgetower.image_processing_bridgetower_fast raised:
Traceback (most recent call last):
  File "/home/sachit/Documents/VSCProjects/optimiseGEO/venv/lib/python3.10/site-packages/streamlit/watcher/local_sources_watcher.py", line 340, in get_module_paths
    potential_paths = extract_paths(module)
  File "/home/sachit/Documents/VSCProjects/optimiseGEO/venv/lib/python3.10/site-packages/streamlit/watcher/local_sources_watcher.py", line 327, in <lambda>
    if hasattr(m, "__path__")
  File "/home/sachit/Documents/VSCProjects/optimiseGEO/venv/lib/python3.10/site-packages/transformers/__init__.py", line 862, in _getattr
    return getattr(importlib.import_module(target, __name__), name)
  File "/usr/lib/python3.10/importlib/__init__.py", line 126, in import_module
    return _bootstrap._gcd_import(name[level:], package, level)
  File "<frozen importlib._bootstrap>", line 1050, in _gcd_import
  File "<frozen importlib._bootstrap>", line 1027, in _find_and_load
  File "<frozen importlib._bootstrap>", line 1006, in _find_and_load_unlocked
  File "<frozen importlib._bootstrap>", line 688, in _load_unlocked
  File "<frozen importlib._bootstrap_external>", line 883, in exec_module
  File "<frozen importlib._bootstrap>", line 241, in _call_with_frames_removed
  File "/home/sachit/Documents/VSCProjects/optimiseGEO/venv/lib/python3.10/site-packages/transformers/models/bridgetower/image_processing_bridgetower.py", line 20, in <module>
    from torchvision.transforms.v2 import functional as tvF
ModuleNotFoundError: No module named 'torchvision'
2026-07-29 20:21:16.809 Examining the path of transformers.models.chmv2.image_processing_chmv2_fast raised:
Traceback (most recent call last):
  File "/home/sachit/Documents/VSCProjects/optimiseGEO/venv/lib/python3.10/site-packages/streamlit/watcher/local_sources_watcher.py", line 340, in get_module_paths
    potential_paths = extract_paths(module)
  File "/home/sachit/Documents/VSCProjects/optimiseGEO/venv/lib/python3.10/site-packages/streamlit/watcher/local_sources_watcher.py", line 327, in <lambda>
    if hasattr(m, "__path__")
  File "/home/sachit/Documents/VSCProjects/optimiseGEO/venv/lib/python3.10/site-packages/transformers/__init__.py", line 862, in _getattr
    return getattr(importlib.import_module(target, __name__), name)
  File "/usr/lib/python3.10/importlib/__init__.py", line 126, in import_module
    return _bootstrap._gcd_import(name[level:], package, level)
  File "<frozen importlib._bootstrap>", line 1050, in _gcd_import
  File "<frozen importlib._bootstrap>", line 1027, in _find_and_load
  File "<frozen importlib._bootstrap>", line 1006, in _find_and_load_unlocked
  File "<frozen importlib._bootstrap>", line 688, in _load_unlocked
  File "<frozen importlib._bootstrap_external>", line 883, in exec_module
  File "<frozen importlib._bootstrap>", line 241, in _call_with_frames_removed
  File "/home/sachit/Documents/VSCProjects/optimiseGEO/venv/lib/python3.10/site-packages/transformers/models/chmv2/image_processing_chmv2.py", line 27, in <module>
    from torchvision.transforms.v2 import functional as tvF
ModuleNotFoundError: No module named 'torchvision'
2026-07-29 20:21:16.809 Examining the path of transformers.models.cohere2_vision.image_processing_cohere2_vision_fast raised:
Traceback (most recent call last):
  File "/home/sachit/Documents/VSCProjects/optimiseGEO/venv/lib/python3.10/site-packages/streamlit/watcher/local_sources_watcher.py", line 340, in get_module_paths
    potential_paths = extract_paths(module)
  File "/home/sachit/Documents/VSCProjects/optimiseGEO/venv/lib/python3.10/site-packages/streamlit/watcher/local_sources_watcher.py", line 327, in <lambda>
    if hasattr(m, "__path__")
  File "/home/sachit/Documents/VSCProjects/optimiseGEO/venv/lib/python3.10/site-packages/transformers/__init__.py", line 862, in _getattr
    return getattr(importlib.import_module(target, __name__), name)
  File "/usr/lib/python3.10/importlib/__init__.py", line 126, in import_module
    return _bootstrap._gcd_import(name[level:], package, level)
  File "<frozen importlib._bootstrap>", line 1050, in _gcd_import
  File "<frozen importlib._bootstrap>", line 1027, in _find_and_load
  File "<frozen importlib._bootstrap>", line 1006, in _find_and_load_unlocked
  File "<frozen importlib._bootstrap>", line 688, in _load_unlocked
  File "<frozen importlib._bootstrap_external>", line 883, in exec_module
  File "<frozen importlib._bootstrap>", line 241, in _call_with_frames_removed
  File "/home/sachit/Documents/VSCProjects/optimiseGEO/venv/lib/python3.10/site-packages/transformers/models/cohere2_vision/image_processing_cohere2_vision.py", line 25, in <module>
    from torchvision.transforms.v2 import functional as tvF
ModuleNotFoundError: No module named 'torchvision'
2026-07-29 20:21:16.810 Examining the path of transformers.models.conditional_detr.image_processing_conditional_detr_fast raised:
Traceback (most recent call last):
  File "/home/sachit/Documents/VSCProjects/optimiseGEO/venv/lib/python3.10/site-packages/streamlit/watcher/local_sources_watcher.py", line 340, in get_module_paths
    potential_paths = extract_paths(module)
  File "/home/sachit/Documents/VSCProjects/optimiseGEO/venv/lib/python3.10/site-packages/streamlit/watcher/local_sources_watcher.py", line 327, in <lambda>
    if hasattr(m, "__path__")
  File "/home/sachit/Documents/VSCProjects/optimiseGEO/venv/lib/python3.10/site-packages/transformers/__init__.py", line 862, in _getattr
    return getattr(importlib.import_module(target, __name__), name)
  File "/usr/lib/python3.10/importlib/__init__.py", line 126, in import_module
    return _bootstrap._gcd_import(name[level:], package, level)
  File "<frozen importlib._bootstrap>", line 1050, in _gcd_import
  File "<frozen importlib._bootstrap>", line 1027, in _find_and_load
  File "<frozen importlib._bootstrap>", line 1006, in _find_and_load_unlocked
  File "<frozen importlib._bootstrap>", line 688, in _load_unlocked
  File "<frozen importlib._bootstrap_external>", line 883, in exec_module
  File "<frozen importlib._bootstrap>", line 241, in _call_with_frames_removed
  File "/home/sachit/Documents/VSCProjects/optimiseGEO/venv/lib/python3.10/site-packages/transformers/models/conditional_detr/image_processing_conditional_detr.py", line 27, in <module>
    from torchvision.io import read_image
ModuleNotFoundError: No module named 'torchvision'
2026-07-29 20:21:16.810 Examining the path of transformers.models.convnext.image_processing_convnext_fast raised:
Traceback (most recent call last):
  File "/home/sachit/Documents/VSCProjects/optimiseGEO/venv/lib/python3.10/site-packages/streamlit/watcher/local_sources_watcher.py", line 340, in get_module_paths
    potential_paths = extract_paths(module)
  File "/home/sachit/Documents/VSCProjects/optimiseGEO/venv/lib/python3.10/site-packages/streamlit/watcher/local_sources_watcher.py", line 327, in <lambda>
    if hasattr(m, "__path__")
  File "/home/sachit/Documents/VSCProjects/optimiseGEO/venv/lib/python3.10/site-packages/transformers/__init__.py", line 862, in _getattr
    return getattr(importlib.import_module(target, __name__), name)
  File "/usr/lib/python3.10/importlib/__init__.py", line 126, in import_module
    return _bootstrap._gcd_import(name[level:], package, level)
  File "<frozen importlib._bootstrap>", line 1050, in _gcd_import
  File "<frozen importlib._bootstrap>", line 1027, in _find_and_load
  File "<frozen importlib._bootstrap>", line 1006, in _find_and_load_unlocked
  File "<frozen importlib._bootstrap>", line 688, in _load_unlocked
  File "<frozen importlib._bootstrap_external>", line 883, in exec_module
  File "<frozen importlib._bootstrap>", line 241, in _call_with_frames_removed
  File "/home/sachit/Documents/VSCProjects/optimiseGEO/venv/lib/python3.10/site-packages/transformers/models/convnext/image_processing_convnext.py", line 17, in <module>
    from torchvision.transforms.v2 import functional as tvF
ModuleNotFoundError: No module named 'torchvision'
2026-07-29 20:21:16.811 Examining the path of transformers.models.deepseek_ocr2.image_processing_deepseek_ocr2_fast raised:
Traceback (most recent call last):
  File "/home/sachit/Documents/VSCProjects/optimiseGEO/venv/lib/python3.10/site-packages/streamlit/watcher/local_sources_watcher.py", line 340, in get_module_paths
    potential_paths = extract_paths(module)
  File "/home/sachit/Documents/VSCProjects/optimiseGEO/venv/lib/python3.10/site-packages/streamlit/watcher/local_sources_watcher.py", line 327, in <lambda>
    if hasattr(m, "__path__")
  File "/home/sachit/Documents/VSCProjects/optimiseGEO/venv/lib/python3.10/site-packages/transformers/__init__.py", line 862, in _getattr
    return getattr(importlib.import_module(target, __name__), name)
  File "/usr/lib/python3.10/importlib/__init__.py", line 126, in import_module
    return _bootstrap._gcd_import(name[level:], package, level)
  File "<frozen importlib._bootstrap>", line 1050, in _gcd_import
  File "<frozen importlib._bootstrap>", line 1027, in _find_and_load
  File "<frozen importlib._bootstrap>", line 1006, in _find_and_load_unlocked
  File "<frozen importlib._bootstrap>", line 688, in _load_unlocked
  File "<frozen importlib._bootstrap_external>", line 883, in exec_module
  File "<frozen importlib._bootstrap>", line 241, in _call_with_frames_removed
  File "/home/sachit/Documents/VSCProjects/optimiseGEO/venv/lib/python3.10/site-packages/transformers/models/deepseek_ocr2/image_processing_deepseek_ocr2.py", line 24, in <module>
    from torchvision.transforms.v2 import functional as tvF
ModuleNotFoundError: No module named 'torchvision'
2026-07-29 20:21:16.811 Examining the path of transformers.models.deepseek_vl.image_processing_deepseek_vl_fast raised:
Traceback (most recent call last):
  File "/home/sachit/Documents/VSCProjects/optimiseGEO/venv/lib/python3.10/site-packages/streamlit/watcher/local_sources_watcher.py", line 340, in get_module_paths
    potential_paths = extract_paths(module)
  File "/home/sachit/Documents/VSCProjects/optimiseGEO/venv/lib/python3.10/site-packages/streamlit/watcher/local_sources_watcher.py", line 327, in <lambda>
    if hasattr(m, "__path__")
  File "/home/sachit/Documents/VSCProjects/optimiseGEO/venv/lib/python3.10/site-packages/transformers/__init__.py", line 862, in _getattr
    return getattr(importlib.import_module(target, __name__), name)
  File "/usr/lib/python3.10/importlib/__init__.py", line 126, in import_module
    return _bootstrap._gcd_import(name[level:], package, level)
  File "<frozen importlib._bootstrap>", line 1050, in _gcd_import
  File "<frozen importlib._bootstrap>", line 1027, in _find_and_load
  File "<frozen importlib._bootstrap>", line 1006, in _find_and_load_unlocked
  File "<frozen importlib._bootstrap>", line 688, in _load_unlocked
  File "<frozen importlib._bootstrap_external>", line 883, in exec_module
  File "<frozen importlib._bootstrap>", line 241, in _call_with_frames_removed
  File "/home/sachit/Documents/VSCProjects/optimiseGEO/venv/lib/python3.10/site-packages/transformers/models/deepseek_vl/image_processing_deepseek_vl.py", line 23, in <module>
    import torchvision.transforms.v2.functional as tvF
ModuleNotFoundError: No module named 'torchvision'
2026-07-29 20:21:16.812 Examining the path of transformers.models.deepseek_vl_hybrid.image_processing_deepseek_vl_hybrid_fast raised:
Traceback (most recent call last):
  File "/home/sachit/Documents/VSCProjects/optimiseGEO/venv/lib/python3.10/site-packages/streamlit/watcher/local_sources_watcher.py", line 340, in get_module_paths
    potential_paths = extract_paths(module)
  File "/home/sachit/Documents/VSCProjects/optimiseGEO/venv/lib/python3.10/site-packages/streamlit/watcher/local_sources_watcher.py", line 327, in <lambda>
    if hasattr(m, "__path__")
  File "/home/sachit/Documents/VSCProjects/optimiseGEO/venv/lib/python3.10/site-packages/transformers/__init__.py", line 862, in _getattr
    return getattr(importlib.import_module(target, __name__), name)
  File "/usr/lib/python3.10/importlib/__init__.py", line 126, in import_module
    return _bootstrap._gcd_import(name[level:], package, level)
  File "<frozen importlib._bootstrap>", line 1050, in _gcd_import
  File "<frozen importlib._bootstrap>", line 1027, in _find_and_load
  File "<frozen importlib._bootstrap>", line 1006, in _find_and_load_unlocked
  File "<frozen importlib._bootstrap>", line 688, in _load_unlocked
  File "<frozen importlib._bootstrap_external>", line 883, in exec_module
  File "<frozen importlib._bootstrap>", line 241, in _call_with_frames_removed
  File "/home/sachit/Documents/VSCProjects/optimiseGEO/venv/lib/python3.10/site-packages/transformers/models/deepseek_vl_hybrid/image_processing_deepseek_vl_hybrid.py", line 25, in <module>
    import torchvision.transforms.v2.functional as tvF
ModuleNotFoundError: No module named 'torchvision'
2026-07-29 20:21:16.813 Examining the path of transformers.models.deformable_detr.image_processing_deformable_detr_fast raised:
Traceback (most recent call last):
  File "/home/sachit/Documents/VSCProjects/optimiseGEO/venv/lib/python3.10/site-packages/streamlit/watcher/local_sources_watcher.py", line 340, in get_module_paths
    potential_paths = extract_paths(module)
  File "/home/sachit/Documents/VSCProjects/optimiseGEO/venv/lib/python3.10/site-packages/streamlit/watcher/local_sources_watcher.py", line 327, in <lambda>
    if hasattr(m, "__path__")
  File "/home/sachit/Documents/VSCProjects/optimiseGEO/venv/lib/python3.10/site-packages/transformers/__init__.py", line 862, in _getattr
    return getattr(importlib.import_module(target, __name__), name)
  File "/usr/lib/python3.10/importlib/__init__.py", line 126, in import_module
    return _bootstrap._gcd_import(name[level:], package, level)
  File "<frozen importlib._bootstrap>", line 1050, in _gcd_import
  File "<frozen importlib._bootstrap>", line 1027, in _find_and_load
  File "<frozen importlib._bootstrap>", line 1006, in _find_and_load_unlocked
  File "<frozen importlib._bootstrap>", line 688, in _load_unlocked
  File "<frozen importlib._bootstrap_external>", line 883, in exec_module
  File "<frozen importlib._bootstrap>", line 241, in _call_with_frames_removed
  File "/home/sachit/Documents/VSCProjects/optimiseGEO/venv/lib/python3.10/site-packages/transformers/models/deformable_detr/image_processing_deformable_detr.py", line 25, in <module>
    from torchvision.io import read_image
ModuleNotFoundError: No module named 'torchvision'
2026-07-29 20:21:16.813 Examining the path of transformers.models.depth_pro.image_processing_depth_pro_fast raised:
Traceback (most recent call last):
  File "/home/sachit/Documents/VSCProjects/optimiseGEO/venv/lib/python3.10/site-packages/streamlit/watcher/local_sources_watcher.py", line 340, in get_module_paths
    potential_paths = extract_paths(module)
  File "/home/sachit/Documents/VSCProjects/optimiseGEO/venv/lib/python3.10/site-packages/streamlit/watcher/local_sources_watcher.py", line 327, in <lambda>
    if hasattr(m, "__path__")
  File "/home/sachit/Documents/VSCProjects/optimiseGEO/venv/lib/python3.10/site-packages/transformers/__init__.py", line 862, in _getattr
    return getattr(importlib.import_module(target, __name__), name)
  File "/usr/lib/python3.10/importlib/__init__.py", line 126, in import_module
    return _bootstrap._gcd_import(name[level:], package, level)
  File "<frozen importlib._bootstrap>", line 1050, in _gcd_import
  File "<frozen importlib._bootstrap>", line 1027, in _find_and_load
  File "<frozen importlib._bootstrap>", line 1006, in _find_and_load_unlocked
  File "<frozen importlib._bootstrap>", line 688, in _load_unlocked
  File "<frozen importlib._bootstrap_external>", line 883, in exec_module
  File "<frozen importlib._bootstrap>", line 241, in _call_with_frames_removed
  File "/home/sachit/Documents/VSCProjects/optimiseGEO/venv/lib/python3.10/site-packages/transformers/models/depth_pro/image_processing_depth_pro.py", line 19, in <module>
    from torchvision.transforms.v2 import functional as tvF
ModuleNotFoundError: No module named 'torchvision'
2026-07-29 20:21:16.813 Examining the path of transformers.models.detr.image_processing_detr_fast raised:
Traceback (most recent call last):
  File "/home/sachit/Documents/VSCProjects/optimiseGEO/venv/lib/python3.10/site-packages/streamlit/watcher/local_sources_watcher.py", line 340, in get_module_paths
    potential_paths = extract_paths(module)
  File "/home/sachit/Documents/VSCProjects/optimiseGEO/venv/lib/python3.10/site-packages/streamlit/watcher/local_sources_watcher.py", line 327, in <lambda>
    if hasattr(m, "__path__")
  File "/home/sachit/Documents/VSCProjects/optimiseGEO/venv/lib/python3.10/site-packages/transformers/__init__.py", line 862, in _getattr
    return getattr(importlib.import_module(target, __name__), name)
  File "/usr/lib/python3.10/importlib/__init__.py", line 126, in import_module
    return _bootstrap._gcd_import(name[level:], package, level)
  File "<frozen importlib._bootstrap>", line 1050, in _gcd_import
  File "<frozen importlib._bootstrap>", line 1027, in _find_and_load
  File "<frozen importlib._bootstrap>", line 1006, in _find_and_load_unlocked
  File "<frozen importlib._bootstrap>", line 688, in _load_unlocked
  File "<frozen importlib._bootstrap_external>", line 883, in exec_module
  File "<frozen importlib._bootstrap>", line 241, in _call_with_frames_removed
  File "/home/sachit/Documents/VSCProjects/optimiseGEO/venv/lib/python3.10/site-packages/transformers/models/detr/image_processing_detr.py", line 22, in <module>
    from torchvision.io import read_image
ModuleNotFoundError: No module named 'torchvision'
2026-07-29 20:21:16.814 Examining the path of transformers.models.dinov3_vit.image_processing_dinov3_vit_fast raised:
Traceback (most recent call last):
  File "/home/sachit/Documents/VSCProjects/optimiseGEO/venv/lib/python3.10/site-packages/streamlit/watcher/local_sources_watcher.py", line 340, in get_module_paths
    potential_paths = extract_paths(module)
  File "/home/sachit/Documents/VSCProjects/optimiseGEO/venv/lib/python3.10/site-packages/streamlit/watcher/local_sources_watcher.py", line 327, in <lambda>
    if hasattr(m, "__path__")
  File "/home/sachit/Documents/VSCProjects/optimiseGEO/venv/lib/python3.10/site-packages/transformers/__init__.py", line 862, in _getattr
    return getattr(importlib.import_module(target, __name__), name)
  File "/usr/lib/python3.10/importlib/__init__.py", line 126, in import_module
    return _bootstrap._gcd_import(name[level:], package, level)
  File "<frozen importlib._bootstrap>", line 1050, in _gcd_import
  File "<frozen importlib._bootstrap>", line 1027, in _find_and_load
  File "<frozen importlib._bootstrap>", line 1006, in _find_and_load_unlocked
  File "<frozen importlib._bootstrap>", line 688, in _load_unlocked
  File "<frozen importlib._bootstrap_external>", line 883, in exec_module
  File "<frozen importlib._bootstrap>", line 241, in _call_with_frames_removed
  File "/home/sachit/Documents/VSCProjects/optimiseGEO/venv/lib/python3.10/site-packages/transformers/models/dinov3_vit/image_processing_dinov3_vit.py", line 17, in <module>
    from torchvision.transforms.v2 import functional as tvF
ModuleNotFoundError: No module named 'torchvision'
2026-07-29 20:21:16.814 Examining the path of transformers.models.donut.image_processing_donut_fast raised:
Traceback (most recent call last):
  File "/home/sachit/Documents/VSCProjects/optimiseGEO/venv/lib/python3.10/site-packages/streamlit/watcher/local_sources_watcher.py", line 340, in get_module_paths
    potential_paths = extract_paths(module)
  File "/home/sachit/Documents/VSCProjects/optimiseGEO/venv/lib/python3.10/site-packages/streamlit/watcher/local_sources_watcher.py", line 327, in <lambda>
    if hasattr(m, "__path__")
  File "/home/sachit/Documents/VSCProjects/optimiseGEO/venv/lib/python3.10/site-packages/transformers/__init__.py", line 862, in _getattr
    return getattr(importlib.import_module(target, __name__), name)
  File "/usr/lib/python3.10/importlib/__init__.py", line 126, in import_module
    return _bootstrap._gcd_import(name[level:], package, level)
  File "<frozen importlib._bootstrap>", line 1050, in _gcd_import
  File "<frozen importlib._bootstrap>", line 1027, in _find_and_load
  File "<frozen importlib._bootstrap>", line 1006, in _find_and_load_unlocked
  File "<frozen importlib._bootstrap>", line 688, in _load_unlocked
  File "<frozen importlib._bootstrap_external>", line 883, in exec_module
  File "<frozen importlib._bootstrap>", line 241, in _call_with_frames_removed
  File "/home/sachit/Documents/VSCProjects/optimiseGEO/venv/lib/python3.10/site-packages/transformers/models/donut/image_processing_donut.py", line 17, in <module>
    from torchvision.transforms.v2 import functional as tvF
ModuleNotFoundError: No module named 'torchvision'
2026-07-29 20:21:16.815 Examining the path of transformers.models.dpt.image_processing_dpt_fast raised:
Traceback (most recent call last):
  File "/home/sachit/Documents/VSCProjects/optimiseGEO/venv/lib/python3.10/site-packages/streamlit/watcher/local_sources_watcher.py", line 340, in get_module_paths
    potential_paths = extract_paths(module)
  File "/home/sachit/Documents/VSCProjects/optimiseGEO/venv/lib/python3.10/site-packages/streamlit/watcher/local_sources_watcher.py", line 327, in <lambda>
    if hasattr(m, "__path__")
  File "/home/sachit/Documents/VSCProjects/optimiseGEO/venv/lib/python3.10/site-packages/transformers/__init__.py", line 862, in _getattr
    return getattr(importlib.import_module(target, __name__), name)
  File "/usr/lib/python3.10/importlib/__init__.py", line 126, in import_module
    return _bootstrap._gcd_import(name[level:], package, level)
  File "<frozen importlib._bootstrap>", line 1050, in _gcd_import
  File "<frozen importlib._bootstrap>", line 1027, in _find_and_load
  File "<frozen importlib._bootstrap>", line 1006, in _find_and_load_unlocked
  File "<frozen importlib._bootstrap>", line 688, in _load_unlocked
  File "<frozen importlib._bootstrap_external>", line 883, in exec_module
  File "<frozen importlib._bootstrap>", line 241, in _call_with_frames_removed
  File "/home/sachit/Documents/VSCProjects/optimiseGEO/venv/lib/python3.10/site-packages/transformers/models/dpt/image_processing_dpt.py", line 28, in <module>
    from torchvision.transforms.v2 import functional as tvF
ModuleNotFoundError: No module named 'torchvision'
2026-07-29 20:21:16.816 Examining the path of transformers.models.efficientloftr.image_processing_efficientloftr_fast raised:
Traceback (most recent call last):
  File "/home/sachit/Documents/VSCProjects/optimiseGEO/venv/lib/python3.10/site-packages/streamlit/watcher/local_sources_watcher.py", line 340, in get_module_paths
    potential_paths = extract_paths(module)
  File "/home/sachit/Documents/VSCProjects/optimiseGEO/venv/lib/python3.10/site-packages/streamlit/watcher/local_sources_watcher.py", line 327, in <lambda>
    if hasattr(m, "__path__")
  File "/home/sachit/Documents/VSCProjects/optimiseGEO/venv/lib/python3.10/site-packages/transformers/__init__.py", line 862, in _getattr
    return getattr(importlib.import_module(target, __name__), name)
  File "/usr/lib/python3.10/importlib/__init__.py", line 126, in import_module
    return _bootstrap._gcd_import(name[level:], package, level)
  File "<frozen importlib._bootstrap>", line 1050, in _gcd_import
  File "<frozen importlib._bootstrap>", line 1027, in _find_and_load
  File "<frozen importlib._bootstrap>", line 1006, in _find_and_load_unlocked
  File "<frozen importlib._bootstrap>", line 688, in _load_unlocked
  File "<frozen importlib._bootstrap_external>", line 883, in exec_module
  File "<frozen importlib._bootstrap>", line 241, in _call_with_frames_removed
  File "/home/sachit/Documents/VSCProjects/optimiseGEO/venv/lib/python3.10/site-packages/transformers/models/efficientloftr/image_processing_efficientloftr.py", line 10, in <module>
    from torchvision.transforms.v2 import functional as tvF
ModuleNotFoundError: No module named 'torchvision'
2026-07-29 20:21:16.816 Examining the path of transformers.models.efficientnet.image_processing_efficientnet_fast raised:
Traceback (most recent call last):
  File "/home/sachit/Documents/VSCProjects/optimiseGEO/venv/lib/python3.10/site-packages/streamlit/watcher/local_sources_watcher.py", line 340, in get_module_paths
    potential_paths = extract_paths(module)
  File "/home/sachit/Documents/VSCProjects/optimiseGEO/venv/lib/python3.10/site-packages/streamlit/watcher/local_sources_watcher.py", line 327, in <lambda>
    if hasattr(m, "__path__")
  File "/home/sachit/Documents/VSCProjects/optimiseGEO/venv/lib/python3.10/site-packages/transformers/__init__.py", line 862, in _getattr
    return getattr(importlib.import_module(target, __name__), name)
  File "/usr/lib/python3.10/importlib/__init__.py", line 126, in import_module
    return _bootstrap._gcd_import(name[level:], package, level)
  File "<frozen importlib._bootstrap>", line 1050, in _gcd_import
  File "<frozen importlib._bootstrap>", line 1027, in _find_and_load
  File "<frozen importlib._bootstrap>", line 1006, in _find_and_load_unlocked
  File "<frozen importlib._bootstrap>", line 688, in _load_unlocked
  File "<frozen importlib._bootstrap_external>", line 883, in exec_module
  File "<frozen importlib._bootstrap>", line 241, in _call_with_frames_removed
  File "/home/sachit/Documents/VSCProjects/optimiseGEO/venv/lib/python3.10/site-packages/transformers/models/efficientnet/image_processing_efficientnet.py", line 20, in <module>
    from torchvision.transforms.v2 import functional as tvF
ModuleNotFoundError: No module named 'torchvision'
2026-07-29 20:21:16.816 Examining the path of transformers.models.eomt.image_processing_eomt_fast raised:
Traceback (most recent call last):
  File "/home/sachit/Documents/VSCProjects/optimiseGEO/venv/lib/python3.10/site-packages/streamlit/watcher/local_sources_watcher.py", line 340, in get_module_paths
    potential_paths = extract_paths(module)
  File "/home/sachit/Documents/VSCProjects/optimiseGEO/venv/lib/python3.10/site-packages/streamlit/watcher/local_sources_watcher.py", line 327, in <lambda>
    if hasattr(m, "__path__")
  File "/home/sachit/Documents/VSCProjects/optimiseGEO/venv/lib/python3.10/site-packages/transformers/__init__.py", line 862, in _getattr
    return getattr(importlib.import_module(target, __name__), name)
  File "/usr/lib/python3.10/importlib/__init__.py", line 126, in import_module
    return _bootstrap._gcd_import(name[level:], package, level)
  File "<frozen importlib._bootstrap>", line 1050, in _gcd_import
  File "<frozen importlib._bootstrap>", line 1027, in _find_and_load
  File "<frozen importlib._bootstrap>", line 1006, in _find_and_load_unlocked
  File "<frozen importlib._bootstrap>", line 688, in _load_unlocked
  File "<frozen importlib._bootstrap_external>", line 883, in exec_module
  File "<frozen importlib._bootstrap>", line 241, in _call_with_frames_removed
  File "/home/sachit/Documents/VSCProjects/optimiseGEO/venv/lib/python3.10/site-packages/transformers/models/eomt/image_processing_eomt.py", line 20, in <module>
    from torchvision.transforms.v2 import functional as tvF
ModuleNotFoundError: No module named 'torchvision'
2026-07-29 20:21:16.817 Examining the path of transformers.models.ernie4_5_vl_moe.image_processing_ernie4_5_vl_moe_fast raised:
Traceback (most recent call last):
  File "/home/sachit/Documents/VSCProjects/optimiseGEO/venv/lib/python3.10/site-packages/streamlit/watcher/local_sources_watcher.py", line 340, in get_module_paths
    potential_paths = extract_paths(module)
  File "/home/sachit/Documents/VSCProjects/optimiseGEO/venv/lib/python3.10/site-packages/streamlit/watcher/local_sources_watcher.py", line 327, in <lambda>
    if hasattr(m, "__path__")
  File "/home/sachit/Documents/VSCProjects/optimiseGEO/venv/lib/python3.10/site-packages/transformers/__init__.py", line 862, in _getattr
    return getattr(importlib.import_module(target, __name__), name)
  File "/usr/lib/python3.10/importlib/__init__.py", line 126, in import_module
    return _bootstrap._gcd_import(name[level:], package, level)
  File "<frozen importlib._bootstrap>", line 1050, in _gcd_import
  File "<frozen importlib._bootstrap>", line 1027, in _find_and_load
  File "<frozen importlib._bootstrap>", line 1006, in _find_and_load_unlocked
  File "<frozen importlib._bootstrap>", line 688, in _load_unlocked
  File "<frozen importlib._bootstrap_external>", line 883, in exec_module
  File "<frozen importlib._bootstrap>", line 241, in _call_with_frames_removed
  File "/home/sachit/Documents/VSCProjects/optimiseGEO/venv/lib/python3.10/site-packages/transformers/models/ernie4_5_vl_moe/image_processing_ernie4_5_vl_moe.py", line 23, in <module>
    from torchvision.transforms.v2 import functional as tvF
ModuleNotFoundError: No module named 'torchvision'
2026-07-29 20:21:16.817 Examining the path of transformers.models.flava.image_processing_flava_fast raised:
Traceback (most recent call last):
  File "/home/sachit/Documents/VSCProjects/optimiseGEO/venv/lib/python3.10/site-packages/streamlit/watcher/local_sources_watcher.py", line 340, in get_module_paths
    potential_paths = extract_paths(module)
  File "/home/sachit/Documents/VSCProjects/optimiseGEO/venv/lib/python3.10/site-packages/streamlit/watcher/local_sources_watcher.py", line 327, in <lambda>
    if hasattr(m, "__path__")
  File "/home/sachit/Documents/VSCProjects/optimiseGEO/venv/lib/python3.10/site-packages/transformers/__init__.py", line 862, in _getattr
    return getattr(importlib.import_module(target, __name__), name)
  File "/usr/lib/python3.10/importlib/__init__.py", line 126, in import_module
    return _bootstrap._gcd_import(name[level:], package, level)
  File "<frozen importlib._bootstrap>", line 1050, in _gcd_import
  File "<frozen importlib._bootstrap>", line 1027, in _find_and_load
  File "<frozen importlib._bootstrap>", line 1006, in _find_and_load_unlocked
  File "<frozen importlib._bootstrap>", line 688, in _load_unlocked
  File "<frozen importlib._bootstrap_external>", line 883, in exec_module
  File "<frozen importlib._bootstrap>", line 241, in _call_with_frames_removed
  File "/home/sachit/Documents/VSCProjects/optimiseGEO/venv/lib/python3.10/site-packages/transformers/models/flava/image_processing_flava.py", line 23, in <module>
    from torchvision.transforms.v2 import functional as tvF
ModuleNotFoundError: No module named 'torchvision'
2026-07-29 20:21:16.818 Examining the path of transformers.models.fuyu.image_processing_fuyu_fast raised:
Traceback (most recent call last):
  File "/home/sachit/Documents/VSCProjects/optimiseGEO/venv/lib/python3.10/site-packages/streamlit/watcher/local_sources_watcher.py", line 340, in get_module_paths
    potential_paths = extract_paths(module)
  File "/home/sachit/Documents/VSCProjects/optimiseGEO/venv/lib/python3.10/site-packages/streamlit/watcher/local_sources_watcher.py", line 327, in <lambda>
    if hasattr(m, "__path__")
  File "/home/sachit/Documents/VSCProjects/optimiseGEO/venv/lib/python3.10/site-packages/transformers/__init__.py", line 862, in _getattr
    return getattr(importlib.import_module(target, __name__), name)
  File "/usr/lib/python3.10/importlib/__init__.py", line 126, in import_module
    return _bootstrap._gcd_import(name[level:], package, level)
  File "<frozen importlib._bootstrap>", line 1050, in _gcd_import
  File "<frozen importlib._bootstrap>", line 1027, in _find_and_load
  File "<frozen importlib._bootstrap>", line 1006, in _find_and_load_unlocked
  File "<frozen importlib._bootstrap>", line 688, in _load_unlocked
  File "<frozen importlib._bootstrap_external>", line 883, in exec_module
  File "<frozen importlib._bootstrap>", line 241, in _call_with_frames_removed
  File "/home/sachit/Documents/VSCProjects/optimiseGEO/venv/lib/python3.10/site-packages/transformers/models/fuyu/image_processing_fuyu.py", line 19, in <module>
    from torchvision.transforms.v2 import functional as tvF
ModuleNotFoundError: No module named 'torchvision'
2026-07-29 20:21:16.819 Examining the path of transformers.models.gemma3.image_processing_gemma3_fast raised:
Traceback (most recent call last):
  File "/home/sachit/Documents/VSCProjects/optimiseGEO/venv/lib/python3.10/site-packages/streamlit/watcher/local_sources_watcher.py", line 340, in get_module_paths
    potential_paths = extract_paths(module)
  File "/home/sachit/Documents/VSCProjects/optimiseGEO/venv/lib/python3.10/site-packages/streamlit/watcher/local_sources_watcher.py", line 327, in <lambda>
    if hasattr(m, "__path__")
  File "/home/sachit/Documents/VSCProjects/optimiseGEO/venv/lib/python3.10/site-packages/transformers/__init__.py", line 862, in _getattr
    return getattr(importlib.import_module(target, __name__), name)
  File "/usr/lib/python3.10/importlib/__init__.py", line 126, in import_module
    return _bootstrap._gcd_import(name[level:], package, level)
  File "<frozen importlib._bootstrap>", line 1050, in _gcd_import
  File "<frozen importlib._bootstrap>", line 1027, in _find_and_load
  File "<frozen importlib._bootstrap>", line 1006, in _find_and_load_unlocked
  File "<frozen importlib._bootstrap>", line 688, in _load_unlocked
  File "<frozen importlib._bootstrap_external>", line 883, in exec_module
  File "<frozen importlib._bootstrap>", line 241, in _call_with_frames_removed
  File "/home/sachit/Documents/VSCProjects/optimiseGEO/venv/lib/python3.10/site-packages/transformers/models/gemma3/image_processing_gemma3.py", line 20, in <module>
    from torchvision.transforms.v2 import functional as tvF
ModuleNotFoundError: No module named 'torchvision'
2026-07-29 20:21:16.819 Examining the path of transformers.models.gemma4.image_processing_gemma4_fast raised:
Traceback (most recent call last):
  File "/home/sachit/Documents/VSCProjects/optimiseGEO/venv/lib/python3.10/site-packages/streamlit/watcher/local_sources_watcher.py", line 340, in get_module_paths
    potential_paths = extract_paths(module)
  File "/home/sachit/Documents/VSCProjects/optimiseGEO/venv/lib/python3.10/site-packages/streamlit/watcher/local_sources_watcher.py", line 327, in <lambda>
    if hasattr(m, "__path__")
  File "/home/sachit/Documents/VSCProjects/optimiseGEO/venv/lib/python3.10/site-packages/transformers/__init__.py", line 862, in _getattr
    return getattr(importlib.import_module(target, __name__), name)
  File "/usr/lib/python3.10/importlib/__init__.py", line 126, in import_module
    return _bootstrap._gcd_import(name[level:], package, level)
  File "<frozen importlib._bootstrap>", line 1050, in _gcd_import
  File "<frozen importlib._bootstrap>", line 1027, in _find_and_load
  File "<frozen importlib._bootstrap>", line 1006, in _find_and_load_unlocked
  File "<frozen importlib._bootstrap>", line 688, in _load_unlocked
  File "<frozen importlib._bootstrap_external>", line 883, in exec_module
  File "<frozen importlib._bootstrap>", line 241, in _call_with_frames_removed
  File "/home/sachit/Documents/VSCProjects/optimiseGEO/venv/lib/python3.10/site-packages/transformers/models/gemma4/image_processing_gemma4.py", line 17, in <module>
    from torchvision.transforms.v2 import functional as tvF
ModuleNotFoundError: No module named 'torchvision'
2026-07-29 20:21:16.820 Examining the path of transformers.models.gemma4_unified.image_processing_gemma4_unified_fast raised:
Traceback (most recent call last):
  File "/home/sachit/Documents/VSCProjects/optimiseGEO/venv/lib/python3.10/site-packages/streamlit/watcher/local_sources_watcher.py", line 340, in get_module_paths
    potential_paths = extract_paths(module)
  File "/home/sachit/Documents/VSCProjects/optimiseGEO/venv/lib/python3.10/site-packages/streamlit/watcher/local_sources_watcher.py", line 327, in <lambda>
    if hasattr(m, "__path__")
  File "/home/sachit/Documents/VSCProjects/optimiseGEO/venv/lib/python3.10/site-packages/transformers/__init__.py", line 862, in _getattr
    return getattr(importlib.import_module(target, __name__), name)
  File "/usr/lib/python3.10/importlib/__init__.py", line 126, in import_module
    return _bootstrap._gcd_import(name[level:], package, level)
  File "<frozen importlib._bootstrap>", line 1050, in _gcd_import
  File "<frozen importlib._bootstrap>", line 1027, in _find_and_load
  File "<frozen importlib._bootstrap>", line 1006, in _find_and_load_unlocked
  File "<frozen importlib._bootstrap>", line 688, in _load_unlocked
  File "<frozen importlib._bootstrap_external>", line 883, in exec_module
  File "<frozen importlib._bootstrap>", line 241, in _call_with_frames_removed
  File "/home/sachit/Documents/VSCProjects/optimiseGEO/venv/lib/python3.10/site-packages/transformers/models/gemma4_unified/image_processing_gemma4_unified.py", line 23, in <module>
    from torchvision.transforms.v2 import functional as tvF
ModuleNotFoundError: No module named 'torchvision'
2026-07-29 20:21:16.820 Examining the path of transformers.models.glm46v.image_processing_glm46v_fast raised:
Traceback (most recent call last):
  File "/home/sachit/Documents/VSCProjects/optimiseGEO/venv/lib/python3.10/site-packages/streamlit/watcher/local_sources_watcher.py", line 340, in get_module_paths
    potential_paths = extract_paths(module)
  File "/home/sachit/Documents/VSCProjects/optimiseGEO/venv/lib/python3.10/site-packages/streamlit/watcher/local_sources_watcher.py", line 327, in <lambda>
    if hasattr(m, "__path__")
  File "/home/sachit/Documents/VSCProjects/optimiseGEO/venv/lib/python3.10/site-packages/transformers/__init__.py", line 862, in _getattr
    return getattr(importlib.import_module(target, __name__), name)
  File "/usr/lib/python3.10/importlib/__init__.py", line 126, in import_module
    return _bootstrap._gcd_import(name[level:], package, level)
  File "<frozen importlib._bootstrap>", line 1050, in _gcd_import
  File "<frozen importlib._bootstrap>", line 1027, in _find_and_load
  File "<frozen importlib._bootstrap>", line 1006, in _find_and_load_unlocked
  File "<frozen importlib._bootstrap>", line 688, in _load_unlocked
  File "<frozen importlib._bootstrap_external>", line 883, in exec_module
  File "<frozen importlib._bootstrap>", line 241, in _call_with_frames_removed
  File "/home/sachit/Documents/VSCProjects/optimiseGEO/venv/lib/python3.10/site-packages/transformers/models/glm46v/image_processing_glm46v.py", line 25, in <module>
    from torchvision.transforms.v2 import functional as tvF
ModuleNotFoundError: No module named 'torchvision'
2026-07-29 20:21:16.820 Examining the path of transformers.models.glm4v.image_processing_glm4v_fast raised:
Traceback (most recent call last):
  File "/home/sachit/Documents/VSCProjects/optimiseGEO/venv/lib/python3.10/site-packages/streamlit/watcher/local_sources_watcher.py", line 340, in get_module_paths
    potential_paths = extract_paths(module)
  File "/home/sachit/Documents/VSCProjects/optimiseGEO/venv/lib/python3.10/site-packages/streamlit/watcher/local_sources_watcher.py", line 327, in <lambda>
    if hasattr(m, "__path__")
  File "/home/sachit/Documents/VSCProjects/optimiseGEO/venv/lib/python3.10/site-packages/transformers/__init__.py", line 862, in _getattr
    return getattr(importlib.import_module(target, __name__), name)
  File "/usr/lib/python3.10/importlib/__init__.py", line 126, in import_module
    return _bootstrap._gcd_import(name[level:], package, level)
  File "<frozen importlib._bootstrap>", line 1050, in _gcd_import
  File "<frozen importlib._bootstrap>", line 1027, in _find_and_load
  File "<frozen importlib._bootstrap>", line 1006, in _find_and_load_unlocked
  File "<frozen importlib._bootstrap>", line 688, in _load_unlocked
  File "<frozen importlib._bootstrap_external>", line 883, in exec_module
  File "<frozen importlib._bootstrap>", line 241, in _call_with_frames_removed
  File "/home/sachit/Documents/VSCProjects/optimiseGEO/venv/lib/python3.10/site-packages/transformers/models/glm4v/image_processing_glm4v.py", line 19, in <module>
    from torchvision.transforms.v2 import functional as tvF
ModuleNotFoundError: No module named 'torchvision'
2026-07-29 20:21:16.821 Examining the path of transformers.models.glm_image.image_processing_glm_image_fast raised:
Traceback (most recent call last):
  File "/home/sachit/Documents/VSCProjects/optimiseGEO/venv/lib/python3.10/site-packages/streamlit/watcher/local_sources_watcher.py", line 340, in get_module_paths
    potential_paths = extract_paths(module)
  File "/home/sachit/Documents/VSCProjects/optimiseGEO/venv/lib/python3.10/site-packages/streamlit/watcher/local_sources_watcher.py", line 327, in <lambda>
    if hasattr(m, "__path__")
  File "/home/sachit/Documents/VSCProjects/optimiseGEO/venv/lib/python3.10/site-packages/transformers/__init__.py", line 862, in _getattr
    return getattr(importlib.import_module(target, __name__), name)
  File "/usr/lib/python3.10/importlib/__init__.py", line 126, in import_module
    return _bootstrap._gcd_import(name[level:], package, level)
  File "<frozen importlib._bootstrap>", line 1050, in _gcd_import
  File "<frozen importlib._bootstrap>", line 1027, in _find_and_load
  File "<frozen importlib._bootstrap>", line 1006, in _find_and_load_unlocked
  File "<frozen importlib._bootstrap>", line 688, in _load_unlocked
  File "<frozen importlib._bootstrap_external>", line 883, in exec_module
  File "<frozen importlib._bootstrap>", line 241, in _call_with_frames_removed
  File "/home/sachit/Documents/VSCProjects/optimiseGEO/venv/lib/python3.10/site-packages/transformers/models/glm_image/image_processing_glm_image.py", line 25, in <module>
    from torchvision.transforms.v2 import functional as tvF
ModuleNotFoundError: No module named 'torchvision'
2026-07-29 20:21:16.821 Examining the path of transformers.models.glmga.image_processing_glmga_fast raised:
Traceback (most recent call last):
  File "/home/sachit/Documents/VSCProjects/optimiseGEO/venv/lib/python3.10/site-packages/streamlit/watcher/local_sources_watcher.py", line 340, in get_module_paths
    potential_paths = extract_paths(module)
  File "/home/sachit/Documents/VSCProjects/optimiseGEO/venv/lib/python3.10/site-packages/streamlit/watcher/local_sources_watcher.py", line 327, in <lambda>
    if hasattr(m, "__path__")
  File "/home/sachit/Documents/VSCProjects/optimiseGEO/venv/lib/python3.10/site-packages/transformers/__init__.py", line 862, in _getattr
    return getattr(importlib.import_module(target, __name__), name)
  File "/usr/lib/python3.10/importlib/__init__.py", line 126, in import_module
    return _bootstrap._gcd_import(name[level:], package, level)
  File "<frozen importlib._bootstrap>", line 1050, in _gcd_import
  File "<frozen importlib._bootstrap>", line 1027, in _find_and_load
  File "<frozen importlib._bootstrap>", line 1006, in _find_and_load_unlocked
  File "<frozen importlib._bootstrap>", line 688, in _load_unlocked
  File "<frozen importlib._bootstrap_external>", line 883, in exec_module
  File "<frozen importlib._bootstrap>", line 241, in _call_with_frames_removed
  File "/home/sachit/Documents/VSCProjects/optimiseGEO/venv/lib/python3.10/site-packages/transformers/models/glmga/image_processing_glmga.py", line 24, in <module>
    from torchvision.transforms.v2 import functional as tvF
ModuleNotFoundError: No module named 'torchvision'
2026-07-29 20:21:16.822 Examining the path of transformers.models.glpn.image_processing_glpn_fast raised:
Traceback (most recent call last):
  File "/home/sachit/Documents/VSCProjects/optimiseGEO/venv/lib/python3.10/site-packages/streamlit/watcher/local_sources_watcher.py", line 340, in get_module_paths
    potential_paths = extract_paths(module)
  File "/home/sachit/Documents/VSCProjects/optimiseGEO/venv/lib/python3.10/site-packages/streamlit/watcher/local_sources_watcher.py", line 327, in <lambda>
    if hasattr(m, "__path__")
  File "/home/sachit/Documents/VSCProjects/optimiseGEO/venv/lib/python3.10/site-packages/transformers/__init__.py", line 862, in _getattr
    return getattr(importlib.import_module(target, __name__), name)
  File "/usr/lib/python3.10/importlib/__init__.py", line 126, in import_module
    return _bootstrap._gcd_import(name[level:], package, level)
  File "<frozen importlib._bootstrap>", line 1050, in _gcd_import
  File "<frozen importlib._bootstrap>", line 1027, in _find_and_load
  File "<frozen importlib._bootstrap>", line 1006, in _find_and_load_unlocked
  File "<frozen importlib._bootstrap>", line 688, in _load_unlocked
  File "<frozen importlib._bootstrap_external>", line 883, in exec_module
  File "<frozen importlib._bootstrap>", line 241, in _call_with_frames_removed
  File "/home/sachit/Documents/VSCProjects/optimiseGEO/venv/lib/python3.10/site-packages/transformers/models/glpn/image_processing_glpn.py", line 34, in <module>
    from torchvision.transforms.v2 import functional as tvF
ModuleNotFoundError: No module named 'torchvision'
2026-07-29 20:21:16.822 Examining the path of transformers.models.got_ocr2.image_processing_got_ocr2_fast raised:
Traceback (most recent call last):
  File "/home/sachit/Documents/VSCProjects/optimiseGEO/venv/lib/python3.10/site-packages/streamlit/watcher/local_sources_watcher.py", line 340, in get_module_paths
    potential_paths = extract_paths(module)
  File "/home/sachit/Documents/VSCProjects/optimiseGEO/venv/lib/python3.10/site-packages/streamlit/watcher/local_sources_watcher.py", line 327, in <lambda>
    if hasattr(m, "__path__")
  File "/home/sachit/Documents/VSCProjects/optimiseGEO/venv/lib/python3.10/site-packages/transformers/__init__.py", line 862, in _getattr
    return getattr(importlib.import_module(target, __name__), name)
  File "/usr/lib/python3.10/importlib/__init__.py", line 126, in import_module
    return _bootstrap._gcd_import(name[level:], package, level)
  File "<frozen importlib._bootstrap>", line 1050, in _gcd_import
  File "<frozen importlib._bootstrap>", line 1027, in _find_and_load
  File "<frozen importlib._bootstrap>", line 1006, in _find_and_load_unlocked
  File "<frozen importlib._bootstrap>", line 688, in _load_unlocked
  File "<frozen importlib._bootstrap_external>", line 883, in exec_module
  File "<frozen importlib._bootstrap>", line 241, in _call_with_frames_removed
  File "/home/sachit/Documents/VSCProjects/optimiseGEO/venv/lib/python3.10/site-packages/transformers/models/got_ocr2/image_processing_got_ocr2.py", line 19, in <module>
    from torchvision.transforms.v2 import functional as tvF
ModuleNotFoundError: No module named 'torchvision'
2026-07-29 20:21:16.823 Examining the path of transformers.models.grounding_dino.image_processing_grounding_dino_fast raised:
Traceback (most recent call last):
  File "/home/sachit/Documents/VSCProjects/optimiseGEO/venv/lib/python3.10/site-packages/streamlit/watcher/local_sources_watcher.py", line 340, in get_module_paths
    potential_paths = extract_paths(module)
  File "/home/sachit/Documents/VSCProjects/optimiseGEO/venv/lib/python3.10/site-packages/streamlit/watcher/local_sources_watcher.py", line 327, in <lambda>
    if hasattr(m, "__path__")
  File "/home/sachit/Documents/VSCProjects/optimiseGEO/venv/lib/python3.10/site-packages/transformers/__init__.py", line 862, in _getattr
    return getattr(importlib.import_module(target, __name__), name)
  File "/usr/lib/python3.10/importlib/__init__.py", line 126, in import_module
    return _bootstrap._gcd_import(name[level:], package, level)
  File "<frozen importlib._bootstrap>", line 1050, in _gcd_import
  File "<frozen importlib._bootstrap>", line 1027, in _find_and_load
  File "<frozen importlib._bootstrap>", line 1006, in _find_and_load_unlocked
  File "<frozen importlib._bootstrap>", line 688, in _load_unlocked
  File "<frozen importlib._bootstrap_external>", line 883, in exec_module
  File "<frozen importlib._bootstrap>", line 241, in _call_with_frames_removed
  File "/home/sachit/Documents/VSCProjects/optimiseGEO/venv/lib/python3.10/site-packages/transformers/models/grounding_dino/image_processing_grounding_dino.py", line 30, in <module>
    from torchvision.io import read_image
ModuleNotFoundError: No module named 'torchvision'
2026-07-29 20:21:16.823 Examining the path of transformers.models.hunyuan_vl.image_processing_hunyuan_vl_fast raised:
Traceback (most recent call last):
  File "/home/sachit/Documents/VSCProjects/optimiseGEO/venv/lib/python3.10/site-packages/streamlit/watcher/local_sources_watcher.py", line 340, in get_module_paths
    potential_paths = extract_paths(module)
  File "/home/sachit/Documents/VSCProjects/optimiseGEO/venv/lib/python3.10/site-packages/streamlit/watcher/local_sources_watcher.py", line 327, in <lambda>
    if hasattr(m, "__path__")
  File "/home/sachit/Documents/VSCProjects/optimiseGEO/venv/lib/python3.10/site-packages/transformers/__init__.py", line 862, in _getattr
    return getattr(importlib.import_module(target, __name__), name)
  File "/usr/lib/python3.10/importlib/__init__.py", line 126, in import_module
    return _bootstrap._gcd_import(name[level:], package, level)
  File "<frozen importlib._bootstrap>", line 1050, in _gcd_import
  File "<frozen importlib._bootstrap>", line 1027, in _find_and_load
  File "<frozen importlib._bootstrap>", line 1006, in _find_and_load_unlocked
  File "<frozen importlib._bootstrap>", line 688, in _load_unlocked
  File "<frozen importlib._bootstrap_external>", line 883, in exec_module
  File "<frozen importlib._bootstrap>", line 241, in _call_with_frames_removed
  File "/home/sachit/Documents/VSCProjects/optimiseGEO/venv/lib/python3.10/site-packages/transformers/models/hunyuan_vl/image_processing_hunyuan_vl.py", line 25, in <module>
    from torchvision.transforms.v2 import functional as tvF
ModuleNotFoundError: No module named 'torchvision'
2026-07-29 20:21:16.824 Examining the path of transformers.models.idefics2.image_processing_idefics2_fast raised:
Traceback (most recent call last):
  File "/home/sachit/Documents/VSCProjects/optimiseGEO/venv/lib/python3.10/site-packages/streamlit/watcher/local_sources_watcher.py", line 340, in get_module_paths
    potential_paths = extract_paths(module)
  File "/home/sachit/Documents/VSCProjects/optimiseGEO/venv/lib/python3.10/site-packages/streamlit/watcher/local_sources_watcher.py", line 327, in <lambda>
    if hasattr(m, "__path__")
  File "/home/sachit/Documents/VSCProjects/optimiseGEO/venv/lib/python3.10/site-packages/transformers/__init__.py", line 862, in _getattr
    return getattr(importlib.import_module(target, __name__), name)
  File "/usr/lib/python3.10/importlib/__init__.py", line 126, in import_module
    return _bootstrap._gcd_import(name[level:], package, level)
  File "<frozen importlib._bootstrap>", line 1050, in _gcd_import
  File "<frozen importlib._bootstrap>", line 1027, in _find_and_load
  File "<frozen importlib._bootstrap>", line 1006, in _find_and_load_unlocked
  File "<frozen importlib._bootstrap>", line 688, in _load_unlocked
  File "<frozen importlib._bootstrap_external>", line 883, in exec_module
  File "<frozen importlib._bootstrap>", line 241, in _call_with_frames_removed
  File "/home/sachit/Documents/VSCProjects/optimiseGEO/venv/lib/python3.10/site-packages/transformers/models/idefics2/image_processing_idefics2.py", line 37, in <module>
    from torchvision.transforms.v2 import functional as tvF
ModuleNotFoundError: No module named 'torchvision'
2026-07-29 20:21:16.824 Examining the path of transformers.models.idefics3.image_processing_idefics3_fast raised:
Traceback (most recent call last):
  File "/home/sachit/Documents/VSCProjects/optimiseGEO/venv/lib/python3.10/site-packages/streamlit/watcher/local_sources_watcher.py", line 340, in get_module_paths
    potential_paths = extract_paths(module)
  File "/home/sachit/Documents/VSCProjects/optimiseGEO/venv/lib/python3.10/site-packages/streamlit/watcher/local_sources_watcher.py", line 327, in <lambda>
    if hasattr(m, "__path__")
  File "/home/sachit/Documents/VSCProjects/optimiseGEO/venv/lib/python3.10/site-packages/transformers/__init__.py", line 862, in _getattr
    return getattr(importlib.import_module(target, __name__), name)
  File "/usr/lib/python3.10/importlib/__init__.py", line 126, in import_module
    return _bootstrap._gcd_import(name[level:], package, level)
  File "<frozen importlib._bootstrap>", line 1050, in _gcd_import
  File "<frozen importlib._bootstrap>", line 1027, in _find_and_load
  File "<frozen importlib._bootstrap>", line 1006, in _find_and_load_unlocked
  File "<frozen importlib._bootstrap>", line 688, in _load_unlocked
  File "<frozen importlib._bootstrap_external>", line 883, in exec_module
  File "<frozen importlib._bootstrap>", line 241, in _call_with_frames_removed
  File "/home/sachit/Documents/VSCProjects/optimiseGEO/venv/lib/python3.10/site-packages/transformers/models/idefics3/image_processing_idefics3.py", line 20, in <module>
    from torchvision.transforms.v2 import functional as tvF
ModuleNotFoundError: No module named 'torchvision'
2026-07-29 20:21:16.825 Examining the path of transformers.models.imagegpt.image_processing_imagegpt_fast raised:
Traceback (most recent call last):
  File "/home/sachit/Documents/VSCProjects/optimiseGEO/venv/lib/python3.10/site-packages/streamlit/watcher/local_sources_watcher.py", line 340, in get_module_paths
    potential_paths = extract_paths(module)
  File "/home/sachit/Documents/VSCProjects/optimiseGEO/venv/lib/python3.10/site-packages/streamlit/watcher/local_sources_watcher.py", line 327, in <lambda>
    if hasattr(m, "__path__")
  File "/home/sachit/Documents/VSCProjects/optimiseGEO/venv/lib/python3.10/site-packages/transformers/__init__.py", line 862, in _getattr
    return getattr(importlib.import_module(target, __name__), name)
  File "/usr/lib/python3.10/importlib/__init__.py", line 126, in import_module
    return _bootstrap._gcd_import(name[level:], package, level)
  File "<frozen importlib._bootstrap>", line 1050, in _gcd_import
  File "<frozen importlib._bootstrap>", line 1027, in _find_and_load
  File "<frozen importlib._bootstrap>", line 1006, in _find_and_load_unlocked
  File "<frozen importlib._bootstrap>", line 688, in _load_unlocked
  File "<frozen importlib._bootstrap_external>", line 883, in exec_module
  File "<frozen importlib._bootstrap>", line 241, in _call_with_frames_removed
  File "/home/sachit/Documents/VSCProjects/optimiseGEO/venv/lib/python3.10/site-packages/transformers/models/imagegpt/image_processing_imagegpt.py", line 20, in <module>
    from torchvision.transforms.v2 import functional as tvF
ModuleNotFoundError: No module named 'torchvision'
2026-07-29 20:21:16.825 Examining the path of transformers.models.inkling.image_processing_inkling_fast raised:
Traceback (most recent call last):
  File "/home/sachit/Documents/VSCProjects/optimiseGEO/venv/lib/python3.10/site-packages/streamlit/watcher/local_sources_watcher.py", line 340, in get_module_paths
    potential_paths = extract_paths(module)
  File "/home/sachit/Documents/VSCProjects/optimiseGEO/venv/lib/python3.10/site-packages/streamlit/watcher/local_sources_watcher.py", line 327, in <lambda>
    if hasattr(m, "__path__")
  File "/home/sachit/Documents/VSCProjects/optimiseGEO/venv/lib/python3.10/site-packages/transformers/__init__.py", line 862, in _getattr
    return getattr(importlib.import_module(target, __name__), name)
  File "/usr/lib/python3.10/importlib/__init__.py", line 126, in import_module
    return _bootstrap._gcd_import(name[level:], package, level)
  File "<frozen importlib._bootstrap>", line 1050, in _gcd_import
  File "<frozen importlib._bootstrap>", line 1027, in _find_and_load
  File "<frozen importlib._bootstrap>", line 1006, in _find_and_load_unlocked
  File "<frozen importlib._bootstrap>", line 688, in _load_unlocked
  File "<frozen importlib._bootstrap_external>", line 883, in exec_module
  File "<frozen importlib._bootstrap>", line 241, in _call_with_frames_removed
  File "/home/sachit/Documents/VSCProjects/optimiseGEO/venv/lib/python3.10/site-packages/transformers/models/inkling/image_processing_inkling.py", line 19, in <module>
    from torchvision.transforms.v2 import functional as tvF
ModuleNotFoundError: No module named 'torchvision'
2026-07-29 20:21:16.826 Examining the path of transformers.models.janus.image_processing_janus_fast raised:
Traceback (most recent call last):
  File "/home/sachit/Documents/VSCProjects/optimiseGEO/venv/lib/python3.10/site-packages/streamlit/watcher/local_sources_watcher.py", line 340, in get_module_paths
    potential_paths = extract_paths(module)
  File "/home/sachit/Documents/VSCProjects/optimiseGEO/venv/lib/python3.10/site-packages/streamlit/watcher/local_sources_watcher.py", line 327, in <lambda>
    if hasattr(m, "__path__")
  File "/home/sachit/Documents/VSCProjects/optimiseGEO/venv/lib/python3.10/site-packages/transformers/__init__.py", line 862, in _getattr
    return getattr(importlib.import_module(target, __name__), name)
  File "/usr/lib/python3.10/importlib/__init__.py", line 126, in import_module
    return _bootstrap._gcd_import(name[level:], package, level)
  File "<frozen importlib._bootstrap>", line 1050, in _gcd_import
  File "<frozen importlib._bootstrap>", line 1027, in _find_and_load
  File "<frozen importlib._bootstrap>", line 1006, in _find_and_load_unlocked
  File "<frozen importlib._bootstrap>", line 688, in _load_unlocked
  File "<frozen importlib._bootstrap_external>", line 883, in exec_module
  File "<frozen importlib._bootstrap>", line 241, in _call_with_frames_removed
  File "/home/sachit/Documents/VSCProjects/optimiseGEO/venv/lib/python3.10/site-packages/transformers/models/janus/image_processing_janus.py", line 17, in <module>
    import torchvision.transforms.v2.functional as tvF
ModuleNotFoundError: No module named 'torchvision'
2026-07-29 20:21:16.826 Examining the path of transformers.models.kimi_k25.image_processing_kimi_k25_fast raised:
Traceback (most recent call last):
  File "/home/sachit/Documents/VSCProjects/optimiseGEO/venv/lib/python3.10/site-packages/streamlit/watcher/local_sources_watcher.py", line 340, in get_module_paths
    potential_paths = extract_paths(module)
  File "/home/sachit/Documents/VSCProjects/optimiseGEO/venv/lib/python3.10/site-packages/streamlit/watcher/local_sources_watcher.py", line 327, in <lambda>
    if hasattr(m, "__path__")
  File "/home/sachit/Documents/VSCProjects/optimiseGEO/venv/lib/python3.10/site-packages/transformers/__init__.py", line 862, in _getattr
    return getattr(importlib.import_module(target, __name__), name)
  File "/usr/lib/python3.10/importlib/__init__.py", line 126, in import_module
    return _bootstrap._gcd_import(name[level:], package, level)
  File "<frozen importlib._bootstrap>", line 1050, in _gcd_import
  File "<frozen importlib._bootstrap>", line 1027, in _find_and_load
  File "<frozen importlib._bootstrap>", line 1006, in _find_and_load_unlocked
  File "<frozen importlib._bootstrap>", line 688, in _load_unlocked
  File "<frozen importlib._bootstrap_external>", line 883, in exec_module
  File "<frozen importlib._bootstrap>", line 241, in _call_with_frames_removed
  File "/home/sachit/Documents/VSCProjects/optimiseGEO/venv/lib/python3.10/site-packages/transformers/models/kimi_k25/image_processing_kimi_k25.py", line 19, in <module>
    from torchvision.transforms.v2 import functional as tvF
ModuleNotFoundError: No module named 'torchvision'
2026-07-29 20:21:16.827 Examining the path of transformers.models.layoutlmv2.image_processing_layoutlmv2_fast raised:
Traceback (most recent call last):
  File "/home/sachit/Documents/VSCProjects/optimiseGEO/venv/lib/python3.10/site-packages/streamlit/watcher/local_sources_watcher.py", line 340, in get_module_paths
    potential_paths = extract_paths(module)
  File "/home/sachit/Documents/VSCProjects/optimiseGEO/venv/lib/python3.10/site-packages/streamlit/watcher/local_sources_watcher.py", line 327, in <lambda>
    if hasattr(m, "__path__")
  File "/home/sachit/Documents/VSCProjects/optimiseGEO/venv/lib/python3.10/site-packages/transformers/__init__.py", line 862, in _getattr
    return getattr(importlib.import_module(target, __name__), name)
  File "/usr/lib/python3.10/importlib/__init__.py", line 126, in import_module
    return _bootstrap._gcd_import(name[level:], package, level)
  File "<frozen importlib._bootstrap>", line 1050, in _gcd_import
  File "<frozen importlib._bootstrap>", line 1027, in _find_and_load
  File "<frozen importlib._bootstrap>", line 1006, in _find_and_load_unlocked
  File "<frozen importlib._bootstrap>", line 688, in _load_unlocked
  File "<frozen importlib._bootstrap_external>", line 883, in exec_module
  File "<frozen importlib._bootstrap>", line 241, in _call_with_frames_removed
  File "/home/sachit/Documents/VSCProjects/optimiseGEO/venv/lib/python3.10/site-packages/transformers/models/layoutlmv2/image_processing_layoutlmv2.py", line 36, in <module>
    from torchvision.transforms.v2 import functional as tvF
ModuleNotFoundError: No module named 'torchvision'
2026-07-29 20:21:16.827 Examining the path of transformers.models.layoutlmv3.image_processing_layoutlmv3_fast raised:
Traceback (most recent call last):
  File "/home/sachit/Documents/VSCProjects/optimiseGEO/venv/lib/python3.10/site-packages/streamlit/watcher/local_sources_watcher.py", line 340, in get_module_paths
    potential_paths = extract_paths(module)
  File "/home/sachit/Documents/VSCProjects/optimiseGEO/venv/lib/python3.10/site-packages/streamlit/watcher/local_sources_watcher.py", line 327, in <lambda>
    if hasattr(m, "__path__")
  File "/home/sachit/Documents/VSCProjects/optimiseGEO/venv/lib/python3.10/site-packages/transformers/__init__.py", line 862, in _getattr
    return getattr(importlib.import_module(target, __name__), name)
  File "/usr/lib/python3.10/importlib/__init__.py", line 126, in import_module
    return _bootstrap._gcd_import(name[level:], package, level)
  File "<frozen importlib._bootstrap>", line 1050, in _gcd_import
  File "<frozen importlib._bootstrap>", line 1027, in _find_and_load
  File "<frozen importlib._bootstrap>", line 1006, in _find_and_load_unlocked
  File "<frozen importlib._bootstrap>", line 688, in _load_unlocked
  File "<frozen importlib._bootstrap_external>", line 883, in exec_module
  File "<frozen importlib._bootstrap>", line 241, in _call_with_frames_removed
  File "/home/sachit/Documents/VSCProjects/optimiseGEO/venv/lib/python3.10/site-packages/transformers/models/layoutlmv3/image_processing_layoutlmv3.py", line 42, in <module>
    from torchvision.transforms.v2 import functional as tvF
ModuleNotFoundError: No module named 'torchvision'
2026-07-29 20:21:16.828 Examining the path of transformers.models.levit.image_processing_levit_fast raised:
Traceback (most recent call last):
  File "/home/sachit/Documents/VSCProjects/optimiseGEO/venv/lib/python3.10/site-packages/streamlit/watcher/local_sources_watcher.py", line 340, in get_module_paths
    potential_paths = extract_paths(module)
  File "/home/sachit/Documents/VSCProjects/optimiseGEO/venv/lib/python3.10/site-packages/streamlit/watcher/local_sources_watcher.py", line 327, in <lambda>
    if hasattr(m, "__path__")
  File "/home/sachit/Documents/VSCProjects/optimiseGEO/venv/lib/python3.10/site-packages/transformers/__init__.py", line 862, in _getattr
    return getattr(importlib.import_module(target, __name__), name)
  File "/usr/lib/python3.10/importlib/__init__.py", line 126, in import_module
    return _bootstrap._gcd_import(name[level:], package, level)
  File "<frozen importlib._bootstrap>", line 1050, in _gcd_import
  File "<frozen importlib._bootstrap>", line 1027, in _find_and_load
  File "<frozen importlib._bootstrap>", line 1006, in _find_and_load_unlocked
  File "<frozen importlib._bootstrap>", line 688, in _load_unlocked
  File "<frozen importlib._bootstrap_external>", line 883, in exec_module
  File "<frozen importlib._bootstrap>", line 241, in _call_with_frames_removed
  File "/home/sachit/Documents/VSCProjects/optimiseGEO/venv/lib/python3.10/site-packages/transformers/models/levit/image_processing_levit.py", line 17, in <module>
    from torchvision.transforms.v2 import functional as tvF
ModuleNotFoundError: No module named 'torchvision'
2026-07-29 20:21:16.828 Examining the path of transformers.models.lfm2_vl.image_processing_lfm2_vl_fast raised:
Traceback (most recent call last):
  File "/home/sachit/Documents/VSCProjects/optimiseGEO/venv/lib/python3.10/site-packages/streamlit/watcher/local_sources_watcher.py", line 340, in get_module_paths
    potential_paths = extract_paths(module)
  File "/home/sachit/Documents/VSCProjects/optimiseGEO/venv/lib/python3.10/site-packages/streamlit/watcher/local_sources_watcher.py", line 327, in <lambda>
    if hasattr(m, "__path__")
  File "/home/sachit/Documents/VSCProjects/optimiseGEO/venv/lib/python3.10/site-packages/transformers/__init__.py", line 862, in _getattr
    return getattr(importlib.import_module(target, __name__), name)
  File "/usr/lib/python3.10/importlib/__init__.py", line 126, in import_module
    return _bootstrap._gcd_import(name[level:], package, level)
  File "<frozen importlib._bootstrap>", line 1050, in _gcd_import
  File "<frozen importlib._bootstrap>", line 1027, in _find_and_load
  File "<frozen importlib._bootstrap>", line 1006, in _find_and_load_unlocked
  File "<frozen importlib._bootstrap>", line 688, in _load_unlocked
  File "<frozen importlib._bootstrap_external>", line 883, in exec_module
  File "<frozen importlib._bootstrap>", line 241, in _call_with_frames_removed
  File "/home/sachit/Documents/VSCProjects/optimiseGEO/venv/lib/python3.10/site-packages/transformers/models/lfm2_vl/image_processing_lfm2_vl.py", line 18, in <module>
    from torchvision.transforms.v2 import functional as tvF
ModuleNotFoundError: No module named 'torchvision'
2026-07-29 20:21:16.829 Examining the path of transformers.models.lightglue.image_processing_lightglue_fast raised:
Traceback (most recent call last):
  File "/home/sachit/Documents/VSCProjects/optimiseGEO/venv/lib/python3.10/site-packages/streamlit/watcher/local_sources_watcher.py", line 340, in get_module_paths
    potential_paths = extract_paths(module)
  File "/home/sachit/Documents/VSCProjects/optimiseGEO/venv/lib/python3.10/site-packages/streamlit/watcher/local_sources_watcher.py", line 327, in <lambda>
    if hasattr(m, "__path__")
  File "/home/sachit/Documents/VSCProjects/optimiseGEO/venv/lib/python3.10/site-packages/transformers/__init__.py", line 862, in _getattr
    return getattr(importlib.import_module(target, __name__), name)
  File "/usr/lib/python3.10/importlib/__init__.py", line 126, in import_module
    return _bootstrap._gcd_import(name[level:], package, level)
  File "<frozen importlib._bootstrap>", line 1050, in _gcd_import
  File "<frozen importlib._bootstrap>", line 1027, in _find_and_load
  File "<frozen importlib._bootstrap>", line 1006, in _find_and_load_unlocked
  File "<frozen importlib._bootstrap>", line 688, in _load_unlocked
  File "<frozen importlib._bootstrap_external>", line 883, in exec_module
  File "<frozen importlib._bootstrap>", line 241, in _call_with_frames_removed
  File "/home/sachit/Documents/VSCProjects/optimiseGEO/venv/lib/python3.10/site-packages/transformers/models/lightglue/image_processing_lightglue.py", line 24, in <module>
    from torchvision.transforms.v2 import functional as tvF
ModuleNotFoundError: No module named 'torchvision'
2026-07-29 20:21:16.829 Examining the path of transformers.models.llama4.image_processing_llama4_fast raised:
Traceback (most recent call last):
  File "/home/sachit/Documents/VSCProjects/optimiseGEO/venv/lib/python3.10/site-packages/streamlit/watcher/local_sources_watcher.py", line 340, in get_module_paths
    potential_paths = extract_paths(module)
  File "/home/sachit/Documents/VSCProjects/optimiseGEO/venv/lib/python3.10/site-packages/streamlit/watcher/local_sources_watcher.py", line 327, in <lambda>
    if hasattr(m, "__path__")
  File "/home/sachit/Documents/VSCProjects/optimiseGEO/venv/lib/python3.10/site-packages/transformers/__init__.py", line 862, in _getattr
    return getattr(importlib.import_module(target, __name__), name)
  File "/usr/lib/python3.10/importlib/__init__.py", line 126, in import_module
    return _bootstrap._gcd_import(name[level:], package, level)
  File "<frozen importlib._bootstrap>", line 1050, in _gcd_import
  File "<frozen importlib._bootstrap>", line 1027, in _find_and_load
  File "<frozen importlib._bootstrap>", line 1006, in _find_and_load_unlocked
  File "<frozen importlib._bootstrap>", line 688, in _load_unlocked
  File "<frozen importlib._bootstrap_external>", line 883, in exec_module
  File "<frozen importlib._bootstrap>", line 241, in _call_with_frames_removed
  File "/home/sachit/Documents/VSCProjects/optimiseGEO/venv/lib/python3.10/site-packages/transformers/models/llama4/image_processing_llama4.py", line 21, in <module>
    from torchvision.transforms.v2 import functional as tvF
ModuleNotFoundError: No module named 'torchvision'
2026-07-29 20:21:16.830 Examining the path of transformers.models.llava.image_processing_llava_fast raised:
Traceback (most recent call last):
  File "/home/sachit/Documents/VSCProjects/optimiseGEO/venv/lib/python3.10/site-packages/streamlit/watcher/local_sources_watcher.py", line 340, in get_module_paths
    potential_paths = extract_paths(module)
  File "/home/sachit/Documents/VSCProjects/optimiseGEO/venv/lib/python3.10/site-packages/streamlit/watcher/local_sources_watcher.py", line 327, in <lambda>
    if hasattr(m, "__path__")
  File "/home/sachit/Documents/VSCProjects/optimiseGEO/venv/lib/python3.10/site-packages/transformers/__init__.py", line 862, in _getattr
    return getattr(importlib.import_module(target, __name__), name)
  File "/usr/lib/python3.10/importlib/__init__.py", line 126, in import_module
    return _bootstrap._gcd_import(name[level:], package, level)
  File "<frozen importlib._bootstrap>", line 1050, in _gcd_import
  File "<frozen importlib._bootstrap>", line 1027, in _find_and_load
  File "<frozen importlib._bootstrap>", line 1006, in _find_and_load_unlocked
  File "<frozen importlib._bootstrap>", line 688, in _load_unlocked
  File "<frozen importlib._bootstrap_external>", line 883, in exec_module
  File "<frozen importlib._bootstrap>", line 241, in _call_with_frames_removed
  File "/home/sachit/Documents/VSCProjects/optimiseGEO/venv/lib/python3.10/site-packages/transformers/models/llava/image_processing_llava.py", line 19, in <module>
    from torchvision.transforms.v2 import functional as tvF
ModuleNotFoundError: No module named 'torchvision'
2026-07-29 20:21:16.830 Examining the path of transformers.models.llava_next.image_processing_llava_next_fast raised:
Traceback (most recent call last):
  File "/home/sachit/Documents/VSCProjects/optimiseGEO/venv/lib/python3.10/site-packages/streamlit/watcher/local_sources_watcher.py", line 340, in get_module_paths
    potential_paths = extract_paths(module)
  File "/home/sachit/Documents/VSCProjects/optimiseGEO/venv/lib/python3.10/site-packages/streamlit/watcher/local_sources_watcher.py", line 327, in <lambda>
    if hasattr(m, "__path__")
  File "/home/sachit/Documents/VSCProjects/optimiseGEO/venv/lib/python3.10/site-packages/transformers/__init__.py", line 862, in _getattr
    return getattr(importlib.import_module(target, __name__), name)
  File "/usr/lib/python3.10/importlib/__init__.py", line 126, in import_module
    return _bootstrap._gcd_import(name[level:], package, level)
  File "<frozen importlib._bootstrap>", line 1050, in _gcd_import
  File "<frozen importlib._bootstrap>", line 1027, in _find_and_load
  File "<frozen importlib._bootstrap>", line 1006, in _find_and_load_unlocked
  File "<frozen importlib._bootstrap>", line 688, in _load_unlocked
  File "<frozen importlib._bootstrap_external>", line 883, in exec_module
  File "<frozen importlib._bootstrap>", line 241, in _call_with_frames_removed
  File "/home/sachit/Documents/VSCProjects/optimiseGEO/venv/lib/python3.10/site-packages/transformers/models/llava_next/image_processing_llava_next.py", line 19, in <module>
    from torchvision.transforms.v2 import functional as tvF
ModuleNotFoundError: No module named 'torchvision'
2026-07-29 20:21:16.831 Examining the path of transformers.models.llava_onevision.image_processing_llava_onevision_fast raised:
Traceback (most recent call last):
  File "/home/sachit/Documents/VSCProjects/optimiseGEO/venv/lib/python3.10/site-packages/streamlit/watcher/local_sources_watcher.py", line 340, in get_module_paths
    potential_paths = extract_paths(module)
  File "/home/sachit/Documents/VSCProjects/optimiseGEO/venv/lib/python3.10/site-packages/streamlit/watcher/local_sources_watcher.py", line 327, in <lambda>
    if hasattr(m, "__path__")
  File "/home/sachit/Documents/VSCProjects/optimiseGEO/venv/lib/python3.10/site-packages/transformers/__init__.py", line 862, in _getattr
    return getattr(importlib.import_module(target, __name__), name)
  File "/usr/lib/python3.10/importlib/__init__.py", line 126, in import_module
    return _bootstrap._gcd_import(name[level:], package, level)
  File "<frozen importlib._bootstrap>", line 1050, in _gcd_import
  File "<frozen importlib._bootstrap>", line 1027, in _find_and_load
  File "<frozen importlib._bootstrap>", line 1006, in _find_and_load_unlocked
  File "<frozen importlib._bootstrap>", line 688, in _load_unlocked
  File "<frozen importlib._bootstrap_external>", line 883, in exec_module
  File "<frozen importlib._bootstrap>", line 241, in _call_with_frames_removed
  File "/home/sachit/Documents/VSCProjects/optimiseGEO/venv/lib/python3.10/site-packages/transformers/models/llava_onevision/image_processing_llava_onevision.py", line 24, in <module>
    import torchvision.transforms.v2.functional as tvF
ModuleNotFoundError: No module named 'torchvision'
2026-07-29 20:21:16.831 Examining the path of transformers.models.mask2former.image_processing_mask2former_fast raised:
Traceback (most recent call last):
  File "/home/sachit/Documents/VSCProjects/optimiseGEO/venv/lib/python3.10/site-packages/streamlit/watcher/local_sources_watcher.py", line 340, in get_module_paths
    potential_paths = extract_paths(module)
  File "/home/sachit/Documents/VSCProjects/optimiseGEO/venv/lib/python3.10/site-packages/streamlit/watcher/local_sources_watcher.py", line 327, in <lambda>
    if hasattr(m, "__path__")
  File "/home/sachit/Documents/VSCProjects/optimiseGEO/venv/lib/python3.10/site-packages/transformers/__init__.py", line 862, in _getattr
    return getattr(importlib.import_module(target, __name__), name)
  File "/usr/lib/python3.10/importlib/__init__.py", line 126, in import_module
    return _bootstrap._gcd_import(name[level:], package, level)
  File "<frozen importlib._bootstrap>", line 1050, in _gcd_import
  File "<frozen importlib._bootstrap>", line 1027, in _find_and_load
  File "<frozen importlib._bootstrap>", line 1006, in _find_and_load_unlocked
  File "<frozen importlib._bootstrap>", line 688, in _load_unlocked
  File "<frozen importlib._bootstrap_external>", line 883, in exec_module
  File "<frozen importlib._bootstrap>", line 241, in _call_with_frames_removed
  File "/home/sachit/Documents/VSCProjects/optimiseGEO/venv/lib/python3.10/site-packages/transformers/models/mask2former/image_processing_mask2former.py", line 27, in <module>
    from torchvision.transforms.v2 import functional as tvF
ModuleNotFoundError: No module named 'torchvision'
2026-07-29 20:21:16.832 Examining the path of transformers.models.maskformer.image_processing_maskformer_fast raised:
Traceback (most recent call last):
  File "/home/sachit/Documents/VSCProjects/optimiseGEO/venv/lib/python3.10/site-packages/streamlit/watcher/local_sources_watcher.py", line 340, in get_module_paths
    potential_paths = extract_paths(module)
  File "/home/sachit/Documents/VSCProjects/optimiseGEO/venv/lib/python3.10/site-packages/streamlit/watcher/local_sources_watcher.py", line 327, in <lambda>
    if hasattr(m, "__path__")
  File "/home/sachit/Documents/VSCProjects/optimiseGEO/venv/lib/python3.10/site-packages/transformers/__init__.py", line 862, in _getattr
    return getattr(importlib.import_module(target, __name__), name)
  File "/usr/lib/python3.10/importlib/__init__.py", line 126, in import_module
    return _bootstrap._gcd_import(name[level:], package, level)
  File "<frozen importlib._bootstrap>", line 1050, in _gcd_import
  File "<frozen importlib._bootstrap>", line 1027, in _find_and_load
  File "<frozen importlib._bootstrap>", line 1006, in _find_and_load_unlocked
  File "<frozen importlib._bootstrap>", line 688, in _load_unlocked
  File "<frozen importlib._bootstrap_external>", line 883, in exec_module
  File "<frozen importlib._bootstrap>", line 241, in _call_with_frames_removed
  File "/home/sachit/Documents/VSCProjects/optimiseGEO/venv/lib/python3.10/site-packages/transformers/models/maskformer/image_processing_maskformer.py", line 22, in <module>
    from torchvision.transforms.v2 import functional as tvF
ModuleNotFoundError: No module named 'torchvision'
2026-07-29 20:21:16.833 Examining the path of transformers.models.minimax_m3_vl.image_processing_minimax_m3_vl_fast raised:
Traceback (most recent call last):
  File "/home/sachit/Documents/VSCProjects/optimiseGEO/venv/lib/python3.10/site-packages/streamlit/watcher/local_sources_watcher.py", line 340, in get_module_paths
    potential_paths = extract_paths(module)
  File "/home/sachit/Documents/VSCProjects/optimiseGEO/venv/lib/python3.10/site-packages/streamlit/watcher/local_sources_watcher.py", line 327, in <lambda>
    if hasattr(m, "__path__")
  File "/home/sachit/Documents/VSCProjects/optimiseGEO/venv/lib/python3.10/site-packages/transformers/__init__.py", line 862, in _getattr
    return getattr(importlib.import_module(target, __name__), name)
  File "/usr/lib/python3.10/importlib/__init__.py", line 126, in import_module
    return _bootstrap._gcd_import(name[level:], package, level)
  File "<frozen importlib._bootstrap>", line 1050, in _gcd_import
  File "<frozen importlib._bootstrap>", line 1027, in _find_and_load
  File "<frozen importlib._bootstrap>", line 1006, in _find_and_load_unlocked
  File "<frozen importlib._bootstrap>", line 688, in _load_unlocked
  File "<frozen importlib._bootstrap_external>", line 883, in exec_module
  File "<frozen importlib._bootstrap>", line 241, in _call_with_frames_removed
  File "/home/sachit/Documents/VSCProjects/optimiseGEO/venv/lib/python3.10/site-packages/transformers/models/minimax_m3_vl/image_processing_minimax_m3_vl.py", line 18, in <module>
    from torchvision.transforms.v2 import functional as tvF
ModuleNotFoundError: No module named 'torchvision'
2026-07-29 20:21:16.833 Examining the path of transformers.models.mllama.image_processing_mllama_fast raised:
Traceback (most recent call last):
  File "/home/sachit/Documents/VSCProjects/optimiseGEO/venv/lib/python3.10/site-packages/streamlit/watcher/local_sources_watcher.py", line 340, in get_module_paths
    potential_paths = extract_paths(module)
  File "/home/sachit/Documents/VSCProjects/optimiseGEO/venv/lib/python3.10/site-packages/streamlit/watcher/local_sources_watcher.py", line 327, in <lambda>
    if hasattr(m, "__path__")
  File "/home/sachit/Documents/VSCProjects/optimiseGEO/venv/lib/python3.10/site-packages/transformers/__init__.py", line 862, in _getattr
    return getattr(importlib.import_module(target, __name__), name)
  File "/usr/lib/python3.10/importlib/__init__.py", line 126, in import_module
    return _bootstrap._gcd_import(name[level:], package, level)
  File "<frozen importlib._bootstrap>", line 1050, in _gcd_import
  File "<frozen importlib._bootstrap>", line 1027, in _find_and_load
  File "<frozen importlib._bootstrap>", line 1006, in _find_and_load_unlocked
  File "<frozen importlib._bootstrap>", line 688, in _load_unlocked
  File "<frozen importlib._bootstrap_external>", line 883, in exec_module
  File "<frozen importlib._bootstrap>", line 241, in _call_with_frames_removed
  File "/home/sachit/Documents/VSCProjects/optimiseGEO/venv/lib/python3.10/site-packages/transformers/models/mllama/image_processing_mllama.py", line 40, in <module>
    from torchvision.transforms.v2 import functional as tvF
ModuleNotFoundError: No module named 'torchvision'
2026-07-29 20:21:16.833 Examining the path of transformers.models.mobilenet_v2.image_processing_mobilenet_v2_fast raised:
Traceback (most recent call last):
  File "/home/sachit/Documents/VSCProjects/optimiseGEO/venv/lib/python3.10/site-packages/streamlit/watcher/local_sources_watcher.py", line 340, in get_module_paths
    potential_paths = extract_paths(module)
  File "/home/sachit/Documents/VSCProjects/optimiseGEO/venv/lib/python3.10/site-packages/streamlit/watcher/local_sources_watcher.py", line 327, in <lambda>
    if hasattr(m, "__path__")
  File "/home/sachit/Documents/VSCProjects/optimiseGEO/venv/lib/python3.10/site-packages/transformers/__init__.py", line 862, in _getattr
    return getattr(importlib.import_module(target, __name__), name)
  File "/usr/lib/python3.10/importlib/__init__.py", line 126, in import_module
    return _bootstrap._gcd_import(name[level:], package, level)
  File "<frozen importlib._bootstrap>", line 1050, in _gcd_import
  File "<frozen importlib._bootstrap>", line 1027, in _find_and_load
  File "<frozen importlib._bootstrap>", line 1006, in _find_and_load_unlocked
  File "<frozen importlib._bootstrap>", line 688, in _load_unlocked
  File "<frozen importlib._bootstrap_external>", line 883, in exec_module
  File "<frozen importlib._bootstrap>", line 241, in _call_with_frames_removed
  File "/home/sachit/Documents/VSCProjects/optimiseGEO/venv/lib/python3.10/site-packages/transformers/models/mobilenet_v2/image_processing_mobilenet_v2.py", line 19, in <module>
    from torchvision.transforms.v2 import functional as tvF
ModuleNotFoundError: No module named 'torchvision'
2026-07-29 20:21:16.834 Examining the path of transformers.models.mobilevit.image_processing_mobilevit_fast raised:
Traceback (most recent call last):
  File "/home/sachit/Documents/VSCProjects/optimiseGEO/venv/lib/python3.10/site-packages/streamlit/watcher/local_sources_watcher.py", line 340, in get_module_paths
    potential_paths = extract_paths(module)
  File "/home/sachit/Documents/VSCProjects/optimiseGEO/venv/lib/python3.10/site-packages/streamlit/watcher/local_sources_watcher.py", line 327, in <lambda>
    if hasattr(m, "__path__")
  File "/home/sachit/Documents/VSCProjects/optimiseGEO/venv/lib/python3.10/site-packages/transformers/__init__.py", line 862, in _getattr
    return getattr(importlib.import_module(target, __name__), name)
  File "/usr/lib/python3.10/importlib/__init__.py", line 126, in import_module
    return _bootstrap._gcd_import(name[level:], package, level)
  File "<frozen importlib._bootstrap>", line 1050, in _gcd_import
  File "<frozen importlib._bootstrap>", line 1027, in _find_and_load
  File "<frozen importlib._bootstrap>", line 1006, in _find_and_load_unlocked
  File "<frozen importlib._bootstrap>", line 688, in _load_unlocked
  File "<frozen importlib._bootstrap_external>", line 883, in exec_module
  File "<frozen importlib._bootstrap>", line 241, in _call_with_frames_removed
  File "/home/sachit/Documents/VSCProjects/optimiseGEO/venv/lib/python3.10/site-packages/transformers/models/mobilevit/image_processing_mobilevit.py", line 19, in <module>
    from torchvision.transforms.v2 import functional as tvF
ModuleNotFoundError: No module named 'torchvision'
2026-07-29 20:21:16.834 Examining the path of transformers.models.nougat.image_processing_nougat_fast raised:
Traceback (most recent call last):
  File "/home/sachit/Documents/VSCProjects/optimiseGEO/venv/lib/python3.10/site-packages/streamlit/watcher/local_sources_watcher.py", line 340, in get_module_paths
    potential_paths = extract_paths(module)
  File "/home/sachit/Documents/VSCProjects/optimiseGEO/venv/lib/python3.10/site-packages/streamlit/watcher/local_sources_watcher.py", line 327, in <lambda>
    if hasattr(m, "__path__")
  File "/home/sachit/Documents/VSCProjects/optimiseGEO/venv/lib/python3.10/site-packages/transformers/__init__.py", line 862, in _getattr
    return getattr(importlib.import_module(target, __name__), name)
  File "/usr/lib/python3.10/importlib/__init__.py", line 126, in import_module
    return _bootstrap._gcd_import(name[level:], package, level)
  File "<frozen importlib._bootstrap>", line 1050, in _gcd_import
  File "<frozen importlib._bootstrap>", line 1027, in _find_and_load
  File "<frozen importlib._bootstrap>", line 1006, in _find_and_load_unlocked
  File "<frozen importlib._bootstrap>", line 688, in _load_unlocked
  File "<frozen importlib._bootstrap_external>", line 883, in exec_module
  File "<frozen importlib._bootstrap>", line 241, in _call_with_frames_removed
  File "/home/sachit/Documents/VSCProjects/optimiseGEO/venv/lib/python3.10/site-packages/transformers/models/nougat/image_processing_nougat.py", line 17, in <module>
    from torchvision.transforms.v2 import functional as tvF
ModuleNotFoundError: No module named 'torchvision'
2026-07-29 20:21:16.835 Examining the path of transformers.models.oneformer.image_processing_oneformer_fast raised:
Traceback (most recent call last):
  File "/home/sachit/Documents/VSCProjects/optimiseGEO/venv/lib/python3.10/site-packages/streamlit/watcher/local_sources_watcher.py", line 340, in get_module_paths
    potential_paths = extract_paths(module)
  File "/home/sachit/Documents/VSCProjects/optimiseGEO/venv/lib/python3.10/site-packages/streamlit/watcher/local_sources_watcher.py", line 327, in <lambda>
    if hasattr(m, "__path__")
  File "/home/sachit/Documents/VSCProjects/optimiseGEO/venv/lib/python3.10/site-packages/transformers/__init__.py", line 862, in _getattr
    return getattr(importlib.import_module(target, __name__), name)
  File "/usr/lib/python3.10/importlib/__init__.py", line 126, in import_module
    return _bootstrap._gcd_import(name[level:], package, level)
  File "<frozen importlib._bootstrap>", line 1050, in _gcd_import
  File "<frozen importlib._bootstrap>", line 1027, in _find_and_load
  File "<frozen importlib._bootstrap>", line 1006, in _find_and_load_unlocked
  File "<frozen importlib._bootstrap>", line 688, in _load_unlocked
  File "<frozen importlib._bootstrap_external>", line 883, in exec_module
  File "<frozen importlib._bootstrap>", line 241, in _call_with_frames_removed
  File "/home/sachit/Documents/VSCProjects/optimiseGEO/venv/lib/python3.10/site-packages/transformers/models/oneformer/image_processing_oneformer.py", line 23, in <module>
    from torchvision.transforms.v2 import functional as tvF
ModuleNotFoundError: No module named 'torchvision'
2026-07-29 20:21:16.835 Examining the path of transformers.models.ovis2.image_processing_ovis2_fast raised:
Traceback (most recent call last):
  File "/home/sachit/Documents/VSCProjects/optimiseGEO/venv/lib/python3.10/site-packages/streamlit/watcher/local_sources_watcher.py", line 340, in get_module_paths
    potential_paths = extract_paths(module)
  File "/home/sachit/Documents/VSCProjects/optimiseGEO/venv/lib/python3.10/site-packages/streamlit/watcher/local_sources_watcher.py", line 327, in <lambda>
    if hasattr(m, "__path__")
  File "/home/sachit/Documents/VSCProjects/optimiseGEO/venv/lib/python3.10/site-packages/transformers/__init__.py", line 862, in _getattr
    return getattr(importlib.import_module(target, __name__), name)
  File "/usr/lib/python3.10/importlib/__init__.py", line 126, in import_module
    return _bootstrap._gcd_import(name[level:], package, level)
  File "<frozen importlib._bootstrap>", line 1050, in _gcd_import
  File "<frozen importlib._bootstrap>", line 1027, in _find_and_load
  File "<frozen importlib._bootstrap>", line 1006, in _find_and_load_unlocked
  File "<frozen importlib._bootstrap>", line 688, in _load_unlocked
  File "<frozen importlib._bootstrap_external>", line 883, in exec_module
  File "<frozen importlib._bootstrap>", line 241, in _call_with_frames_removed
  File "/home/sachit/Documents/VSCProjects/optimiseGEO/venv/lib/python3.10/site-packages/transformers/models/ovis2/image_processing_ovis2.py", line 19, in <module>
    from torchvision.transforms.v2 import functional as tvF
ModuleNotFoundError: No module named 'torchvision'
2026-07-29 20:21:16.836 Examining the path of transformers.models.owlv2.image_processing_owlv2_fast raised:
Traceback (most recent call last):
  File "/home/sachit/Documents/VSCProjects/optimiseGEO/venv/lib/python3.10/site-packages/streamlit/watcher/local_sources_watcher.py", line 340, in get_module_paths
    potential_paths = extract_paths(module)
  File "/home/sachit/Documents/VSCProjects/optimiseGEO/venv/lib/python3.10/site-packages/streamlit/watcher/local_sources_watcher.py", line 327, in <lambda>
    if hasattr(m, "__path__")
  File "/home/sachit/Documents/VSCProjects/optimiseGEO/venv/lib/python3.10/site-packages/transformers/__init__.py", line 862, in _getattr
    return getattr(importlib.import_module(target, __name__), name)
  File "/usr/lib/python3.10/importlib/__init__.py", line 126, in import_module
    return _bootstrap._gcd_import(name[level:], package, level)
  File "<frozen importlib._bootstrap>", line 1050, in _gcd_import
  File "<frozen importlib._bootstrap>", line 1027, in _find_and_load
  File "<frozen importlib._bootstrap>", line 1006, in _find_and_load_unlocked
  File "<frozen importlib._bootstrap>", line 688, in _load_unlocked
  File "<frozen importlib._bootstrap_external>", line 883, in exec_module
  File "<frozen importlib._bootstrap>", line 241, in _call_with_frames_removed
  File "/home/sachit/Documents/VSCProjects/optimiseGEO/venv/lib/python3.10/site-packages/transformers/models/owlv2/image_processing_owlv2.py", line 25, in <module>
    import torchvision.transforms.v2.functional as tvF
ModuleNotFoundError: No module named 'torchvision'
2026-07-29 20:21:16.837 Examining the path of transformers.models.perceiver.image_processing_perceiver_fast raised:
Traceback (most recent call last):
  File "/home/sachit/Documents/VSCProjects/optimiseGEO/venv/lib/python3.10/site-packages/streamlit/watcher/local_sources_watcher.py", line 340, in get_module_paths
    potential_paths = extract_paths(module)
  File "/home/sachit/Documents/VSCProjects/optimiseGEO/venv/lib/python3.10/site-packages/streamlit/watcher/local_sources_watcher.py", line 327, in <lambda>
    if hasattr(m, "__path__")
  File "/home/sachit/Documents/VSCProjects/optimiseGEO/venv/lib/python3.10/site-packages/transformers/__init__.py", line 862, in _getattr
    return getattr(importlib.import_module(target, __name__), name)
  File "/usr/lib/python3.10/importlib/__init__.py", line 126, in import_module
    return _bootstrap._gcd_import(name[level:], package, level)
  File "<frozen importlib._bootstrap>", line 1050, in _gcd_import
  File "<frozen importlib._bootstrap>", line 1027, in _find_and_load
  File "<frozen importlib._bootstrap>", line 1006, in _find_and_load_unlocked
  File "<frozen importlib._bootstrap>", line 688, in _load_unlocked
  File "<frozen importlib._bootstrap_external>", line 883, in exec_module
  File "<frozen importlib._bootstrap>", line 241, in _call_with_frames_removed
  File "/home/sachit/Documents/VSCProjects/optimiseGEO/venv/lib/python3.10/site-packages/transformers/models/perceiver/image_processing_perceiver.py", line 17, in <module>
    from torchvision.transforms.v2 import functional as tvF
ModuleNotFoundError: No module named 'torchvision'
2026-07-29 20:21:16.837 Examining the path of transformers.models.perception_lm.image_processing_perception_lm_fast raised:
Traceback (most recent call last):
  File "/home/sachit/Documents/VSCProjects/optimiseGEO/venv/lib/python3.10/site-packages/streamlit/watcher/local_sources_watcher.py", line 340, in get_module_paths
    potential_paths = extract_paths(module)
  File "/home/sachit/Documents/VSCProjects/optimiseGEO/venv/lib/python3.10/site-packages/streamlit/watcher/local_sources_watcher.py", line 327, in <lambda>
    if hasattr(m, "__path__")
  File "/home/sachit/Documents/VSCProjects/optimiseGEO/venv/lib/python3.10/site-packages/transformers/__init__.py", line 862, in _getattr
    return getattr(importlib.import_module(target, __name__), name)
  File "/usr/lib/python3.10/importlib/__init__.py", line 126, in import_module
    return _bootstrap._gcd_import(name[level:], package, level)
  File "<frozen importlib._bootstrap>", line 1050, in _gcd_import
  File "<frozen importlib._bootstrap>", line 1027, in _find_and_load
  File "<frozen importlib._bootstrap>", line 1006, in _find_and_load_unlocked
  File "<frozen importlib._bootstrap>", line 688, in _load_unlocked
  File "<frozen importlib._bootstrap_external>", line 883, in exec_module
  File "<frozen importlib._bootstrap>", line 241, in _call_with_frames_removed
  File "/home/sachit/Documents/VSCProjects/optimiseGEO/venv/lib/python3.10/site-packages/transformers/models/perception_lm/image_processing_perception_lm.py", line 19, in <module>
    from torchvision.transforms.v2 import functional as tvF
ModuleNotFoundError: No module named 'torchvision'
2026-07-29 20:21:16.838 Examining the path of transformers.models.phi4_multimodal.image_processing_phi4_multimodal_fast raised:
Traceback (most recent call last):
  File "/home/sachit/Documents/VSCProjects/optimiseGEO/venv/lib/python3.10/site-packages/streamlit/watcher/local_sources_watcher.py", line 340, in get_module_paths
    potential_paths = extract_paths(module)
  File "/home/sachit/Documents/VSCProjects/optimiseGEO/venv/lib/python3.10/site-packages/streamlit/watcher/local_sources_watcher.py", line 327, in <lambda>
    if hasattr(m, "__path__")
  File "/home/sachit/Documents/VSCProjects/optimiseGEO/venv/lib/python3.10/site-packages/transformers/__init__.py", line 862, in _getattr
    return getattr(importlib.import_module(target, __name__), name)
  File "/usr/lib/python3.10/importlib/__init__.py", line 126, in import_module
    return _bootstrap._gcd_import(name[level:], package, level)
  File "<frozen importlib._bootstrap>", line 1050, in _gcd_import
  File "<frozen importlib._bootstrap>", line 1027, in _find_and_load
  File "<frozen importlib._bootstrap>", line 1006, in _find_and_load_unlocked
  File "<frozen importlib._bootstrap>", line 688, in _load_unlocked
  File "<frozen importlib._bootstrap_external>", line 883, in exec_module
  File "<frozen importlib._bootstrap>", line 241, in _call_with_frames_removed
  File "/home/sachit/Documents/VSCProjects/optimiseGEO/venv/lib/python3.10/site-packages/transformers/models/phi4_multimodal/image_processing_phi4_multimodal.py", line 19, in <module>
    from torchvision.transforms.v2 import functional as tvF
ModuleNotFoundError: No module named 'torchvision'
2026-07-29 20:21:16.838 Examining the path of transformers.models.pix2struct.image_processing_pix2struct_fast raised:
Traceback (most recent call last):
  File "/home/sachit/Documents/VSCProjects/optimiseGEO/venv/lib/python3.10/site-packages/streamlit/watcher/local_sources_watcher.py", line 340, in get_module_paths
    potential_paths = extract_paths(module)
  File "/home/sachit/Documents/VSCProjects/optimiseGEO/venv/lib/python3.10/site-packages/streamlit/watcher/local_sources_watcher.py", line 327, in <lambda>
    if hasattr(m, "__path__")
  File "/home/sachit/Documents/VSCProjects/optimiseGEO/venv/lib/python3.10/site-packages/transformers/__init__.py", line 862, in _getattr
    return getattr(importlib.import_module(target, __name__), name)
  File "/usr/lib/python3.10/importlib/__init__.py", line 126, in import_module
    return _bootstrap._gcd_import(name[level:], package, level)
  File "<frozen importlib._bootstrap>", line 1050, in _gcd_import
  File "<frozen importlib._bootstrap>", line 1027, in _find_and_load
  File "<frozen importlib._bootstrap>", line 1006, in _find_and_load_unlocked
  File "<frozen importlib._bootstrap>", line 688, in _load_unlocked
  File "<frozen importlib._bootstrap_external>", line 883, in exec_module
  File "<frozen importlib._bootstrap>", line 241, in _call_with_frames_removed
  File "/home/sachit/Documents/VSCProjects/optimiseGEO/venv/lib/python3.10/site-packages/transformers/models/pix2struct/image_processing_pix2struct.py", line 21, in <module>
    import torchvision.transforms.v2.functional as tvF
ModuleNotFoundError: No module named 'torchvision'
2026-07-29 20:21:16.839 Examining the path of transformers.models.pixtral.image_processing_pixtral_fast raised:
Traceback (most recent call last):
  File "/home/sachit/Documents/VSCProjects/optimiseGEO/venv/lib/python3.10/site-packages/streamlit/watcher/local_sources_watcher.py", line 340, in get_module_paths
    potential_paths = extract_paths(module)
  File "/home/sachit/Documents/VSCProjects/optimiseGEO/venv/lib/python3.10/site-packages/streamlit/watcher/local_sources_watcher.py", line 327, in <lambda>
    if hasattr(m, "__path__")
  File "/home/sachit/Documents/VSCProjects/optimiseGEO/venv/lib/python3.10/site-packages/transformers/__init__.py", line 862, in _getattr
    return getattr(importlib.import_module(target, __name__), name)
  File "/usr/lib/python3.10/importlib/__init__.py", line 126, in import_module
    return _bootstrap._gcd_import(name[level:], package, level)
  File "<frozen importlib._bootstrap>", line 1050, in _gcd_import
  File "<frozen importlib._bootstrap>", line 1027, in _find_and_load
  File "<frozen importlib._bootstrap>", line 1006, in _find_and_load_unlocked
  File "<frozen importlib._bootstrap>", line 688, in _load_unlocked
  File "<frozen importlib._bootstrap_external>", line 883, in exec_module
  File "<frozen importlib._bootstrap>", line 241, in _call_with_frames_removed
  File "/home/sachit/Documents/VSCProjects/optimiseGEO/venv/lib/python3.10/site-packages/transformers/models/pixtral/image_processing_pixtral.py", line 19, in <module>
    from torchvision.transforms.v2 import functional as tvF
ModuleNotFoundError: No module named 'torchvision'
2026-07-29 20:21:16.839 Examining the path of transformers.models.poolformer.image_processing_poolformer_fast raised:
Traceback (most recent call last):
  File "/home/sachit/Documents/VSCProjects/optimiseGEO/venv/lib/python3.10/site-packages/streamlit/watcher/local_sources_watcher.py", line 340, in get_module_paths
    potential_paths = extract_paths(module)
  File "/home/sachit/Documents/VSCProjects/optimiseGEO/venv/lib/python3.10/site-packages/streamlit/watcher/local_sources_watcher.py", line 327, in <lambda>
    if hasattr(m, "__path__")
  File "/home/sachit/Documents/VSCProjects/optimiseGEO/venv/lib/python3.10/site-packages/transformers/__init__.py", line 862, in _getattr
    return getattr(importlib.import_module(target, __name__), name)
  File "/usr/lib/python3.10/importlib/__init__.py", line 126, in import_module
    return _bootstrap._gcd_import(name[level:], package, level)
  File "<frozen importlib._bootstrap>", line 1050, in _gcd_import
  File "<frozen importlib._bootstrap>", line 1027, in _find_and_load
  File "<frozen importlib._bootstrap>", line 1006, in _find_and_load_unlocked
  File "<frozen importlib._bootstrap>", line 688, in _load_unlocked
  File "<frozen importlib._bootstrap_external>", line 883, in exec_module
  File "<frozen importlib._bootstrap>", line 241, in _call_with_frames_removed
  File "/home/sachit/Documents/VSCProjects/optimiseGEO/venv/lib/python3.10/site-packages/transformers/models/poolformer/image_processing_poolformer.py", line 17, in <module>
    from torchvision.transforms.v2 import functional as tvF
ModuleNotFoundError: No module named 'torchvision'
2026-07-29 20:21:16.840 Examining the path of transformers.models.pp_doclayout_v2.image_processing_pp_doclayout_v2_fast raised:
Traceback (most recent call last):
  File "/home/sachit/Documents/VSCProjects/optimiseGEO/venv/lib/python3.10/site-packages/streamlit/watcher/local_sources_watcher.py", line 340, in get_module_paths
    potential_paths = extract_paths(module)
  File "/home/sachit/Documents/VSCProjects/optimiseGEO/venv/lib/python3.10/site-packages/streamlit/watcher/local_sources_watcher.py", line 327, in <lambda>
    if hasattr(m, "__path__")
  File "/home/sachit/Documents/VSCProjects/optimiseGEO/venv/lib/python3.10/site-packages/transformers/__init__.py", line 862, in _getattr
    return getattr(importlib.import_module(target, __name__), name)
  File "/usr/lib/python3.10/importlib/__init__.py", line 126, in import_module
    return _bootstrap._gcd_import(name[level:], package, level)
  File "<frozen importlib._bootstrap>", line 1050, in _gcd_import
  File "<frozen importlib._bootstrap>", line 1027, in _find_and_load
  File "<frozen importlib._bootstrap>", line 1006, in _find_and_load_unlocked
  File "<frozen importlib._bootstrap>", line 688, in _load_unlocked
  File "<frozen importlib._bootstrap_external>", line 883, in exec_module
  File "<frozen importlib._bootstrap>", line 241, in _call_with_frames_removed
  File "/home/sachit/Documents/VSCProjects/optimiseGEO/venv/lib/python3.10/site-packages/transformers/models/pp_doclayout_v2/image_processing_pp_doclayout_v2.py", line 23, in <module>
    from torchvision.transforms.v2 import functional as tvF
ModuleNotFoundError: No module named 'torchvision'
2026-07-29 20:21:16.840 Examining the path of transformers.models.pp_doclayout_v3.image_processing_pp_doclayout_v3_fast raised:
Traceback (most recent call last):
  File "/home/sachit/Documents/VSCProjects/optimiseGEO/venv/lib/python3.10/site-packages/streamlit/watcher/local_sources_watcher.py", line 340, in get_module_paths
    potential_paths = extract_paths(module)
  File "/home/sachit/Documents/VSCProjects/optimiseGEO/venv/lib/python3.10/site-packages/streamlit/watcher/local_sources_watcher.py", line 327, in <lambda>
    if hasattr(m, "__path__")
  File "/home/sachit/Documents/VSCProjects/optimiseGEO/venv/lib/python3.10/site-packages/transformers/__init__.py", line 862, in _getattr
    return getattr(importlib.import_module(target, __name__), name)
  File "/usr/lib/python3.10/importlib/__init__.py", line 126, in import_module
    return _bootstrap._gcd_import(name[level:], package, level)
  File "<frozen importlib._bootstrap>", line 1050, in _gcd_import
  File "<frozen importlib._bootstrap>", line 1027, in _find_and_load
  File "<frozen importlib._bootstrap>", line 1006, in _find_and_load_unlocked
  File "<frozen importlib._bootstrap>", line 688, in _load_unlocked
  File "<frozen importlib._bootstrap_external>", line 883, in exec_module
  File "<frozen importlib._bootstrap>", line 241, in _call_with_frames_removed
  File "/home/sachit/Documents/VSCProjects/optimiseGEO/venv/lib/python3.10/site-packages/transformers/models/pp_doclayout_v3/image_processing_pp_doclayout_v3.py", line 24, in <module>
    from torchvision.transforms.v2 import functional as tvF
ModuleNotFoundError: No module named 'torchvision'
2026-07-29 20:21:16.841 Examining the path of transformers.models.pp_formulanet.image_processing_pp_formulanet_fast raised:
Traceback (most recent call last):
  File "/home/sachit/Documents/VSCProjects/optimiseGEO/venv/lib/python3.10/site-packages/streamlit/watcher/local_sources_watcher.py", line 340, in get_module_paths
    potential_paths = extract_paths(module)
  File "/home/sachit/Documents/VSCProjects/optimiseGEO/venv/lib/python3.10/site-packages/streamlit/watcher/local_sources_watcher.py", line 327, in <lambda>
    if hasattr(m, "__path__")
  File "/home/sachit/Documents/VSCProjects/optimiseGEO/venv/lib/python3.10/site-packages/transformers/__init__.py", line 862, in _getattr
    return getattr(importlib.import_module(target, __name__), name)
  File "/usr/lib/python3.10/importlib/__init__.py", line 126, in import_module
    return _bootstrap._gcd_import(name[level:], package, level)
  File "<frozen importlib._bootstrap>", line 1050, in _gcd_import
  File "<frozen importlib._bootstrap>", line 1027, in _find_and_load
  File "<frozen importlib._bootstrap>", line 1006, in _find_and_load_unlocked
  File "<frozen importlib._bootstrap>", line 688, in _load_unlocked
  File "<frozen importlib._bootstrap_external>", line 883, in exec_module
  File "<frozen importlib._bootstrap>", line 241, in _call_with_frames_removed
  File "/home/sachit/Documents/VSCProjects/optimiseGEO/venv/lib/python3.10/site-packages/transformers/models/pp_formulanet/image_processing_pp_formulanet.py", line 23, in <module>
    from torchvision.transforms.v2 import functional as tvF
ModuleNotFoundError: No module named 'torchvision'
2026-07-29 20:21:16.841 Examining the path of transformers.models.pp_lcnet.image_processing_pp_lcnet_fast raised:
Traceback (most recent call last):
  File "/home/sachit/Documents/VSCProjects/optimiseGEO/venv/lib/python3.10/site-packages/streamlit/watcher/local_sources_watcher.py", line 340, in get_module_paths
    potential_paths = extract_paths(module)
  File "/home/sachit/Documents/VSCProjects/optimiseGEO/venv/lib/python3.10/site-packages/streamlit/watcher/local_sources_watcher.py", line 327, in <lambda>
    if hasattr(m, "__path__")
  File "/home/sachit/Documents/VSCProjects/optimiseGEO/venv/lib/python3.10/site-packages/transformers/__init__.py", line 862, in _getattr
    return getattr(importlib.import_module(target, __name__), name)
  File "/usr/lib/python3.10/importlib/__init__.py", line 126, in import_module
    return _bootstrap._gcd_import(name[level:], package, level)
  File "<frozen importlib._bootstrap>", line 1050, in _gcd_import
  File "<frozen importlib._bootstrap>", line 1027, in _find_and_load
  File "<frozen importlib._bootstrap>", line 1006, in _find_and_load_unlocked
  File "<frozen importlib._bootstrap>", line 688, in _load_unlocked
  File "<frozen importlib._bootstrap_external>", line 883, in exec_module
  File "<frozen importlib._bootstrap>", line 241, in _call_with_frames_removed
  File "/home/sachit/Documents/VSCProjects/optimiseGEO/venv/lib/python3.10/site-packages/transformers/models/pp_lcnet/image_processing_pp_lcnet.py", line 24, in <module>
    import torchvision.transforms.v2.functional as tvF
ModuleNotFoundError: No module named 'torchvision'
2026-07-29 20:21:16.841 Examining the path of transformers.models.pp_ocrv5_server_det.image_processing_pp_ocrv5_server_det_fast raised:
Traceback (most recent call last):
  File "/home/sachit/Documents/VSCProjects/optimiseGEO/venv/lib/python3.10/site-packages/streamlit/watcher/local_sources_watcher.py", line 340, in get_module_paths
    potential_paths = extract_paths(module)
  File "/home/sachit/Documents/VSCProjects/optimiseGEO/venv/lib/python3.10/site-packages/streamlit/watcher/local_sources_watcher.py", line 327, in <lambda>
    if hasattr(m, "__path__")
  File "/home/sachit/Documents/VSCProjects/optimiseGEO/venv/lib/python3.10/site-packages/transformers/__init__.py", line 862, in _getattr
    return getattr(importlib.import_module(target, __name__), name)
  File "/usr/lib/python3.10/importlib/__init__.py", line 126, in import_module
    return _bootstrap._gcd_import(name[level:], package, level)
  File "<frozen importlib._bootstrap>", line 1050, in _gcd_import
  File "<frozen importlib._bootstrap>", line 1027, in _find_and_load
  File "<frozen importlib._bootstrap>", line 1006, in _find_and_load_unlocked
  File "<frozen importlib._bootstrap>", line 688, in _load_unlocked
  File "<frozen importlib._bootstrap_external>", line 883, in exec_module
  File "<frozen importlib._bootstrap>", line 241, in _call_with_frames_removed
  File "/home/sachit/Documents/VSCProjects/optimiseGEO/venv/lib/python3.10/site-packages/transformers/models/pp_ocrv5_server_det/image_processing_pp_ocrv5_server_det.py", line 25, in <module>
    import torchvision.transforms.v2.functional as tvF
ModuleNotFoundError: No module named 'torchvision'
2026-07-29 20:21:16.842 Examining the path of transformers.models.pp_ocrv5_server_rec.image_processing_pp_ocrv5_server_rec_fast raised:
Traceback (most recent call last):
  File "/home/sachit/Documents/VSCProjects/optimiseGEO/venv/lib/python3.10/site-packages/streamlit/watcher/local_sources_watcher.py", line 340, in get_module_paths
    potential_paths = extract_paths(module)
  File "/home/sachit/Documents/VSCProjects/optimiseGEO/venv/lib/python3.10/site-packages/streamlit/watcher/local_sources_watcher.py", line 327, in <lambda>
    if hasattr(m, "__path__")
  File "/home/sachit/Documents/VSCProjects/optimiseGEO/venv/lib/python3.10/site-packages/transformers/__init__.py", line 862, in _getattr
    return getattr(importlib.import_module(target, __name__), name)
  File "/usr/lib/python3.10/importlib/__init__.py", line 126, in import_module
    return _bootstrap._gcd_import(name[level:], package, level)
  File "<frozen importlib._bootstrap>", line 1050, in _gcd_import
  File "<frozen importlib._bootstrap>", line 1027, in _find_and_load
  File "<frozen importlib._bootstrap>", line 1006, in _find_and_load_unlocked
  File "<frozen importlib._bootstrap>", line 688, in _load_unlocked
  File "<frozen importlib._bootstrap_external>", line 883, in exec_module
  File "<frozen importlib._bootstrap>", line 241, in _call_with_frames_removed
  File "/home/sachit/Documents/VSCProjects/optimiseGEO/venv/lib/python3.10/site-packages/transformers/models/pp_ocrv5_server_rec/image_processing_pp_ocrv5_server_rec.py", line 24, in <module>
    import torchvision.transforms.v2.functional as tvF
ModuleNotFoundError: No module named 'torchvision'
2026-07-29 20:21:16.842 Examining the path of transformers.models.pp_ocrv6_small_rec.image_processing_pp_ocrv6_small_rec_fast raised:
Traceback (most recent call last):
  File "/home/sachit/Documents/VSCProjects/optimiseGEO/venv/lib/python3.10/site-packages/streamlit/watcher/local_sources_watcher.py", line 340, in get_module_paths
    potential_paths = extract_paths(module)
  File "/home/sachit/Documents/VSCProjects/optimiseGEO/venv/lib/python3.10/site-packages/streamlit/watcher/local_sources_watcher.py", line 327, in <lambda>
    if hasattr(m, "__path__")
  File "/home/sachit/Documents/VSCProjects/optimiseGEO/venv/lib/python3.10/site-packages/transformers/__init__.py", line 862, in _getattr
    return getattr(importlib.import_module(target, __name__), name)
  File "/usr/lib/python3.10/importlib/__init__.py", line 126, in import_module
    return _bootstrap._gcd_import(name[level:], package, level)
  File "<frozen importlib._bootstrap>", line 1050, in _gcd_import
  File "<frozen importlib._bootstrap>", line 1027, in _find_and_load
  File "<frozen importlib._bootstrap>", line 1006, in _find_and_load_unlocked
  File "<frozen importlib._bootstrap>", line 688, in _load_unlocked
  File "<frozen importlib._bootstrap_external>", line 883, in exec_module
  File "<frozen importlib._bootstrap>", line 241, in _call_with_frames_removed
  File "/home/sachit/Documents/VSCProjects/optimiseGEO/venv/lib/python3.10/site-packages/transformers/models/pp_ocrv6_small_rec/image_processing_pp_ocrv6_small_rec.py", line 24, in <module>
    import torchvision.transforms.v2.functional as tvF
ModuleNotFoundError: No module named 'torchvision'
2026-07-29 20:21:16.843 Examining the path of transformers.models.prompt_depth_anything.image_processing_prompt_depth_anything_fast raised:
Traceback (most recent call last):
  File "/home/sachit/Documents/VSCProjects/optimiseGEO/venv/lib/python3.10/site-packages/streamlit/watcher/local_sources_watcher.py", line 340, in get_module_paths
    potential_paths = extract_paths(module)
  File "/home/sachit/Documents/VSCProjects/optimiseGEO/venv/lib/python3.10/site-packages/streamlit/watcher/local_sources_watcher.py", line 327, in <lambda>
    if hasattr(m, "__path__")
  File "/home/sachit/Documents/VSCProjects/optimiseGEO/venv/lib/python3.10/site-packages/transformers/__init__.py", line 862, in _getattr
    return getattr(importlib.import_module(target, __name__), name)
  File "/usr/lib/python3.10/importlib/__init__.py", line 126, in import_module
    return _bootstrap._gcd_import(name[level:], package, level)
  File "<frozen importlib._bootstrap>", line 1050, in _gcd_import
  File "<frozen importlib._bootstrap>", line 1027, in _find_and_load
  File "<frozen importlib._bootstrap>", line 1006, in _find_and_load_unlocked
  File "<frozen importlib._bootstrap>", line 688, in _load_unlocked
  File "<frozen importlib._bootstrap_external>", line 883, in exec_module
  File "<frozen importlib._bootstrap>", line 241, in _call_with_frames_removed
  File "/home/sachit/Documents/VSCProjects/optimiseGEO/venv/lib/python3.10/site-packages/transformers/models/prompt_depth_anything/image_processing_prompt_depth_anything.py", line 42, in <module>
    from torchvision.transforms.v2 import functional as tvF
ModuleNotFoundError: No module named 'torchvision'
2026-07-29 20:21:16.843 Examining the path of transformers.models.qwen2_vl.image_processing_qwen2_vl_fast raised:
Traceback (most recent call last):
  File "/home/sachit/Documents/VSCProjects/optimiseGEO/venv/lib/python3.10/site-packages/streamlit/watcher/local_sources_watcher.py", line 340, in get_module_paths
    potential_paths = extract_paths(module)
  File "/home/sachit/Documents/VSCProjects/optimiseGEO/venv/lib/python3.10/site-packages/streamlit/watcher/local_sources_watcher.py", line 327, in <lambda>
    if hasattr(m, "__path__")
  File "/home/sachit/Documents/VSCProjects/optimiseGEO/venv/lib/python3.10/site-packages/transformers/__init__.py", line 862, in _getattr
    return getattr(importlib.import_module(target, __name__), name)
  File "/usr/lib/python3.10/importlib/__init__.py", line 126, in import_module
    return _bootstrap._gcd_import(name[level:], package, level)
  File "<frozen importlib._bootstrap>", line 1050, in _gcd_import
  File "<frozen importlib._bootstrap>", line 1027, in _find_and_load
  File "<frozen importlib._bootstrap>", line 1006, in _find_and_load_unlocked
  File "<frozen importlib._bootstrap>", line 688, in _load_unlocked
  File "<frozen importlib._bootstrap_external>", line 883, in exec_module
  File "<frozen importlib._bootstrap>", line 241, in _call_with_frames_removed
  File "/home/sachit/Documents/VSCProjects/optimiseGEO/venv/lib/python3.10/site-packages/transformers/models/qwen2_vl/image_processing_qwen2_vl.py", line 25, in <module>
    from torchvision.transforms.v2 import functional as tvF
ModuleNotFoundError: No module named 'torchvision'
2026-07-29 20:21:16.844 Examining the path of transformers.models.rf_detr.image_processing_rf_detr_fast raised:
Traceback (most recent call last):
  File "/home/sachit/Documents/VSCProjects/optimiseGEO/venv/lib/python3.10/site-packages/streamlit/watcher/local_sources_watcher.py", line 340, in get_module_paths
    potential_paths = extract_paths(module)
  File "/home/sachit/Documents/VSCProjects/optimiseGEO/venv/lib/python3.10/site-packages/streamlit/watcher/local_sources_watcher.py", line 327, in <lambda>
    if hasattr(m, "__path__")
  File "/home/sachit/Documents/VSCProjects/optimiseGEO/venv/lib/python3.10/site-packages/transformers/__init__.py", line 862, in _getattr
    return getattr(importlib.import_module(target, __name__), name)
  File "/usr/lib/python3.10/importlib/__init__.py", line 126, in import_module
    return _bootstrap._gcd_import(name[level:], package, level)
  File "<frozen importlib._bootstrap>", line 1050, in _gcd_import
  File "<frozen importlib._bootstrap>", line 1027, in _find_and_load
  File "<frozen importlib._bootstrap>", line 1006, in _find_and_load_unlocked
  File "<frozen importlib._bootstrap>", line 688, in _load_unlocked
  File "<frozen importlib._bootstrap_external>", line 883, in exec_module
  File "<frozen importlib._bootstrap>", line 241, in _call_with_frames_removed
  File "/home/sachit/Documents/VSCProjects/optimiseGEO/venv/lib/python3.10/site-packages/transformers/models/rf_detr/image_processing_rf_detr.py", line 26, in <module>
    from torchvision.transforms.v2 import functional as tvF
ModuleNotFoundError: No module named 'torchvision'
2026-07-29 20:21:16.844 Examining the path of transformers.models.rt_detr.image_processing_rt_detr_fast raised:
Traceback (most recent call last):
  File "/home/sachit/Documents/VSCProjects/optimiseGEO/venv/lib/python3.10/site-packages/streamlit/watcher/local_sources_watcher.py", line 340, in get_module_paths
    potential_paths = extract_paths(module)
  File "/home/sachit/Documents/VSCProjects/optimiseGEO/venv/lib/python3.10/site-packages/streamlit/watcher/local_sources_watcher.py", line 327, in <lambda>
    if hasattr(m, "__path__")
  File "/home/sachit/Documents/VSCProjects/optimiseGEO/venv/lib/python3.10/site-packages/transformers/__init__.py", line 862, in _getattr
    return getattr(importlib.import_module(target, __name__), name)
  File "/usr/lib/python3.10/importlib/__init__.py", line 126, in import_module
    return _bootstrap._gcd_import(name[level:], package, level)
  File "<frozen importlib._bootstrap>", line 1050, in _gcd_import
  File "<frozen importlib._bootstrap>", line 1027, in _find_and_load
  File "<frozen importlib._bootstrap>", line 1006, in _find_and_load_unlocked
  File "<frozen importlib._bootstrap>", line 688, in _load_unlocked
  File "<frozen importlib._bootstrap_external>", line 883, in exec_module
  File "<frozen importlib._bootstrap>", line 241, in _call_with_frames_removed
  File "/home/sachit/Documents/VSCProjects/optimiseGEO/venv/lib/python3.10/site-packages/transformers/models/rt_detr/image_processing_rt_detr.py", line 24, in <module>
    from torchvision.transforms.v2 import functional as tvF
ModuleNotFoundError: No module named 'torchvision'
2026-07-29 20:21:16.845 Examining the path of transformers.models.sam.image_processing_sam_fast raised:
Traceback (most recent call last):
  File "/home/sachit/Documents/VSCProjects/optimiseGEO/venv/lib/python3.10/site-packages/streamlit/watcher/local_sources_watcher.py", line 340, in get_module_paths
    potential_paths = extract_paths(module)
  File "/home/sachit/Documents/VSCProjects/optimiseGEO/venv/lib/python3.10/site-packages/streamlit/watcher/local_sources_watcher.py", line 327, in <lambda>
    if hasattr(m, "__path__")
  File "/home/sachit/Documents/VSCProjects/optimiseGEO/venv/lib/python3.10/site-packages/transformers/__init__.py", line 862, in _getattr
    return getattr(importlib.import_module(target, __name__), name)
  File "/usr/lib/python3.10/importlib/__init__.py", line 126, in import_module
    return _bootstrap._gcd_import(name[level:], package, level)
  File "<frozen importlib._bootstrap>", line 1050, in _gcd_import
  File "<frozen importlib._bootstrap>", line 1027, in _find_and_load
  File "<frozen importlib._bootstrap>", line 1006, in _find_and_load_unlocked
  File "<frozen importlib._bootstrap>", line 688, in _load_unlocked
  File "<frozen importlib._bootstrap_external>", line 883, in exec_module
  File "<frozen importlib._bootstrap>", line 241, in _call_with_frames_removed
  File "/home/sachit/Documents/VSCProjects/optimiseGEO/venv/lib/python3.10/site-packages/transformers/models/sam/image_processing_sam.py", line 25, in <module>
    from torchvision.ops.boxes import batched_nms
ModuleNotFoundError: No module named 'torchvision'
2026-07-29 20:21:16.846 Examining the path of transformers.models.sam2.image_processing_sam2_fast raised:
Traceback (most recent call last):
  File "/home/sachit/Documents/VSCProjects/optimiseGEO/venv/lib/python3.10/site-packages/streamlit/watcher/local_sources_watcher.py", line 340, in get_module_paths
    potential_paths = extract_paths(module)
  File "/home/sachit/Documents/VSCProjects/optimiseGEO/venv/lib/python3.10/site-packages/streamlit/watcher/local_sources_watcher.py", line 327, in <lambda>
    if hasattr(m, "__path__")
  File "/home/sachit/Documents/VSCProjects/optimiseGEO/venv/lib/python3.10/site-packages/transformers/__init__.py", line 862, in _getattr
    return getattr(importlib.import_module(target, __name__), name)
  File "/usr/lib/python3.10/importlib/__init__.py", line 126, in import_module
    return _bootstrap._gcd_import(name[level:], package, level)
  File "<frozen importlib._bootstrap>", line 1050, in _gcd_import
  File "<frozen importlib._bootstrap>", line 1027, in _find_and_load
  File "<frozen importlib._bootstrap>", line 1006, in _find_and_load_unlocked
  File "<frozen importlib._bootstrap>", line 688, in _load_unlocked
  File "<frozen importlib._bootstrap_external>", line 883, in exec_module
  File "<frozen importlib._bootstrap>", line 241, in _call_with_frames_removed
  File "/home/sachit/Documents/VSCProjects/optimiseGEO/venv/lib/python3.10/site-packages/transformers/models/sam2/image_processing_sam2.py", line 28, in <module>
    from torchvision.ops.boxes import batched_nms
ModuleNotFoundError: No module named 'torchvision'
2026-07-29 20:21:16.846 Examining the path of transformers.models.sam3.image_processing_sam3_fast raised:
Traceback (most recent call last):
  File "/home/sachit/Documents/VSCProjects/optimiseGEO/venv/lib/python3.10/site-packages/streamlit/watcher/local_sources_watcher.py", line 340, in get_module_paths
    potential_paths = extract_paths(module)
  File "/home/sachit/Documents/VSCProjects/optimiseGEO/venv/lib/python3.10/site-packages/streamlit/watcher/local_sources_watcher.py", line 327, in <lambda>
    if hasattr(m, "__path__")
  File "/home/sachit/Documents/VSCProjects/optimiseGEO/venv/lib/python3.10/site-packages/transformers/__init__.py", line 862, in _getattr
    return getattr(importlib.import_module(target, __name__), name)
  File "/usr/lib/python3.10/importlib/__init__.py", line 126, in import_module
    return _bootstrap._gcd_import(name[level:], package, level)
  File "<frozen importlib._bootstrap>", line 1050, in _gcd_import
  File "<frozen importlib._bootstrap>", line 1027, in _find_and_load
  File "<frozen importlib._bootstrap>", line 1006, in _find_and_load_unlocked
  File "<frozen importlib._bootstrap>", line 688, in _load_unlocked
  File "<frozen importlib._bootstrap_external>", line 883, in exec_module
  File "<frozen importlib._bootstrap>", line 241, in _call_with_frames_removed
  File "/home/sachit/Documents/VSCProjects/optimiseGEO/venv/lib/python3.10/site-packages/transformers/models/sam3/image_processing_sam3.py", line 30, in <module>
    from torchvision.ops.boxes import batched_nms
ModuleNotFoundError: No module named 'torchvision'
2026-07-29 20:21:16.847 Examining the path of transformers.models.sapiens2.image_processing_sapiens2_fast raised:
Traceback (most recent call last):
  File "/home/sachit/Documents/VSCProjects/optimiseGEO/venv/lib/python3.10/site-packages/streamlit/watcher/local_sources_watcher.py", line 340, in get_module_paths
    potential_paths = extract_paths(module)
  File "/home/sachit/Documents/VSCProjects/optimiseGEO/venv/lib/python3.10/site-packages/streamlit/watcher/local_sources_watcher.py", line 327, in <lambda>
    if hasattr(m, "__path__")
  File "/home/sachit/Documents/VSCProjects/optimiseGEO/venv/lib/python3.10/site-packages/transformers/__init__.py", line 862, in _getattr
    return getattr(importlib.import_module(target, __name__), name)
  File "/usr/lib/python3.10/importlib/__init__.py", line 126, in import_module
    return _bootstrap._gcd_import(name[level:], package, level)
  File "<frozen importlib._bootstrap>", line 1050, in _gcd_import
  File "<frozen importlib._bootstrap>", line 1027, in _find_and_load
  File "<frozen importlib._bootstrap>", line 1006, in _find_and_load_unlocked
  File "<frozen importlib._bootstrap>", line 688, in _load_unlocked
  File "<frozen importlib._bootstrap_external>", line 883, in exec_module
  File "<frozen importlib._bootstrap>", line 241, in _call_with_frames_removed
  File "/home/sachit/Documents/VSCProjects/optimiseGEO/venv/lib/python3.10/site-packages/transformers/models/sapiens2/image_processing_sapiens2.py", line 23, in <module>
    from torchvision.transforms.v2 import functional as tvF
ModuleNotFoundError: No module named 'torchvision'
2026-07-29 20:21:16.847 Examining the path of transformers.models.segformer.image_processing_segformer_fast raised:
Traceback (most recent call last):
  File "/home/sachit/Documents/VSCProjects/optimiseGEO/venv/lib/python3.10/site-packages/streamlit/watcher/local_sources_watcher.py", line 340, in get_module_paths
    potential_paths = extract_paths(module)
  File "/home/sachit/Documents/VSCProjects/optimiseGEO/venv/lib/python3.10/site-packages/streamlit/watcher/local_sources_watcher.py", line 327, in <lambda>
    if hasattr(m, "__path__")
  File "/home/sachit/Documents/VSCProjects/optimiseGEO/venv/lib/python3.10/site-packages/transformers/__init__.py", line 862, in _getattr
    return getattr(importlib.import_module(target, __name__), name)
  File "/usr/lib/python3.10/importlib/__init__.py", line 126, in import_module
    return _bootstrap._gcd_import(name[level:], package, level)
  File "<frozen importlib._bootstrap>", line 1050, in _gcd_import
  File "<frozen importlib._bootstrap>", line 1027, in _find_and_load
  File "<frozen importlib._bootstrap>", line 1006, in _find_and_load_unlocked
  File "<frozen importlib._bootstrap>", line 688, in _load_unlocked
  File "<frozen importlib._bootstrap_external>", line 883, in exec_module
  File "<frozen importlib._bootstrap>", line 241, in _call_with_frames_removed
  File "/home/sachit/Documents/VSCProjects/optimiseGEO/venv/lib/python3.10/site-packages/transformers/models/segformer/image_processing_segformer.py", line 25, in <module>
    import torchvision.transforms.v2.functional as tvF
ModuleNotFoundError: No module named 'torchvision'
2026-07-29 20:21:16.848 Examining the path of transformers.models.seggpt.image_processing_seggpt_fast raised:
Traceback (most recent call last):
  File "/home/sachit/Documents/VSCProjects/optimiseGEO/venv/lib/python3.10/site-packages/streamlit/watcher/local_sources_watcher.py", line 340, in get_module_paths
    potential_paths = extract_paths(module)
  File "/home/sachit/Documents/VSCProjects/optimiseGEO/venv/lib/python3.10/site-packages/streamlit/watcher/local_sources_watcher.py", line 327, in <lambda>
    if hasattr(m, "__path__")
  File "/home/sachit/Documents/VSCProjects/optimiseGEO/venv/lib/python3.10/site-packages/transformers/__init__.py", line 862, in _getattr
    return getattr(importlib.import_module(target, __name__), name)
  File "/usr/lib/python3.10/importlib/__init__.py", line 126, in import_module
    return _bootstrap._gcd_import(name[level:], package, level)
  File "<frozen importlib._bootstrap>", line 1050, in _gcd_import
  File "<frozen importlib._bootstrap>", line 1027, in _find_and_load
  File "<frozen importlib._bootstrap>", line 1006, in _find_and_load_unlocked
  File "<frozen importlib._bootstrap>", line 688, in _load_unlocked
  File "<frozen importlib._bootstrap_external>", line 883, in exec_module
  File "<frozen importlib._bootstrap>", line 241, in _call_with_frames_removed
  File "/home/sachit/Documents/VSCProjects/optimiseGEO/venv/lib/python3.10/site-packages/transformers/models/seggpt/image_processing_seggpt.py", line 20, in <module>
    from torchvision.transforms.v2 import functional as tvF
ModuleNotFoundError: No module named 'torchvision'
2026-07-29 20:21:16.848 Examining the path of transformers.models.siglip2.image_processing_siglip2_fast raised:
Traceback (most recent call last):
  File "/home/sachit/Documents/VSCProjects/optimiseGEO/venv/lib/python3.10/site-packages/streamlit/watcher/local_sources_watcher.py", line 340, in get_module_paths
    potential_paths = extract_paths(module)
  File "/home/sachit/Documents/VSCProjects/optimiseGEO/venv/lib/python3.10/site-packages/streamlit/watcher/local_sources_watcher.py", line 327, in <lambda>
    if hasattr(m, "__path__")
  File "/home/sachit/Documents/VSCProjects/optimiseGEO/venv/lib/python3.10/site-packages/transformers/__init__.py", line 862, in _getattr
    return getattr(importlib.import_module(target, __name__), name)
  File "/usr/lib/python3.10/importlib/__init__.py", line 126, in import_module
    return _bootstrap._gcd_import(name[level:], package, level)
  File "<frozen importlib._bootstrap>", line 1050, in _gcd_import
  File "<frozen importlib._bootstrap>", line 1027, in _find_and_load
  File "<frozen importlib._bootstrap>", line 1006, in _find_and_load_unlocked
  File "<frozen importlib._bootstrap>", line 688, in _load_unlocked
  File "<frozen importlib._bootstrap_external>", line 883, in exec_module
  File "<frozen importlib._bootstrap>", line 241, in _call_with_frames_removed
  File "/home/sachit/Documents/VSCProjects/optimiseGEO/venv/lib/python3.10/site-packages/transformers/models/siglip2/image_processing_siglip2.py", line 17, in <module>
    from torchvision.transforms.v2 import functional as tvF
ModuleNotFoundError: No module named 'torchvision'
2026-07-29 20:21:16.849 Examining the path of transformers.models.slanext.image_processing_slanext_fast raised:
Traceback (most recent call last):
  File "/home/sachit/Documents/VSCProjects/optimiseGEO/venv/lib/python3.10/site-packages/streamlit/watcher/local_sources_watcher.py", line 340, in get_module_paths
    potential_paths = extract_paths(module)
  File "/home/sachit/Documents/VSCProjects/optimiseGEO/venv/lib/python3.10/site-packages/streamlit/watcher/local_sources_watcher.py", line 327, in <lambda>
    if hasattr(m, "__path__")
  File "/home/sachit/Documents/VSCProjects/optimiseGEO/venv/lib/python3.10/site-packages/transformers/__init__.py", line 862, in _getattr
    return getattr(importlib.import_module(target, __name__), name)
  File "/usr/lib/python3.10/importlib/__init__.py", line 126, in import_module
    return _bootstrap._gcd_import(name[level:], package, level)
  File "<frozen importlib._bootstrap>", line 1050, in _gcd_import
  File "<frozen importlib._bootstrap>", line 1027, in _find_and_load
  File "<frozen importlib._bootstrap>", line 1006, in _find_and_load_unlocked
  File "<frozen importlib._bootstrap>", line 688, in _load_unlocked
  File "<frozen importlib._bootstrap_external>", line 883, in exec_module
  File "<frozen importlib._bootstrap>", line 241, in _call_with_frames_removed
  File "/home/sachit/Documents/VSCProjects/optimiseGEO/venv/lib/python3.10/site-packages/transformers/models/slanext/image_processing_slanext.py", line 23, in <module>
    import torchvision.transforms.v2.functional as tvF
ModuleNotFoundError: No module named 'torchvision'
2026-07-29 20:21:16.849 Examining the path of transformers.models.smolvlm.image_processing_smolvlm_fast raised:
Traceback (most recent call last):
  File "/home/sachit/Documents/VSCProjects/optimiseGEO/venv/lib/python3.10/site-packages/streamlit/watcher/local_sources_watcher.py", line 340, in get_module_paths
    potential_paths = extract_paths(module)
  File "/home/sachit/Documents/VSCProjects/optimiseGEO/venv/lib/python3.10/site-packages/streamlit/watcher/local_sources_watcher.py", line 327, in <lambda>
    if hasattr(m, "__path__")
  File "/home/sachit/Documents/VSCProjects/optimiseGEO/venv/lib/python3.10/site-packages/transformers/__init__.py", line 862, in _getattr
    return getattr(importlib.import_module(target, __name__), name)
  File "/usr/lib/python3.10/importlib/__init__.py", line 126, in import_module
    return _bootstrap._gcd_import(name[level:], package, level)
  File "<frozen importlib._bootstrap>", line 1050, in _gcd_import
  File "<frozen importlib._bootstrap>", line 1027, in _find_and_load
  File "<frozen importlib._bootstrap>", line 1006, in _find_and_load_unlocked
  File "<frozen importlib._bootstrap>", line 688, in _load_unlocked
  File "<frozen importlib._bootstrap_external>", line 883, in exec_module
  File "<frozen importlib._bootstrap>", line 241, in _call_with_frames_removed
  File "/home/sachit/Documents/VSCProjects/optimiseGEO/venv/lib/python3.10/site-packages/transformers/models/smolvlm/image_processing_smolvlm.py", line 27, in <module>
    from torchvision.transforms.v2 import functional as tvF
ModuleNotFoundError: No module named 'torchvision'
2026-07-29 20:21:16.850 Examining the path of transformers.models.superglue.image_processing_superglue_fast raised:
Traceback (most recent call last):
  File "/home/sachit/Documents/VSCProjects/optimiseGEO/venv/lib/python3.10/site-packages/streamlit/watcher/local_sources_watcher.py", line 340, in get_module_paths
    potential_paths = extract_paths(module)
  File "/home/sachit/Documents/VSCProjects/optimiseGEO/venv/lib/python3.10/site-packages/streamlit/watcher/local_sources_watcher.py", line 327, in <lambda>
    if hasattr(m, "__path__")
  File "/home/sachit/Documents/VSCProjects/optimiseGEO/venv/lib/python3.10/site-packages/transformers/__init__.py", line 862, in _getattr
    return getattr(importlib.import_module(target, __name__), name)
  File "/usr/lib/python3.10/importlib/__init__.py", line 126, in import_module
    return _bootstrap._gcd_import(name[level:], package, level)
  File "<frozen importlib._bootstrap>", line 1050, in _gcd_import
  File "<frozen importlib._bootstrap>", line 1027, in _find_and_load
  File "<frozen importlib._bootstrap>", line 1006, in _find_and_load_unlocked
  File "<frozen importlib._bootstrap>", line 688, in _load_unlocked
  File "<frozen importlib._bootstrap_external>", line 883, in exec_module
  File "<frozen importlib._bootstrap>", line 241, in _call_with_frames_removed
  File "/home/sachit/Documents/VSCProjects/optimiseGEO/venv/lib/python3.10/site-packages/transformers/models/superglue/image_processing_superglue.py", line 47, in <module>
    from torchvision.transforms.v2 import functional as tvF
ModuleNotFoundError: No module named 'torchvision'
2026-07-29 20:21:16.850 Examining the path of transformers.models.superpoint.image_processing_superpoint_fast raised:
Traceback (most recent call last):
  File "/home/sachit/Documents/VSCProjects/optimiseGEO/venv/lib/python3.10/site-packages/streamlit/watcher/local_sources_watcher.py", line 340, in get_module_paths
    potential_paths = extract_paths(module)
  File "/home/sachit/Documents/VSCProjects/optimiseGEO/venv/lib/python3.10/site-packages/streamlit/watcher/local_sources_watcher.py", line 327, in <lambda>
    if hasattr(m, "__path__")
  File "/home/sachit/Documents/VSCProjects/optimiseGEO/venv/lib/python3.10/site-packages/transformers/__init__.py", line 862, in _getattr
    return getattr(importlib.import_module(target, __name__), name)
  File "/usr/lib/python3.10/importlib/__init__.py", line 126, in import_module
    return _bootstrap._gcd_import(name[level:], package, level)
  File "<frozen importlib._bootstrap>", line 1050, in _gcd_import
  File "<frozen importlib._bootstrap>", line 1027, in _find_and_load
  File "<frozen importlib._bootstrap>", line 1006, in _find_and_load_unlocked
  File "<frozen importlib._bootstrap>", line 688, in _load_unlocked
  File "<frozen importlib._bootstrap_external>", line 883, in exec_module
  File "<frozen importlib._bootstrap>", line 241, in _call_with_frames_removed
  File "/home/sachit/Documents/VSCProjects/optimiseGEO/venv/lib/python3.10/site-packages/transformers/models/superpoint/image_processing_superpoint.py", line 31, in <module>
    from torchvision.transforms.v2 import functional as tvF
ModuleNotFoundError: No module named 'torchvision'
2026-07-29 20:21:16.851 Examining the path of transformers.models.swin2sr.image_processing_swin2sr_fast raised:
Traceback (most recent call last):
  File "/home/sachit/Documents/VSCProjects/optimiseGEO/venv/lib/python3.10/site-packages/streamlit/watcher/local_sources_watcher.py", line 340, in get_module_paths
    potential_paths = extract_paths(module)
  File "/home/sachit/Documents/VSCProjects/optimiseGEO/venv/lib/python3.10/site-packages/streamlit/watcher/local_sources_watcher.py", line 327, in <lambda>
    if hasattr(m, "__path__")
  File "/home/sachit/Documents/VSCProjects/optimiseGEO/venv/lib/python3.10/site-packages/transformers/__init__.py", line 862, in _getattr
    return getattr(importlib.import_module(target, __name__), name)
  File "/usr/lib/python3.10/importlib/__init__.py", line 126, in import_module
    return _bootstrap._gcd_import(name[level:], package, level)
  File "<frozen importlib._bootstrap>", line 1050, in _gcd_import
  File "<frozen importlib._bootstrap>", line 1027, in _find_and_load
  File "<frozen importlib._bootstrap>", line 1006, in _find_and_load_unlocked
  File "<frozen importlib._bootstrap>", line 688, in _load_unlocked
  File "<frozen importlib._bootstrap_external>", line 883, in exec_module
  File "<frozen importlib._bootstrap>", line 241, in _call_with_frames_removed
  File "/home/sachit/Documents/VSCProjects/optimiseGEO/venv/lib/python3.10/site-packages/transformers/models/swin2sr/image_processing_swin2sr.py", line 17, in <module>
    from torchvision.transforms.v2 import functional as tvF
ModuleNotFoundError: No module named 'torchvision'
2026-07-29 20:21:16.851 Examining the path of transformers.models.textnet.image_processing_textnet_fast raised:
Traceback (most recent call last):
  File "/home/sachit/Documents/VSCProjects/optimiseGEO/venv/lib/python3.10/site-packages/streamlit/watcher/local_sources_watcher.py", line 340, in get_module_paths
    potential_paths = extract_paths(module)
  File "/home/sachit/Documents/VSCProjects/optimiseGEO/venv/lib/python3.10/site-packages/streamlit/watcher/local_sources_watcher.py", line 327, in <lambda>
    if hasattr(m, "__path__")
  File "/home/sachit/Documents/VSCProjects/optimiseGEO/venv/lib/python3.10/site-packages/transformers/__init__.py", line 862, in _getattr
    return getattr(importlib.import_module(target, __name__), name)
  File "/usr/lib/python3.10/importlib/__init__.py", line 126, in import_module
    return _bootstrap._gcd_import(name[level:], package, level)
  File "<frozen importlib._bootstrap>", line 1050, in _gcd_import
  File "<frozen importlib._bootstrap>", line 1027, in _find_and_load
  File "<frozen importlib._bootstrap>", line 1006, in _find_and_load_unlocked
  File "<frozen importlib._bootstrap>", line 688, in _load_unlocked
  File "<frozen importlib._bootstrap_external>", line 883, in exec_module
  File "<frozen importlib._bootstrap>", line 241, in _call_with_frames_removed
  File "/home/sachit/Documents/VSCProjects/optimiseGEO/venv/lib/python3.10/site-packages/transformers/models/textnet/image_processing_textnet.py", line 17, in <module>
    from torchvision.transforms.v2 import functional as tvF
ModuleNotFoundError: No module named 'torchvision'
2026-07-29 20:21:16.852 Examining the path of transformers.models.tvp.image_processing_tvp_fast raised:
Traceback (most recent call last):
  File "/home/sachit/Documents/VSCProjects/optimiseGEO/venv/lib/python3.10/site-packages/streamlit/watcher/local_sources_watcher.py", line 340, in get_module_paths
    potential_paths = extract_paths(module)
  File "/home/sachit/Documents/VSCProjects/optimiseGEO/venv/lib/python3.10/site-packages/streamlit/watcher/local_sources_watcher.py", line 327, in <lambda>
    if hasattr(m, "__path__")
  File "/home/sachit/Documents/VSCProjects/optimiseGEO/venv/lib/python3.10/site-packages/transformers/__init__.py", line 862, in _getattr
    return getattr(importlib.import_module(target, __name__), name)
  File "/usr/lib/python3.10/importlib/__init__.py", line 126, in import_module
    return _bootstrap._gcd_import(name[level:], package, level)
  File "<frozen importlib._bootstrap>", line 1050, in _gcd_import
  File "<frozen importlib._bootstrap>", line 1027, in _find_and_load
  File "<frozen importlib._bootstrap>", line 1006, in _find_and_load_unlocked
  File "<frozen importlib._bootstrap>", line 688, in _load_unlocked
  File "<frozen importlib._bootstrap_external>", line 883, in exec_module
  File "<frozen importlib._bootstrap>", line 241, in _call_with_frames_removed
  File "/home/sachit/Documents/VSCProjects/optimiseGEO/venv/lib/python3.10/site-packages/transformers/models/tvp/image_processing_tvp.py", line 17, in <module>
    from torchvision.transforms.v2 import functional as tvF
ModuleNotFoundError: No module named 'torchvision'
2026-07-29 20:21:16.852 Examining the path of transformers.models.videomae.image_processing_videomae_fast raised:
Traceback (most recent call last):
  File "/home/sachit/Documents/VSCProjects/optimiseGEO/venv/lib/python3.10/site-packages/streamlit/watcher/local_sources_watcher.py", line 340, in get_module_paths
    potential_paths = extract_paths(module)
  File "/home/sachit/Documents/VSCProjects/optimiseGEO/venv/lib/python3.10/site-packages/streamlit/watcher/local_sources_watcher.py", line 327, in <lambda>
    if hasattr(m, "__path__")
  File "/home/sachit/Documents/VSCProjects/optimiseGEO/venv/lib/python3.10/site-packages/transformers/__init__.py", line 862, in _getattr
    return getattr(importlib.import_module(target, __name__), name)
  File "/usr/lib/python3.10/importlib/__init__.py", line 126, in import_module
    return _bootstrap._gcd_import(name[level:], package, level)
  File "<frozen importlib._bootstrap>", line 1050, in _gcd_import
  File "<frozen importlib._bootstrap>", line 1027, in _find_and_load
  File "<frozen importlib._bootstrap>", line 1006, in _find_and_load_unlocked
  File "<frozen importlib._bootstrap>", line 688, in _load_unlocked
  File "<frozen importlib._bootstrap_external>", line 883, in exec_module
  File "<frozen importlib._bootstrap>", line 241, in _call_with_frames_removed
  File "/home/sachit/Documents/VSCProjects/optimiseGEO/venv/lib/python3.10/site-packages/transformers/models/videomae/image_processing_videomae.py", line 17, in <module>
    from torchvision.transforms.v2 import functional as tvF
ModuleNotFoundError: No module named 'torchvision'
2026-07-29 20:21:16.853 Examining the path of transformers.models.vilt.image_processing_vilt_fast raised:
Traceback (most recent call last):
  File "/home/sachit/Documents/VSCProjects/optimiseGEO/venv/lib/python3.10/site-packages/streamlit/watcher/local_sources_watcher.py", line 340, in get_module_paths
    potential_paths = extract_paths(module)
  File "/home/sachit/Documents/VSCProjects/optimiseGEO/venv/lib/python3.10/site-packages/streamlit/watcher/local_sources_watcher.py", line 327, in <lambda>
    if hasattr(m, "__path__")
  File "/home/sachit/Documents/VSCProjects/optimiseGEO/venv/lib/python3.10/site-packages/transformers/__init__.py", line 862, in _getattr
    return getattr(importlib.import_module(target, __name__), name)
  File "/usr/lib/python3.10/importlib/__init__.py", line 126, in import_module
    return _bootstrap._gcd_import(name[level:], package, level)
  File "<frozen importlib._bootstrap>", line 1050, in _gcd_import
  File "<frozen importlib._bootstrap>", line 1027, in _find_and_load
  File "<frozen importlib._bootstrap>", line 1006, in _find_and_load_unlocked
  File "<frozen importlib._bootstrap>", line 688, in _load_unlocked
  File "<frozen importlib._bootstrap_external>", line 883, in exec_module
  File "<frozen importlib._bootstrap>", line 241, in _call_with_frames_removed
  File "/home/sachit/Documents/VSCProjects/optimiseGEO/venv/lib/python3.10/site-packages/transformers/models/vilt/image_processing_vilt.py", line 17, in <module>
    from torchvision.transforms.v2 import functional as tvF
ModuleNotFoundError: No module named 'torchvision'
2026-07-29 20:21:16.853 Examining the path of transformers.models.vitmatte.image_processing_vitmatte_fast raised:
Traceback (most recent call last):
  File "/home/sachit/Documents/VSCProjects/optimiseGEO/venv/lib/python3.10/site-packages/streamlit/watcher/local_sources_watcher.py", line 340, in get_module_paths
    potential_paths = extract_paths(module)
  File "/home/sachit/Documents/VSCProjects/optimiseGEO/venv/lib/python3.10/site-packages/streamlit/watcher/local_sources_watcher.py", line 327, in <lambda>
    if hasattr(m, "__path__")
  File "/home/sachit/Documents/VSCProjects/optimiseGEO/venv/lib/python3.10/site-packages/transformers/__init__.py", line 862, in _getattr
    return getattr(importlib.import_module(target, __name__), name)
  File "/usr/lib/python3.10/importlib/__init__.py", line 126, in import_module
    return _bootstrap._gcd_import(name[level:], package, level)
  File "<frozen importlib._bootstrap>", line 1050, in _gcd_import
  File "<frozen importlib._bootstrap>", line 1027, in _find_and_load
  File "<frozen importlib._bootstrap>", line 1006, in _find_and_load_unlocked
  File "<frozen importlib._bootstrap>", line 688, in _load_unlocked
  File "<frozen importlib._bootstrap_external>", line 883, in exec_module
  File "<frozen importlib._bootstrap>", line 241, in _call_with_frames_removed
  File "/home/sachit/Documents/VSCProjects/optimiseGEO/venv/lib/python3.10/site-packages/transformers/models/vitmatte/image_processing_vitmatte.py", line 19, in <module>
    from torchvision.transforms.v2 import functional as tvF
ModuleNotFoundError: No module named 'torchvision'
2026-07-29 20:21:16.854 Examining the path of transformers.models.vitpose.image_processing_vitpose_fast raised:
Traceback (most recent call last):
  File "/home/sachit/Documents/VSCProjects/optimiseGEO/venv/lib/python3.10/site-packages/streamlit/watcher/local_sources_watcher.py", line 340, in get_module_paths
    potential_paths = extract_paths(module)
  File "/home/sachit/Documents/VSCProjects/optimiseGEO/venv/lib/python3.10/site-packages/streamlit/watcher/local_sources_watcher.py", line 327, in <lambda>
    if hasattr(m, "__path__")
  File "/home/sachit/Documents/VSCProjects/optimiseGEO/venv/lib/python3.10/site-packages/transformers/__init__.py", line 862, in _getattr
    return getattr(importlib.import_module(target, __name__), name)
  File "/usr/lib/python3.10/importlib/__init__.py", line 126, in import_module
    return _bootstrap._gcd_import(name[level:], package, level)
  File "<frozen importlib._bootstrap>", line 1050, in _gcd_import
  File "<frozen importlib._bootstrap>", line 1027, in _find_and_load
  File "<frozen importlib._bootstrap>", line 1006, in _find_and_load_unlocked
  File "<frozen importlib._bootstrap>", line 688, in _load_unlocked
  File "<frozen importlib._bootstrap_external>", line 883, in exec_module
  File "<frozen importlib._bootstrap>", line 241, in _call_with_frames_removed
  File "/home/sachit/Documents/VSCProjects/optimiseGEO/venv/lib/python3.10/site-packages/transformers/models/vitpose/image_processing_vitpose.py", line 22, in <module>
    from torchvision.transforms.v2 import functional as tvF
ModuleNotFoundError: No module named 'torchvision'
2026-07-29 20:21:16.854 Examining the path of transformers.models.yolos.image_processing_yolos_fast raised:
Traceback (most recent call last):
  File "/home/sachit/Documents/VSCProjects/optimiseGEO/venv/lib/python3.10/site-packages/streamlit/watcher/local_sources_watcher.py", line 340, in get_module_paths
    potential_paths = extract_paths(module)
  File "/home/sachit/Documents/VSCProjects/optimiseGEO/venv/lib/python3.10/site-packages/streamlit/watcher/local_sources_watcher.py", line 327, in <lambda>
    if hasattr(m, "__path__")
  File "/home/sachit/Documents/VSCProjects/optimiseGEO/venv/lib/python3.10/site-packages/transformers/__init__.py", line 862, in _getattr
    return getattr(importlib.import_module(target, __name__), name)
  File "/usr/lib/python3.10/importlib/__init__.py", line 126, in import_module
    return _bootstrap._gcd_import(name[level:], package, level)
  File "<frozen importlib._bootstrap>", line 1050, in _gcd_import
  File "<frozen importlib._bootstrap>", line 1027, in _find_and_load
  File "<frozen importlib._bootstrap>", line 1006, in _find_and_load_unlocked
  File "<frozen importlib._bootstrap>", line 688, in _load_unlocked
  File "<frozen importlib._bootstrap_external>", line 883, in exec_module
  File "<frozen importlib._bootstrap>", line 241, in _call_with_frames_removed
  File "/home/sachit/Documents/VSCProjects/optimiseGEO/venv/lib/python3.10/site-packages/transformers/models/yolos/image_processing_yolos.py", line 12, in <module>
    from torchvision.io import read_image
ModuleNotFoundError: No module named 'torchvision'
2026-07-29 20:21:16.855 Examining the path of transformers.models.zoedepth.image_processing_zoedepth_fast raised:
Traceback (most recent call last):
  File "/home/sachit/Documents/VSCProjects/optimiseGEO/venv/lib/python3.10/site-packages/streamlit/watcher/local_sources_watcher.py", line 340, in get_module_paths
    potential_paths = extract_paths(module)
  File "/home/sachit/Documents/VSCProjects/optimiseGEO/venv/lib/python3.10/site-packages/streamlit/watcher/local_sources_watcher.py", line 327, in <lambda>
    if hasattr(m, "__path__")
  File "/home/sachit/Documents/VSCProjects/optimiseGEO/venv/lib/python3.10/site-packages/transformers/__init__.py", line 862, in _getattr
    return getattr(importlib.import_module(target, __name__), name)
  File "/usr/lib/python3.10/importlib/__init__.py", line 126, in import_module
    return _bootstrap._gcd_import(name[level:], package, level)
  File "<frozen importlib._bootstrap>", line 1050, in _gcd_import
  File "<frozen importlib._bootstrap>", line 1027, in _find_and_load
  File "<frozen importlib._bootstrap>", line 1006, in _find_and_load_unlocked
  File "<frozen importlib._bootstrap>", line 688, in _load_unlocked
  File "<frozen importlib._bootstrap_external>", line 883, in exec_module
  File "<frozen importlib._bootstrap>", line 241, in _call_with_frames_removed
  File "/home/sachit/Documents/VSCProjects/optimiseGEO/venv/lib/python3.10/site-packages/transformers/models/zoedepth/image_processing_zoedepth.py", line 43, in <module>
    from torchvision.transforms.v2 import functional as tvF
ModuleNotFoundError: No module named 'torchvision'
2026-07-29 20:21:20.462 Examining the path of transformers.models.aria.image_processing_aria_fast raised:
Traceback (most recent call last):
  File "/home/sachit/Documents/VSCProjects/optimiseGEO/venv/lib/python3.10/site-packages/streamlit/watcher/local_sources_watcher.py", line 340, in get_module_paths
    potential_paths = extract_paths(module)
  File "/home/sachit/Documents/VSCProjects/optimiseGEO/venv/lib/python3.10/site-packages/streamlit/watcher/local_sources_watcher.py", line 327, in <lambda>
    if hasattr(m, "__path__")
  File "/home/sachit/Documents/VSCProjects/optimiseGEO/venv/lib/python3.10/site-packages/transformers/__init__.py", line 862, in _getattr
    return getattr(importlib.import_module(target, __name__), name)
  File "/usr/lib/python3.10/importlib/__init__.py", line 126, in import_module
    return _bootstrap._gcd_import(name[level:], package, level)
  File "<frozen importlib._bootstrap>", line 1050, in _gcd_import
  File "<frozen importlib._bootstrap>", line 1027, in _find_and_load
  File "<frozen importlib._bootstrap>", line 1006, in _find_and_load_unlocked
  File "<frozen importlib._bootstrap>", line 688, in _load_unlocked
  File "<frozen importlib._bootstrap_external>", line 883, in exec_module
  File "<frozen importlib._bootstrap>", line 241, in _call_with_frames_removed
  File "/home/sachit/Documents/VSCProjects/optimiseGEO/venv/lib/python3.10/site-packages/transformers/models/aria/image_processing_aria.py", line 23, in <module>
    from torchvision.transforms.v2 import functional as tvF
ModuleNotFoundError: No module named 'torchvision'
2026-07-29 20:21:20.463 Examining the path of transformers.models.beit.image_processing_beit_fast raised:
Traceback (most recent call last):
  File "/home/sachit/Documents/VSCProjects/optimiseGEO/venv/lib/python3.10/site-packages/streamlit/watcher/local_sources_watcher.py", line 340, in get_module_paths
    potential_paths = extract_paths(module)
  File "/home/sachit/Documents/VSCProjects/optimiseGEO/venv/lib/python3.10/site-packages/streamlit/watcher/local_sources_watcher.py", line 327, in <lambda>
    if hasattr(m, "__path__")
  File "/home/sachit/Documents/VSCProjects/optimiseGEO/venv/lib/python3.10/site-packages/transformers/__init__.py", line 862, in _getattr
    return getattr(importlib.import_module(target, __name__), name)
  File "/usr/lib/python3.10/importlib/__init__.py", line 126, in import_module
    return _bootstrap._gcd_import(name[level:], package, level)
  File "<frozen importlib._bootstrap>", line 1050, in _gcd_import
  File "<frozen importlib._bootstrap>", line 1027, in _find_and_load
  File "<frozen importlib._bootstrap>", line 1006, in _find_and_load_unlocked
  File "<frozen importlib._bootstrap>", line 688, in _load_unlocked
  File "<frozen importlib._bootstrap_external>", line 883, in exec_module
  File "<frozen importlib._bootstrap>", line 241, in _call_with_frames_removed
  File "/home/sachit/Documents/VSCProjects/optimiseGEO/venv/lib/python3.10/site-packages/transformers/models/beit/image_processing_beit.py", line 20, in <module>
    from torchvision.transforms.v2 import functional as tvF
ModuleNotFoundError: No module named 'torchvision'
2026-07-29 20:21:20.464 Examining the path of transformers.models.bridgetower.image_processing_bridgetower_fast raised:
Traceback (most recent call last):
  File "/home/sachit/Documents/VSCProjects/optimiseGEO/venv/lib/python3.10/site-packages/streamlit/watcher/local_sources_watcher.py", line 340, in get_module_paths
    potential_paths = extract_paths(module)
  File "/home/sachit/Documents/VSCProjects/optimiseGEO/venv/lib/python3.10/site-packages/streamlit/watcher/local_sources_watcher.py", line 327, in <lambda>
    if hasattr(m, "__path__")
  File "/home/sachit/Documents/VSCProjects/optimiseGEO/venv/lib/python3.10/site-packages/transformers/__init__.py", line 862, in _getattr
    return getattr(importlib.import_module(target, __name__), name)
  File "/usr/lib/python3.10/importlib/__init__.py", line 126, in import_module
    return _bootstrap._gcd_import(name[level:], package, level)
  File "<frozen importlib._bootstrap>", line 1050, in _gcd_import
  File "<frozen importlib._bootstrap>", line 1027, in _find_and_load
  File "<frozen importlib._bootstrap>", line 1006, in _find_and_load_unlocked
  File "<frozen importlib._bootstrap>", line 688, in _load_unlocked
  File "<frozen importlib._bootstrap_external>", line 883, in exec_module
  File "<frozen importlib._bootstrap>", line 241, in _call_with_frames_removed
  File "/home/sachit/Documents/VSCProjects/optimiseGEO/venv/lib/python3.10/site-packages/transformers/models/bridgetower/image_processing_bridgetower.py", line 20, in <module>
    from torchvision.transforms.v2 import functional as tvF
ModuleNotFoundError: No module named 'torchvision'
2026-07-29 20:21:20.465 Examining the path of transformers.models.chmv2.image_processing_chmv2_fast raised:
Traceback (most recent call last):
  File "/home/sachit/Documents/VSCProjects/optimiseGEO/venv/lib/python3.10/site-packages/streamlit/watcher/local_sources_watcher.py", line 340, in get_module_paths
    potential_paths = extract_paths(module)
  File "/home/sachit/Documents/VSCProjects/optimiseGEO/venv/lib/python3.10/site-packages/streamlit/watcher/local_sources_watcher.py", line 327, in <lambda>
    if hasattr(m, "__path__")
  File "/home/sachit/Documents/VSCProjects/optimiseGEO/venv/lib/python3.10/site-packages/transformers/__init__.py", line 862, in _getattr
    return getattr(importlib.import_module(target, __name__), name)
  File "/usr/lib/python3.10/importlib/__init__.py", line 126, in import_module
    return _bootstrap._gcd_import(name[level:], package, level)
  File "<frozen importlib._bootstrap>", line 1050, in _gcd_import
  File "<frozen importlib._bootstrap>", line 1027, in _find_and_load
  File "<frozen importlib._bootstrap>", line 1006, in _find_and_load_unlocked
  File "<frozen importlib._bootstrap>", line 688, in _load_unlocked
  File "<frozen importlib._bootstrap_external>", line 883, in exec_module
  File "<frozen importlib._bootstrap>", line 241, in _call_with_frames_removed
  File "/home/sachit/Documents/VSCProjects/optimiseGEO/venv/lib/python3.10/site-packages/transformers/models/chmv2/image_processing_chmv2.py", line 27, in <module>
    from torchvision.transforms.v2 import functional as tvF
ModuleNotFoundError: No module named 'torchvision'
2026-07-29 20:21:20.467 Examining the path of transformers.models.cohere2_vision.image_processing_cohere2_vision_fast raised:
Traceback (most recent call last):
  File "/home/sachit/Documents/VSCProjects/optimiseGEO/venv/lib/python3.10/site-packages/streamlit/watcher/local_sources_watcher.py", line 340, in get_module_paths
    potential_paths = extract_paths(module)
  File "/home/sachit/Documents/VSCProjects/optimiseGEO/venv/lib/python3.10/site-packages/streamlit/watcher/local_sources_watcher.py", line 327, in <lambda>
    if hasattr(m, "__path__")
  File "/home/sachit/Documents/VSCProjects/optimiseGEO/venv/lib/python3.10/site-packages/transformers/__init__.py", line 862, in _getattr
    return getattr(importlib.import_module(target, __name__), name)
  File "/usr/lib/python3.10/importlib/__init__.py", line 126, in import_module
    return _bootstrap._gcd_import(name[level:], package, level)
  File "<frozen importlib._bootstrap>", line 1050, in _gcd_import
  File "<frozen importlib._bootstrap>", line 1027, in _find_and_load
  File "<frozen importlib._bootstrap>", line 1006, in _find_and_load_unlocked
  File "<frozen importlib._bootstrap>", line 688, in _load_unlocked
  File "<frozen importlib._bootstrap_external>", line 883, in exec_module
  File "<frozen importlib._bootstrap>", line 241, in _call_with_frames_removed
  File "/home/sachit/Documents/VSCProjects/optimiseGEO/venv/lib/python3.10/site-packages/transformers/models/cohere2_vision/image_processing_cohere2_vision.py", line 25, in <module>
    from torchvision.transforms.v2 import functional as tvF
ModuleNotFoundError: No module named 'torchvision'
2026-07-29 20:21:20.469 Examining the path of transformers.models.conditional_detr.image_processing_conditional_detr_fast raised:
Traceback (most recent call last):
  File "/home/sachit/Documents/VSCProjects/optimiseGEO/venv/lib/python3.10/site-packages/streamlit/watcher/local_sources_watcher.py", line 340, in get_module_paths
    potential_paths = extract_paths(module)
  File "/home/sachit/Documents/VSCProjects/optimiseGEO/venv/lib/python3.10/site-packages/streamlit/watcher/local_sources_watcher.py", line 327, in <lambda>
    if hasattr(m, "__path__")
  File "/home/sachit/Documents/VSCProjects/optimiseGEO/venv/lib/python3.10/site-packages/transformers/__init__.py", line 862, in _getattr
    return getattr(importlib.import_module(target, __name__), name)
  File "/usr/lib/python3.10/importlib/__init__.py", line 126, in import_module
    return _bootstrap._gcd_import(name[level:], package, level)
  File "<frozen importlib._bootstrap>", line 1050, in _gcd_import
  File "<frozen importlib._bootstrap>", line 1027, in _find_and_load
  File "<frozen importlib._bootstrap>", line 1006, in _find_and_load_unlocked
  File "<frozen importlib._bootstrap>", line 688, in _load_unlocked
  File "<frozen importlib._bootstrap_external>", line 883, in exec_module
  File "<frozen importlib._bootstrap>", line 241, in _call_with_frames_removed
  File "/home/sachit/Documents/VSCProjects/optimiseGEO/venv/lib/python3.10/site-packages/transformers/models/conditional_detr/image_processing_conditional_detr.py", line 27, in <module>
    from torchvision.io import read_image
ModuleNotFoundError: No module named 'torchvision'
2026-07-29 20:21:20.470 Examining the path of transformers.models.convnext.image_processing_convnext_fast raised:
Traceback (most recent call last):
  File "/home/sachit/Documents/VSCProjects/optimiseGEO/venv/lib/python3.10/site-packages/streamlit/watcher/local_sources_watcher.py", line 340, in get_module_paths
    potential_paths = extract_paths(module)
  File "/home/sachit/Documents/VSCProjects/optimiseGEO/venv/lib/python3.10/site-packages/streamlit/watcher/local_sources_watcher.py", line 327, in <lambda>
    if hasattr(m, "__path__")
  File "/home/sachit/Documents/VSCProjects/optimiseGEO/venv/lib/python3.10/site-packages/transformers/__init__.py", line 862, in _getattr
    return getattr(importlib.import_module(target, __name__), name)
  File "/usr/lib/python3.10/importlib/__init__.py", line 126, in import_module
    return _bootstrap._gcd_import(name[level:], package, level)
  File "<frozen importlib._bootstrap>", line 1050, in _gcd_import
  File "<frozen importlib._bootstrap>", line 1027, in _find_and_load
  File "<frozen importlib._bootstrap>", line 1006, in _find_and_load_unlocked
  File "<frozen importlib._bootstrap>", line 688, in _load_unlocked
  File "<frozen importlib._bootstrap_external>", line 883, in exec_module
  File "<frozen importlib._bootstrap>", line 241, in _call_with_frames_removed
  File "/home/sachit/Documents/VSCProjects/optimiseGEO/venv/lib/python3.10/site-packages/transformers/models/convnext/image_processing_convnext.py", line 17, in <module>
    from torchvision.transforms.v2 import functional as tvF
ModuleNotFoundError: No module named 'torchvision'
2026-07-29 20:21:20.471 Examining the path of transformers.models.deepseek_ocr2.image_processing_deepseek_ocr2_fast raised:
Traceback (most recent call last):
  File "/home/sachit/Documents/VSCProjects/optimiseGEO/venv/lib/python3.10/site-packages/streamlit/watcher/local_sources_watcher.py", line 340, in get_module_paths
    potential_paths = extract_paths(module)
  File "/home/sachit/Documents/VSCProjects/optimiseGEO/venv/lib/python3.10/site-packages/streamlit/watcher/local_sources_watcher.py", line 327, in <lambda>
    if hasattr(m, "__path__")
  File "/home/sachit/Documents/VSCProjects/optimiseGEO/venv/lib/python3.10/site-packages/transformers/__init__.py", line 862, in _getattr
    return getattr(importlib.import_module(target, __name__), name)
  File "/usr/lib/python3.10/importlib/__init__.py", line 126, in import_module
    return _bootstrap._gcd_import(name[level:], package, level)
  File "<frozen importlib._bootstrap>", line 1050, in _gcd_import
  File "<frozen importlib._bootstrap>", line 1027, in _find_and_load
  File "<frozen importlib._bootstrap>", line 1006, in _find_and_load_unlocked
  File "<frozen importlib._bootstrap>", line 688, in _load_unlocked
  File "<frozen importlib._bootstrap_external>", line 883, in exec_module
  File "<frozen importlib._bootstrap>", line 241, in _call_with_frames_removed
  File "/home/sachit/Documents/VSCProjects/optimiseGEO/venv/lib/python3.10/site-packages/transformers/models/deepseek_ocr2/image_processing_deepseek_ocr2.py", line 24, in <module>
    from torchvision.transforms.v2 import functional as tvF
ModuleNotFoundError: No module named 'torchvision'
2026-07-29 20:21:20.472 Examining the path of transformers.models.deepseek_vl.image_processing_deepseek_vl_fast raised:
Traceback (most recent call last):
  File "/home/sachit/Documents/VSCProjects/optimiseGEO/venv/lib/python3.10/site-packages/streamlit/watcher/local_sources_watcher.py", line 340, in get_module_paths
    potential_paths = extract_paths(module)
  File "/home/sachit/Documents/VSCProjects/optimiseGEO/venv/lib/python3.10/site-packages/streamlit/watcher/local_sources_watcher.py", line 327, in <lambda>
    if hasattr(m, "__path__")
  File "/home/sachit/Documents/VSCProjects/optimiseGEO/venv/lib/python3.10/site-packages/transformers/__init__.py", line 862, in _getattr
    return getattr(importlib.import_module(target, __name__), name)
  File "/usr/lib/python3.10/importlib/__init__.py", line 126, in import_module
    return _bootstrap._gcd_import(name[level:], package, level)
  File "<frozen importlib._bootstrap>", line 1050, in _gcd_import
  File "<frozen importlib._bootstrap>", line 1027, in _find_and_load
  File "<frozen importlib._bootstrap>", line 1006, in _find_and_load_unlocked
  File "<frozen importlib._bootstrap>", line 688, in _load_unlocked
  File "<frozen importlib._bootstrap_external>", line 883, in exec_module
  File "<frozen importlib._bootstrap>", line 241, in _call_with_frames_removed
  File "/home/sachit/Documents/VSCProjects/optimiseGEO/venv/lib/python3.10/site-packages/transformers/models/deepseek_vl/image_processing_deepseek_vl.py", line 23, in <module>
    import torchvision.transforms.v2.functional as tvF
ModuleNotFoundError: No module named 'torchvision'
2026-07-29 20:21:20.473 Examining the path of transformers.models.deepseek_vl_hybrid.image_processing_deepseek_vl_hybrid_fast raised:
Traceback (most recent call last):
  File "/home/sachit/Documents/VSCProjects/optimiseGEO/venv/lib/python3.10/site-packages/streamlit/watcher/local_sources_watcher.py", line 340, in get_module_paths
    potential_paths = extract_paths(module)
  File "/home/sachit/Documents/VSCProjects/optimiseGEO/venv/lib/python3.10/site-packages/streamlit/watcher/local_sources_watcher.py", line 327, in <lambda>
    if hasattr(m, "__path__")
  File "/home/sachit/Documents/VSCProjects/optimiseGEO/venv/lib/python3.10/site-packages/transformers/__init__.py", line 862, in _getattr
    return getattr(importlib.import_module(target, __name__), name)
  File "/usr/lib/python3.10/importlib/__init__.py", line 126, in import_module
    return _bootstrap._gcd_import(name[level:], package, level)
  File "<frozen importlib._bootstrap>", line 1050, in _gcd_import
  File "<frozen importlib._bootstrap>", line 1027, in _find_and_load
  File "<frozen importlib._bootstrap>", line 1006, in _find_and_load_unlocked
  File "<frozen importlib._bootstrap>", line 688, in _load_unlocked
  File "<frozen importlib._bootstrap_external>", line 883, in exec_module
  File "<frozen importlib._bootstrap>", line 241, in _call_with_frames_removed
  File "/home/sachit/Documents/VSCProjects/optimiseGEO/venv/lib/python3.10/site-packages/transformers/models/deepseek_vl_hybrid/image_processing_deepseek_vl_hybrid.py", line 25, in <module>
    import torchvision.transforms.v2.functional as tvF
ModuleNotFoundError: No module named 'torchvision'
2026-07-29 20:21:20.474 Examining the path of transformers.models.deformable_detr.image_processing_deformable_detr_fast raised:
Traceback (most recent call last):
  File "/home/sachit/Documents/VSCProjects/optimiseGEO/venv/lib/python3.10/site-packages/streamlit/watcher/local_sources_watcher.py", line 340, in get_module_paths
    potential_paths = extract_paths(module)
  File "/home/sachit/Documents/VSCProjects/optimiseGEO/venv/lib/python3.10/site-packages/streamlit/watcher/local_sources_watcher.py", line 327, in <lambda>
    if hasattr(m, "__path__")
  File "/home/sachit/Documents/VSCProjects/optimiseGEO/venv/lib/python3.10/site-packages/transformers/__init__.py", line 862, in _getattr
    return getattr(importlib.import_module(target, __name__), name)
  File "/usr/lib/python3.10/importlib/__init__.py", line 126, in import_module
    return _bootstrap._gcd_import(name[level:], package, level)
  File "<frozen importlib._bootstrap>", line 1050, in _gcd_import
  File "<frozen importlib._bootstrap>", line 1027, in _find_and_load
  File "<frozen importlib._bootstrap>", line 1006, in _find_and_load_unlocked
  File "<frozen importlib._bootstrap>", line 688, in _load_unlocked
  File "<frozen importlib._bootstrap_external>", line 883, in exec_module
  File "<frozen importlib._bootstrap>", line 241, in _call_with_frames_removed
  File "/home/sachit/Documents/VSCProjects/optimiseGEO/venv/lib/python3.10/site-packages/transformers/models/deformable_detr/image_processing_deformable_detr.py", line 25, in <module>
    from torchvision.io import read_image
ModuleNotFoundError: No module named 'torchvision'
2026-07-29 20:21:20.474 Examining the path of transformers.models.depth_pro.image_processing_depth_pro_fast raised:
Traceback (most recent call last):
  File "/home/sachit/Documents/VSCProjects/optimiseGEO/venv/lib/python3.10/site-packages/streamlit/watcher/local_sources_watcher.py", line 340, in get_module_paths
    potential_paths = extract_paths(module)
  File "/home/sachit/Documents/VSCProjects/optimiseGEO/venv/lib/python3.10/site-packages/streamlit/watcher/local_sources_watcher.py", line 327, in <lambda>
    if hasattr(m, "__path__")
  File "/home/sachit/Documents/VSCProjects/optimiseGEO/venv/lib/python3.10/site-packages/transformers/__init__.py", line 862, in _getattr
    return getattr(importlib.import_module(target, __name__), name)
  File "/usr/lib/python3.10/importlib/__init__.py", line 126, in import_module
    return _bootstrap._gcd_import(name[level:], package, level)
  File "<frozen importlib._bootstrap>", line 1050, in _gcd_import
  File "<frozen importlib._bootstrap>", line 1027, in _find_and_load
  File "<frozen importlib._bootstrap>", line 1006, in _find_and_load_unlocked
  File "<frozen importlib._bootstrap>", line 688, in _load_unlocked
  File "<frozen importlib._bootstrap_external>", line 883, in exec_module
  File "<frozen importlib._bootstrap>", line 241, in _call_with_frames_removed
  File "/home/sachit/Documents/VSCProjects/optimiseGEO/venv/lib/python3.10/site-packages/transformers/models/depth_pro/image_processing_depth_pro.py", line 19, in <module>
    from torchvision.transforms.v2 import functional as tvF
ModuleNotFoundError: No module named 'torchvision'
2026-07-29 20:21:20.475 Examining the path of transformers.models.detr.image_processing_detr_fast raised:
Traceback (most recent call last):
  File "/home/sachit/Documents/VSCProjects/optimiseGEO/venv/lib/python3.10/site-packages/streamlit/watcher/local_sources_watcher.py", line 340, in get_module_paths
    potential_paths = extract_paths(module)
  File "/home/sachit/Documents/VSCProjects/optimiseGEO/venv/lib/python3.10/site-packages/streamlit/watcher/local_sources_watcher.py", line 327, in <lambda>
    if hasattr(m, "__path__")
  File "/home/sachit/Documents/VSCProjects/optimiseGEO/venv/lib/python3.10/site-packages/transformers/__init__.py", line 862, in _getattr
    return getattr(importlib.import_module(target, __name__), name)
  File "/usr/lib/python3.10/importlib/__init__.py", line 126, in import_module
    return _bootstrap._gcd_import(name[level:], package, level)
  File "<frozen importlib._bootstrap>", line 1050, in _gcd_import
  File "<frozen importlib._bootstrap>", line 1027, in _find_and_load
  File "<frozen importlib._bootstrap>", line 1006, in _find_and_load_unlocked
  File "<frozen importlib._bootstrap>", line 688, in _load_unlocked
  File "<frozen importlib._bootstrap_external>", line 883, in exec_module
  File "<frozen importlib._bootstrap>", line 241, in _call_with_frames_removed
  File "/home/sachit/Documents/VSCProjects/optimiseGEO/venv/lib/python3.10/site-packages/transformers/models/detr/image_processing_detr.py", line 22, in <module>
    from torchvision.io import read_image
ModuleNotFoundError: No module named 'torchvision'
2026-07-29 20:21:20.476 Examining the path of transformers.models.dinov3_vit.image_processing_dinov3_vit_fast raised:
Traceback (most recent call last):
  File "/home/sachit/Documents/VSCProjects/optimiseGEO/venv/lib/python3.10/site-packages/streamlit/watcher/local_sources_watcher.py", line 340, in get_module_paths
    potential_paths = extract_paths(module)
  File "/home/sachit/Documents/VSCProjects/optimiseGEO/venv/lib/python3.10/site-packages/streamlit/watcher/local_sources_watcher.py", line 327, in <lambda>
    if hasattr(m, "__path__")
  File "/home/sachit/Documents/VSCProjects/optimiseGEO/venv/lib/python3.10/site-packages/transformers/__init__.py", line 862, in _getattr
    return getattr(importlib.import_module(target, __name__), name)
  File "/usr/lib/python3.10/importlib/__init__.py", line 126, in import_module
    return _bootstrap._gcd_import(name[level:], package, level)
  File "<frozen importlib._bootstrap>", line 1050, in _gcd_import
  File "<frozen importlib._bootstrap>", line 1027, in _find_and_load
  File "<frozen importlib._bootstrap>", line 1006, in _find_and_load_unlocked
  File "<frozen importlib._bootstrap>", line 688, in _load_unlocked
  File "<frozen importlib._bootstrap_external>", line 883, in exec_module
  File "<frozen importlib._bootstrap>", line 241, in _call_with_frames_removed
  File "/home/sachit/Documents/VSCProjects/optimiseGEO/venv/lib/python3.10/site-packages/transformers/models/dinov3_vit/image_processing_dinov3_vit.py", line 17, in <module>
    from torchvision.transforms.v2 import functional as tvF
ModuleNotFoundError: No module named 'torchvision'
2026-07-29 20:21:20.476 Examining the path of transformers.models.donut.image_processing_donut_fast raised:
Traceback (most recent call last):
  File "/home/sachit/Documents/VSCProjects/optimiseGEO/venv/lib/python3.10/site-packages/streamlit/watcher/local_sources_watcher.py", line 340, in get_module_paths
    potential_paths = extract_paths(module)
  File "/home/sachit/Documents/VSCProjects/optimiseGEO/venv/lib/python3.10/site-packages/streamlit/watcher/local_sources_watcher.py", line 327, in <lambda>
    if hasattr(m, "__path__")
  File "/home/sachit/Documents/VSCProjects/optimiseGEO/venv/lib/python3.10/site-packages/transformers/__init__.py", line 862, in _getattr
    return getattr(importlib.import_module(target, __name__), name)
  File "/usr/lib/python3.10/importlib/__init__.py", line 126, in import_module
    return _bootstrap._gcd_import(name[level:], package, level)
  File "<frozen importlib._bootstrap>", line 1050, in _gcd_import
  File "<frozen importlib._bootstrap>", line 1027, in _find_and_load
  File "<frozen importlib._bootstrap>", line 1006, in _find_and_load_unlocked
  File "<frozen importlib._bootstrap>", line 688, in _load_unlocked
  File "<frozen importlib._bootstrap_external>", line 883, in exec_module
  File "<frozen importlib._bootstrap>", line 241, in _call_with_frames_removed
  File "/home/sachit/Documents/VSCProjects/optimiseGEO/venv/lib/python3.10/site-packages/transformers/models/donut/image_processing_donut.py", line 17, in <module>
    from torchvision.transforms.v2 import functional as tvF
ModuleNotFoundError: No module named 'torchvision'
2026-07-29 20:21:20.477 Examining the path of transformers.models.dpt.image_processing_dpt_fast raised:
Traceback (most recent call last):
  File "/home/sachit/Documents/VSCProjects/optimiseGEO/venv/lib/python3.10/site-packages/streamlit/watcher/local_sources_watcher.py", line 340, in get_module_paths
    potential_paths = extract_paths(module)
  File "/home/sachit/Documents/VSCProjects/optimiseGEO/venv/lib/python3.10/site-packages/streamlit/watcher/local_sources_watcher.py", line 327, in <lambda>
    if hasattr(m, "__path__")
  File "/home/sachit/Documents/VSCProjects/optimiseGEO/venv/lib/python3.10/site-packages/transformers/__init__.py", line 862, in _getattr
    return getattr(importlib.import_module(target, __name__), name)
  File "/usr/lib/python3.10/importlib/__init__.py", line 126, in import_module
    return _bootstrap._gcd_import(name[level:], package, level)
  File "<frozen importlib._bootstrap>", line 1050, in _gcd_import
  File "<frozen importlib._bootstrap>", line 1027, in _find_and_load
  File "<frozen importlib._bootstrap>", line 1006, in _find_and_load_unlocked
  File "<frozen importlib._bootstrap>", line 688, in _load_unlocked
  File "<frozen importlib._bootstrap_external>", line 883, in exec_module
  File "<frozen importlib._bootstrap>", line 241, in _call_with_frames_removed
  File "/home/sachit/Documents/VSCProjects/optimiseGEO/venv/lib/python3.10/site-packages/transformers/models/dpt/image_processing_dpt.py", line 28, in <module>
    from torchvision.transforms.v2 import functional as tvF
ModuleNotFoundError: No module named 'torchvision'
2026-07-29 20:21:20.477 Examining the path of transformers.models.efficientloftr.image_processing_efficientloftr_fast raised:
Traceback (most recent call last):
  File "/home/sachit/Documents/VSCProjects/optimiseGEO/venv/lib/python3.10/site-packages/streamlit/watcher/local_sources_watcher.py", line 340, in get_module_paths
    potential_paths = extract_paths(module)
  File "/home/sachit/Documents/VSCProjects/optimiseGEO/venv/lib/python3.10/site-packages/streamlit/watcher/local_sources_watcher.py", line 327, in <lambda>
    if hasattr(m, "__path__")
  File "/home/sachit/Documents/VSCProjects/optimiseGEO/venv/lib/python3.10/site-packages/transformers/__init__.py", line 862, in _getattr
    return getattr(importlib.import_module(target, __name__), name)
  File "/usr/lib/python3.10/importlib/__init__.py", line 126, in import_module
    return _bootstrap._gcd_import(name[level:], package, level)
  File "<frozen importlib._bootstrap>", line 1050, in _gcd_import
  File "<frozen importlib._bootstrap>", line 1027, in _find_and_load
  File "<frozen importlib._bootstrap>", line 1006, in _find_and_load_unlocked
  File "<frozen importlib._bootstrap>", line 688, in _load_unlocked
  File "<frozen importlib._bootstrap_external>", line 883, in exec_module
  File "<frozen importlib._bootstrap>", line 241, in _call_with_frames_removed
  File "/home/sachit/Documents/VSCProjects/optimiseGEO/venv/lib/python3.10/site-packages/transformers/models/efficientloftr/image_processing_efficientloftr.py", line 10, in <module>
    from torchvision.transforms.v2 import functional as tvF
ModuleNotFoundError: No module named 'torchvision'
2026-07-29 20:21:20.478 Examining the path of transformers.models.efficientnet.image_processing_efficientnet_fast raised:
Traceback (most recent call last):
  File "/home/sachit/Documents/VSCProjects/optimiseGEO/venv/lib/python3.10/site-packages/streamlit/watcher/local_sources_watcher.py", line 340, in get_module_paths
    potential_paths = extract_paths(module)
  File "/home/sachit/Documents/VSCProjects/optimiseGEO/venv/lib/python3.10/site-packages/streamlit/watcher/local_sources_watcher.py", line 327, in <lambda>
    if hasattr(m, "__path__")
  File "/home/sachit/Documents/VSCProjects/optimiseGEO/venv/lib/python3.10/site-packages/transformers/__init__.py", line 862, in _getattr
    return getattr(importlib.import_module(target, __name__), name)
  File "/usr/lib/python3.10/importlib/__init__.py", line 126, in import_module
    return _bootstrap._gcd_import(name[level:], package, level)
  File "<frozen importlib._bootstrap>", line 1050, in _gcd_import
  File "<frozen importlib._bootstrap>", line 1027, in _find_and_load
  File "<frozen importlib._bootstrap>", line 1006, in _find_and_load_unlocked
  File "<frozen importlib._bootstrap>", line 688, in _load_unlocked
  File "<frozen importlib._bootstrap_external>", line 883, in exec_module
  File "<frozen importlib._bootstrap>", line 241, in _call_with_frames_removed
  File "/home/sachit/Documents/VSCProjects/optimiseGEO/venv/lib/python3.10/site-packages/transformers/models/efficientnet/image_processing_efficientnet.py", line 20, in <module>
    from torchvision.transforms.v2 import functional as tvF
ModuleNotFoundError: No module named 'torchvision'
2026-07-29 20:21:20.479 Examining the path of transformers.models.eomt.image_processing_eomt_fast raised:
Traceback (most recent call last):
  File "/home/sachit/Documents/VSCProjects/optimiseGEO/venv/lib/python3.10/site-packages/streamlit/watcher/local_sources_watcher.py", line 340, in get_module_paths
    potential_paths = extract_paths(module)
  File "/home/sachit/Documents/VSCProjects/optimiseGEO/venv/lib/python3.10/site-packages/streamlit/watcher/local_sources_watcher.py", line 327, in <lambda>
    if hasattr(m, "__path__")
  File "/home/sachit/Documents/VSCProjects/optimiseGEO/venv/lib/python3.10/site-packages/transformers/__init__.py", line 862, in _getattr
    return getattr(importlib.import_module(target, __name__), name)
  File "/usr/lib/python3.10/importlib/__init__.py", line 126, in import_module
    return _bootstrap._gcd_import(name[level:], package, level)
  File "<frozen importlib._bootstrap>", line 1050, in _gcd_import
  File "<frozen importlib._bootstrap>", line 1027, in _find_and_load
  File "<frozen importlib._bootstrap>", line 1006, in _find_and_load_unlocked
  File "<frozen importlib._bootstrap>", line 688, in _load_unlocked
  File "<frozen importlib._bootstrap_external>", line 883, in exec_module
  File "<frozen importlib._bootstrap>", line 241, in _call_with_frames_removed
  File "/home/sachit/Documents/VSCProjects/optimiseGEO/venv/lib/python3.10/site-packages/transformers/models/eomt/image_processing_eomt.py", line 20, in <module>
    from torchvision.transforms.v2 import functional as tvF
ModuleNotFoundError: No module named 'torchvision'
2026-07-29 20:21:20.479 Examining the path of transformers.models.ernie4_5_vl_moe.image_processing_ernie4_5_vl_moe_fast raised:
Traceback (most recent call last):
  File "/home/sachit/Documents/VSCProjects/optimiseGEO/venv/lib/python3.10/site-packages/streamlit/watcher/local_sources_watcher.py", line 340, in get_module_paths
    potential_paths = extract_paths(module)
  File "/home/sachit/Documents/VSCProjects/optimiseGEO/venv/lib/python3.10/site-packages/streamlit/watcher/local_sources_watcher.py", line 327, in <lambda>
    if hasattr(m, "__path__")
  File "/home/sachit/Documents/VSCProjects/optimiseGEO/venv/lib/python3.10/site-packages/transformers/__init__.py", line 862, in _getattr
    return getattr(importlib.import_module(target, __name__), name)
  File "/usr/lib/python3.10/importlib/__init__.py", line 126, in import_module
    return _bootstrap._gcd_import(name[level:], package, level)
  File "<frozen importlib._bootstrap>", line 1050, in _gcd_import
  File "<frozen importlib._bootstrap>", line 1027, in _find_and_load
  File "<frozen importlib._bootstrap>", line 1006, in _find_and_load_unlocked
  File "<frozen importlib._bootstrap>", line 688, in _load_unlocked
  File "<frozen importlib._bootstrap_external>", line 883, in exec_module
  File "<frozen importlib._bootstrap>", line 241, in _call_with_frames_removed
  File "/home/sachit/Documents/VSCProjects/optimiseGEO/venv/lib/python3.10/site-packages/transformers/models/ernie4_5_vl_moe/image_processing_ernie4_5_vl_moe.py", line 23, in <module>
    from torchvision.transforms.v2 import functional as tvF
ModuleNotFoundError: No module named 'torchvision'
2026-07-29 20:21:20.480 Examining the path of transformers.models.flava.image_processing_flava_fast raised:
Traceback (most recent call last):
  File "/home/sachit/Documents/VSCProjects/optimiseGEO/venv/lib/python3.10/site-packages/streamlit/watcher/local_sources_watcher.py", line 340, in get_module_paths
    potential_paths = extract_paths(module)
  File "/home/sachit/Documents/VSCProjects/optimiseGEO/venv/lib/python3.10/site-packages/streamlit/watcher/local_sources_watcher.py", line 327, in <lambda>
    if hasattr(m, "__path__")
  File "/home/sachit/Documents/VSCProjects/optimiseGEO/venv/lib/python3.10/site-packages/transformers/__init__.py", line 862, in _getattr
    return getattr(importlib.import_module(target, __name__), name)
  File "/usr/lib/python3.10/importlib/__init__.py", line 126, in import_module
    return _bootstrap._gcd_import(name[level:], package, level)
  File "<frozen importlib._bootstrap>", line 1050, in _gcd_import
  File "<frozen importlib._bootstrap>", line 1027, in _find_and_load
  File "<frozen importlib._bootstrap>", line 1006, in _find_and_load_unlocked
  File "<frozen importlib._bootstrap>", line 688, in _load_unlocked
  File "<frozen importlib._bootstrap_external>", line 883, in exec_module
  File "<frozen importlib._bootstrap>", line 241, in _call_with_frames_removed
  File "/home/sachit/Documents/VSCProjects/optimiseGEO/venv/lib/python3.10/site-packages/transformers/models/flava/image_processing_flava.py", line 23, in <module>
    from torchvision.transforms.v2 import functional as tvF
ModuleNotFoundError: No module named 'torchvision'
2026-07-29 20:21:20.481 Examining the path of transformers.models.fuyu.image_processing_fuyu_fast raised:
Traceback (most recent call last):
  File "/home/sachit/Documents/VSCProjects/optimiseGEO/venv/lib/python3.10/site-packages/streamlit/watcher/local_sources_watcher.py", line 340, in get_module_paths
    potential_paths = extract_paths(module)
  File "/home/sachit/Documents/VSCProjects/optimiseGEO/venv/lib/python3.10/site-packages/streamlit/watcher/local_sources_watcher.py", line 327, in <lambda>
    if hasattr(m, "__path__")
  File "/home/sachit/Documents/VSCProjects/optimiseGEO/venv/lib/python3.10/site-packages/transformers/__init__.py", line 862, in _getattr
    return getattr(importlib.import_module(target, __name__), name)
  File "/usr/lib/python3.10/importlib/__init__.py", line 126, in import_module
    return _bootstrap._gcd_import(name[level:], package, level)
  File "<frozen importlib._bootstrap>", line 1050, in _gcd_import
  File "<frozen importlib._bootstrap>", line 1027, in _find_and_load
  File "<frozen importlib._bootstrap>", line 1006, in _find_and_load_unlocked
  File "<frozen importlib._bootstrap>", line 688, in _load_unlocked
  File "<frozen importlib._bootstrap_external>", line 883, in exec_module
  File "<frozen importlib._bootstrap>", line 241, in _call_with_frames_removed
  File "/home/sachit/Documents/VSCProjects/optimiseGEO/venv/lib/python3.10/site-packages/transformers/models/fuyu/image_processing_fuyu.py", line 19, in <module>
    from torchvision.transforms.v2 import functional as tvF
ModuleNotFoundError: No module named 'torchvision'
2026-07-29 20:21:20.481 Examining the path of transformers.models.gemma3.image_processing_gemma3_fast raised:
Traceback (most recent call last):
  File "/home/sachit/Documents/VSCProjects/optimiseGEO/venv/lib/python3.10/site-packages/streamlit/watcher/local_sources_watcher.py", line 340, in get_module_paths
    potential_paths = extract_paths(module)
  File "/home/sachit/Documents/VSCProjects/optimiseGEO/venv/lib/python3.10/site-packages/streamlit/watcher/local_sources_watcher.py", line 327, in <lambda>
    if hasattr(m, "__path__")
  File "/home/sachit/Documents/VSCProjects/optimiseGEO/venv/lib/python3.10/site-packages/transformers/__init__.py", line 862, in _getattr
    return getattr(importlib.import_module(target, __name__), name)
  File "/usr/lib/python3.10/importlib/__init__.py", line 126, in import_module
    return _bootstrap._gcd_import(name[level:], package, level)
  File "<frozen importlib._bootstrap>", line 1050, in _gcd_import
  File "<frozen importlib._bootstrap>", line 1027, in _find_and_load
  File "<frozen importlib._bootstrap>", line 1006, in _find_and_load_unlocked
  File "<frozen importlib._bootstrap>", line 688, in _load_unlocked
  File "<frozen importlib._bootstrap_external>", line 883, in exec_module
  File "<frozen importlib._bootstrap>", line 241, in _call_with_frames_removed
  File "/home/sachit/Documents/VSCProjects/optimiseGEO/venv/lib/python3.10/site-packages/transformers/models/gemma3/image_processing_gemma3.py", line 20, in <module>
    from torchvision.transforms.v2 import functional as tvF
ModuleNotFoundError: No module named 'torchvision'
2026-07-29 20:21:20.482 Examining the path of transformers.models.gemma4.image_processing_gemma4_fast raised:
Traceback (most recent call last):
  File "/home/sachit/Documents/VSCProjects/optimiseGEO/venv/lib/python3.10/site-packages/streamlit/watcher/local_sources_watcher.py", line 340, in get_module_paths
    potential_paths = extract_paths(module)
  File "/home/sachit/Documents/VSCProjects/optimiseGEO/venv/lib/python3.10/site-packages/streamlit/watcher/local_sources_watcher.py", line 327, in <lambda>
    if hasattr(m, "__path__")
  File "/home/sachit/Documents/VSCProjects/optimiseGEO/venv/lib/python3.10/site-packages/transformers/__init__.py", line 862, in _getattr
    return getattr(importlib.import_module(target, __name__), name)
  File "/usr/lib/python3.10/importlib/__init__.py", line 126, in import_module
    return _bootstrap._gcd_import(name[level:], package, level)
  File "<frozen importlib._bootstrap>", line 1050, in _gcd_import
  File "<frozen importlib._bootstrap>", line 1027, in _find_and_load
  File "<frozen importlib._bootstrap>", line 1006, in _find_and_load_unlocked
  File "<frozen importlib._bootstrap>", line 688, in _load_unlocked
  File "<frozen importlib._bootstrap_external>", line 883, in exec_module
  File "<frozen importlib._bootstrap>", line 241, in _call_with_frames_removed
  File "/home/sachit/Documents/VSCProjects/optimiseGEO/venv/lib/python3.10/site-packages/transformers/models/gemma4/image_processing_gemma4.py", line 17, in <module>
    from torchvision.transforms.v2 import functional as tvF
ModuleNotFoundError: No module named 'torchvision'
2026-07-29 20:21:20.482 Examining the path of transformers.models.gemma4_unified.image_processing_gemma4_unified_fast raised:
Traceback (most recent call last):
  File "/home/sachit/Documents/VSCProjects/optimiseGEO/venv/lib/python3.10/site-packages/streamlit/watcher/local_sources_watcher.py", line 340, in get_module_paths
    potential_paths = extract_paths(module)
  File "/home/sachit/Documents/VSCProjects/optimiseGEO/venv/lib/python3.10/site-packages/streamlit/watcher/local_sources_watcher.py", line 327, in <lambda>
    if hasattr(m, "__path__")
  File "/home/sachit/Documents/VSCProjects/optimiseGEO/venv/lib/python3.10/site-packages/transformers/__init__.py", line 862, in _getattr
    return getattr(importlib.import_module(target, __name__), name)
  File "/usr/lib/python3.10/importlib/__init__.py", line 126, in import_module
    return _bootstrap._gcd_import(name[level:], package, level)
  File "<frozen importlib._bootstrap>", line 1050, in _gcd_import
  File "<frozen importlib._bootstrap>", line 1027, in _find_and_load
  File "<frozen importlib._bootstrap>", line 1006, in _find_and_load_unlocked
  File "<frozen importlib._bootstrap>", line 688, in _load_unlocked
  File "<frozen importlib._bootstrap_external>", line 883, in exec_module
  File "<frozen importlib._bootstrap>", line 241, in _call_with_frames_removed
  File "/home/sachit/Documents/VSCProjects/optimiseGEO/venv/lib/python3.10/site-packages/transformers/models/gemma4_unified/image_processing_gemma4_unified.py", line 23, in <module>
    from torchvision.transforms.v2 import functional as tvF
ModuleNotFoundError: No module named 'torchvision'
2026-07-29 20:21:20.483 Examining the path of transformers.models.glm46v.image_processing_glm46v_fast raised:
Traceback (most recent call last):
  File "/home/sachit/Documents/VSCProjects/optimiseGEO/venv/lib/python3.10/site-packages/streamlit/watcher/local_sources_watcher.py", line 340, in get_module_paths
    potential_paths = extract_paths(module)
  File "/home/sachit/Documents/VSCProjects/optimiseGEO/venv/lib/python3.10/site-packages/streamlit/watcher/local_sources_watcher.py", line 327, in <lambda>
    if hasattr(m, "__path__")
  File "/home/sachit/Documents/VSCProjects/optimiseGEO/venv/lib/python3.10/site-packages/transformers/__init__.py", line 862, in _getattr
    return getattr(importlib.import_module(target, __name__), name)
  File "/usr/lib/python3.10/importlib/__init__.py", line 126, in import_module
    return _bootstrap._gcd_import(name[level:], package, level)
  File "<frozen importlib._bootstrap>", line 1050, in _gcd_import
  File "<frozen importlib._bootstrap>", line 1027, in _find_and_load
  File "<frozen importlib._bootstrap>", line 1006, in _find_and_load_unlocked
  File "<frozen importlib._bootstrap>", line 688, in _load_unlocked
  File "<frozen importlib._bootstrap_external>", line 883, in exec_module
  File "<frozen importlib._bootstrap>", line 241, in _call_with_frames_removed
  File "/home/sachit/Documents/VSCProjects/optimiseGEO/venv/lib/python3.10/site-packages/transformers/models/glm46v/image_processing_glm46v.py", line 25, in <module>
    from torchvision.transforms.v2 import functional as tvF
ModuleNotFoundError: No module named 'torchvision'
2026-07-29 20:21:20.484 Examining the path of transformers.models.glm4v.image_processing_glm4v_fast raised:
Traceback (most recent call last):
  File "/home/sachit/Documents/VSCProjects/optimiseGEO/venv/lib/python3.10/site-packages/streamlit/watcher/local_sources_watcher.py", line 340, in get_module_paths
    potential_paths = extract_paths(module)
  File "/home/sachit/Documents/VSCProjects/optimiseGEO/venv/lib/python3.10/site-packages/streamlit/watcher/local_sources_watcher.py", line 327, in <lambda>
    if hasattr(m, "__path__")
  File "/home/sachit/Documents/VSCProjects/optimiseGEO/venv/lib/python3.10/site-packages/transformers/__init__.py", line 862, in _getattr
    return getattr(importlib.import_module(target, __name__), name)
  File "/usr/lib/python3.10/importlib/__init__.py", line 126, in import_module
    return _bootstrap._gcd_import(name[level:], package, level)
  File "<frozen importlib._bootstrap>", line 1050, in _gcd_import
  File "<frozen importlib._bootstrap>", line 1027, in _find_and_load
  File "<frozen importlib._bootstrap>", line 1006, in _find_and_load_unlocked
  File "<frozen importlib._bootstrap>", line 688, in _load_unlocked
  File "<frozen importlib._bootstrap_external>", line 883, in exec_module
  File "<frozen importlib._bootstrap>", line 241, in _call_with_frames_removed
  File "/home/sachit/Documents/VSCProjects/optimiseGEO/venv/lib/python3.10/site-packages/transformers/models/glm4v/image_processing_glm4v.py", line 19, in <module>
    from torchvision.transforms.v2 import functional as tvF
ModuleNotFoundError: No module named 'torchvision'
2026-07-29 20:21:20.484 Examining the path of transformers.models.glm_image.image_processing_glm_image_fast raised:
Traceback (most recent call last):
  File "/home/sachit/Documents/VSCProjects/optimiseGEO/venv/lib/python3.10/site-packages/streamlit/watcher/local_sources_watcher.py", line 340, in get_module_paths
    potential_paths = extract_paths(module)
  File "/home/sachit/Documents/VSCProjects/optimiseGEO/venv/lib/python3.10/site-packages/streamlit/watcher/local_sources_watcher.py", line 327, in <lambda>
    if hasattr(m, "__path__")
  File "/home/sachit/Documents/VSCProjects/optimiseGEO/venv/lib/python3.10/site-packages/transformers/__init__.py", line 862, in _getattr
    return getattr(importlib.import_module(target, __name__), name)
  File "/usr/lib/python3.10/importlib/__init__.py", line 126, in import_module
    return _bootstrap._gcd_import(name[level:], package, level)
  File "<frozen importlib._bootstrap>", line 1050, in _gcd_import
  File "<frozen importlib._bootstrap>", line 1027, in _find_and_load
  File "<frozen importlib._bootstrap>", line 1006, in _find_and_load_unlocked
  File "<frozen importlib._bootstrap>", line 688, in _load_unlocked
  File "<frozen importlib._bootstrap_external>", line 883, in exec_module
  File "<frozen importlib._bootstrap>", line 241, in _call_with_frames_removed
  File "/home/sachit/Documents/VSCProjects/optimiseGEO/venv/lib/python3.10/site-packages/transformers/models/glm_image/image_processing_glm_image.py", line 25, in <module>
    from torchvision.transforms.v2 import functional as tvF
ModuleNotFoundError: No module named 'torchvision'
2026-07-29 20:21:20.485 Examining the path of transformers.models.glmga.image_processing_glmga_fast raised:
Traceback (most recent call last):
  File "/home/sachit/Documents/VSCProjects/optimiseGEO/venv/lib/python3.10/site-packages/streamlit/watcher/local_sources_watcher.py", line 340, in get_module_paths
    potential_paths = extract_paths(module)
  File "/home/sachit/Documents/VSCProjects/optimiseGEO/venv/lib/python3.10/site-packages/streamlit/watcher/local_sources_watcher.py", line 327, in <lambda>
    if hasattr(m, "__path__")
  File "/home/sachit/Documents/VSCProjects/optimiseGEO/venv/lib/python3.10/site-packages/transformers/__init__.py", line 862, in _getattr
    return getattr(importlib.import_module(target, __name__), name)
  File "/usr/lib/python3.10/importlib/__init__.py", line 126, in import_module
    return _bootstrap._gcd_import(name[level:], package, level)
  File "<frozen importlib._bootstrap>", line 1050, in _gcd_import
  File "<frozen importlib._bootstrap>", line 1027, in _find_and_load
  File "<frozen importlib._bootstrap>", line 1006, in _find_and_load_unlocked
  File "<frozen importlib._bootstrap>", line 688, in _load_unlocked
  File "<frozen importlib._bootstrap_external>", line 883, in exec_module
  File "<frozen importlib._bootstrap>", line 241, in _call_with_frames_removed
  File "/home/sachit/Documents/VSCProjects/optimiseGEO/venv/lib/python3.10/site-packages/transformers/models/glmga/image_processing_glmga.py", line 24, in <module>
    from torchvision.transforms.v2 import functional as tvF
ModuleNotFoundError: No module named 'torchvision'
2026-07-29 20:21:20.485 Examining the path of transformers.models.glpn.image_processing_glpn_fast raised:
Traceback (most recent call last):
  File "/home/sachit/Documents/VSCProjects/optimiseGEO/venv/lib/python3.10/site-packages/streamlit/watcher/local_sources_watcher.py", line 340, in get_module_paths
    potential_paths = extract_paths(module)
  File "/home/sachit/Documents/VSCProjects/optimiseGEO/venv/lib/python3.10/site-packages/streamlit/watcher/local_sources_watcher.py", line 327, in <lambda>
    if hasattr(m, "__path__")
  File "/home/sachit/Documents/VSCProjects/optimiseGEO/venv/lib/python3.10/site-packages/transformers/__init__.py", line 862, in _getattr
    return getattr(importlib.import_module(target, __name__), name)
  File "/usr/lib/python3.10/importlib/__init__.py", line 126, in import_module
    return _bootstrap._gcd_import(name[level:], package, level)
  File "<frozen importlib._bootstrap>", line 1050, in _gcd_import
  File "<frozen importlib._bootstrap>", line 1027, in _find_and_load
  File "<frozen importlib._bootstrap>", line 1006, in _find_and_load_unlocked
  File "<frozen importlib._bootstrap>", line 688, in _load_unlocked
  File "<frozen importlib._bootstrap_external>", line 883, in exec_module
  File "<frozen importlib._bootstrap>", line 241, in _call_with_frames_removed
  File "/home/sachit/Documents/VSCProjects/optimiseGEO/venv/lib/python3.10/site-packages/transformers/models/glpn/image_processing_glpn.py", line 34, in <module>
    from torchvision.transforms.v2 import functional as tvF
ModuleNotFoundError: No module named 'torchvision'
2026-07-29 20:21:20.486 Examining the path of transformers.models.got_ocr2.image_processing_got_ocr2_fast raised:
Traceback (most recent call last):
  File "/home/sachit/Documents/VSCProjects/optimiseGEO/venv/lib/python3.10/site-packages/streamlit/watcher/local_sources_watcher.py", line 340, in get_module_paths
    potential_paths = extract_paths(module)
  File "/home/sachit/Documents/VSCProjects/optimiseGEO/venv/lib/python3.10/site-packages/streamlit/watcher/local_sources_watcher.py", line 327, in <lambda>
    if hasattr(m, "__path__")
  File "/home/sachit/Documents/VSCProjects/optimiseGEO/venv/lib/python3.10/site-packages/transformers/__init__.py", line 862, in _getattr
    return getattr(importlib.import_module(target, __name__), name)
  File "/usr/lib/python3.10/importlib/__init__.py", line 126, in import_module
    return _bootstrap._gcd_import(name[level:], package, level)
  File "<frozen importlib._bootstrap>", line 1050, in _gcd_import
  File "<frozen importlib._bootstrap>", line 1027, in _find_and_load
  File "<frozen importlib._bootstrap>", line 1006, in _find_and_load_unlocked
  File "<frozen importlib._bootstrap>", line 688, in _load_unlocked
  File "<frozen importlib._bootstrap_external>", line 883, in exec_module
  File "<frozen importlib._bootstrap>", line 241, in _call_with_frames_removed
  File "/home/sachit/Documents/VSCProjects/optimiseGEO/venv/lib/python3.10/site-packages/transformers/models/got_ocr2/image_processing_got_ocr2.py", line 19, in <module>
    from torchvision.transforms.v2 import functional as tvF
ModuleNotFoundError: No module named 'torchvision'
2026-07-29 20:21:20.487 Examining the path of transformers.models.grounding_dino.image_processing_grounding_dino_fast raised:
Traceback (most recent call last):
  File "/home/sachit/Documents/VSCProjects/optimiseGEO/venv/lib/python3.10/site-packages/streamlit/watcher/local_sources_watcher.py", line 340, in get_module_paths
    potential_paths = extract_paths(module)
  File "/home/sachit/Documents/VSCProjects/optimiseGEO/venv/lib/python3.10/site-packages/streamlit/watcher/local_sources_watcher.py", line 327, in <lambda>
    if hasattr(m, "__path__")
  File "/home/sachit/Documents/VSCProjects/optimiseGEO/venv/lib/python3.10/site-packages/transformers/__init__.py", line 862, in _getattr
    return getattr(importlib.import_module(target, __name__), name)
  File "/usr/lib/python3.10/importlib/__init__.py", line 126, in import_module
    return _bootstrap._gcd_import(name[level:], package, level)
  File "<frozen importlib._bootstrap>", line 1050, in _gcd_import
  File "<frozen importlib._bootstrap>", line 1027, in _find_and_load
  File "<frozen importlib._bootstrap>", line 1006, in _find_and_load_unlocked
  File "<frozen importlib._bootstrap>", line 688, in _load_unlocked
  File "<frozen importlib._bootstrap_external>", line 883, in exec_module
  File "<frozen importlib._bootstrap>", line 241, in _call_with_frames_removed
  File "/home/sachit/Documents/VSCProjects/optimiseGEO/venv/lib/python3.10/site-packages/transformers/models/grounding_dino/image_processing_grounding_dino.py", line 30, in <module>
    from torchvision.io import read_image
ModuleNotFoundError: No module named 'torchvision'
2026-07-29 20:21:20.487 Examining the path of transformers.models.hunyuan_vl.image_processing_hunyuan_vl_fast raised:
Traceback (most recent call last):
  File "/home/sachit/Documents/VSCProjects/optimiseGEO/venv/lib/python3.10/site-packages/streamlit/watcher/local_sources_watcher.py", line 340, in get_module_paths
    potential_paths = extract_paths(module)
  File "/home/sachit/Documents/VSCProjects/optimiseGEO/venv/lib/python3.10/site-packages/streamlit/watcher/local_sources_watcher.py", line 327, in <lambda>
    if hasattr(m, "__path__")
  File "/home/sachit/Documents/VSCProjects/optimiseGEO/venv/lib/python3.10/site-packages/transformers/__init__.py", line 862, in _getattr
    return getattr(importlib.import_module(target, __name__), name)
  File "/usr/lib/python3.10/importlib/__init__.py", line 126, in import_module
    return _bootstrap._gcd_import(name[level:], package, level)
  File "<frozen importlib._bootstrap>", line 1050, in _gcd_import
  File "<frozen importlib._bootstrap>", line 1027, in _find_and_load
  File "<frozen importlib._bootstrap>", line 1006, in _find_and_load_unlocked
  File "<frozen importlib._bootstrap>", line 688, in _load_unlocked
  File "<frozen importlib._bootstrap_external>", line 883, in exec_module
  File "<frozen importlib._bootstrap>", line 241, in _call_with_frames_removed
  File "/home/sachit/Documents/VSCProjects/optimiseGEO/venv/lib/python3.10/site-packages/transformers/models/hunyuan_vl/image_processing_hunyuan_vl.py", line 25, in <module>
    from torchvision.transforms.v2 import functional as tvF
ModuleNotFoundError: No module named 'torchvision'
2026-07-29 20:21:20.488 Examining the path of transformers.models.idefics2.image_processing_idefics2_fast raised:
Traceback (most recent call last):
  File "/home/sachit/Documents/VSCProjects/optimiseGEO/venv/lib/python3.10/site-packages/streamlit/watcher/local_sources_watcher.py", line 340, in get_module_paths
    potential_paths = extract_paths(module)
  File "/home/sachit/Documents/VSCProjects/optimiseGEO/venv/lib/python3.10/site-packages/streamlit/watcher/local_sources_watcher.py", line 327, in <lambda>
    if hasattr(m, "__path__")
  File "/home/sachit/Documents/VSCProjects/optimiseGEO/venv/lib/python3.10/site-packages/transformers/__init__.py", line 862, in _getattr
    return getattr(importlib.import_module(target, __name__), name)
  File "/usr/lib/python3.10/importlib/__init__.py", line 126, in import_module
    return _bootstrap._gcd_import(name[level:], package, level)
  File "<frozen importlib._bootstrap>", line 1050, in _gcd_import
  File "<frozen importlib._bootstrap>", line 1027, in _find_and_load
  File "<frozen importlib._bootstrap>", line 1006, in _find_and_load_unlocked
  File "<frozen importlib._bootstrap>", line 688, in _load_unlocked
  File "<frozen importlib._bootstrap_external>", line 883, in exec_module
  File "<frozen importlib._bootstrap>", line 241, in _call_with_frames_removed
  File "/home/sachit/Documents/VSCProjects/optimiseGEO/venv/lib/python3.10/site-packages/transformers/models/idefics2/image_processing_idefics2.py", line 37, in <module>
    from torchvision.transforms.v2 import functional as tvF
ModuleNotFoundError: No module named 'torchvision'
2026-07-29 20:21:20.489 Examining the path of transformers.models.idefics3.image_processing_idefics3_fast raised:
Traceback (most recent call last):
  File "/home/sachit/Documents/VSCProjects/optimiseGEO/venv/lib/python3.10/site-packages/streamlit/watcher/local_sources_watcher.py", line 340, in get_module_paths
    potential_paths = extract_paths(module)
  File "/home/sachit/Documents/VSCProjects/optimiseGEO/venv/lib/python3.10/site-packages/streamlit/watcher/local_sources_watcher.py", line 327, in <lambda>
    if hasattr(m, "__path__")
  File "/home/sachit/Documents/VSCProjects/optimiseGEO/venv/lib/python3.10/site-packages/transformers/__init__.py", line 862, in _getattr
    return getattr(importlib.import_module(target, __name__), name)
  File "/usr/lib/python3.10/importlib/__init__.py", line 126, in import_module
    return _bootstrap._gcd_import(name[level:], package, level)
  File "<frozen importlib._bootstrap>", line 1050, in _gcd_import
  File "<frozen importlib._bootstrap>", line 1027, in _find_and_load
  File "<frozen importlib._bootstrap>", line 1006, in _find_and_load_unlocked
  File "<frozen importlib._bootstrap>", line 688, in _load_unlocked
  File "<frozen importlib._bootstrap_external>", line 883, in exec_module
  File "<frozen importlib._bootstrap>", line 241, in _call_with_frames_removed
  File "/home/sachit/Documents/VSCProjects/optimiseGEO/venv/lib/python3.10/site-packages/transformers/models/idefics3/image_processing_idefics3.py", line 20, in <module>
    from torchvision.transforms.v2 import functional as tvF
ModuleNotFoundError: No module named 'torchvision'
2026-07-29 20:21:20.490 Examining the path of transformers.models.imagegpt.image_processing_imagegpt_fast raised:
Traceback (most recent call last):
  File "/home/sachit/Documents/VSCProjects/optimiseGEO/venv/lib/python3.10/site-packages/streamlit/watcher/local_sources_watcher.py", line 340, in get_module_paths
    potential_paths = extract_paths(module)
  File "/home/sachit/Documents/VSCProjects/optimiseGEO/venv/lib/python3.10/site-packages/streamlit/watcher/local_sources_watcher.py", line 327, in <lambda>
    if hasattr(m, "__path__")
  File "/home/sachit/Documents/VSCProjects/optimiseGEO/venv/lib/python3.10/site-packages/transformers/__init__.py", line 862, in _getattr
    return getattr(importlib.import_module(target, __name__), name)
  File "/usr/lib/python3.10/importlib/__init__.py", line 126, in import_module
    return _bootstrap._gcd_import(name[level:], package, level)
  File "<frozen importlib._bootstrap>", line 1050, in _gcd_import
  File "<frozen importlib._bootstrap>", line 1027, in _find_and_load
  File "<frozen importlib._bootstrap>", line 1006, in _find_and_load_unlocked
  File "<frozen importlib._bootstrap>", line 688, in _load_unlocked
  File "<frozen importlib._bootstrap_external>", line 883, in exec_module
  File "<frozen importlib._bootstrap>", line 241, in _call_with_frames_removed
  File "/home/sachit/Documents/VSCProjects/optimiseGEO/venv/lib/python3.10/site-packages/transformers/models/imagegpt/image_processing_imagegpt.py", line 20, in <module>
    from torchvision.transforms.v2 import functional as tvF
ModuleNotFoundError: No module named 'torchvision'
2026-07-29 20:21:20.490 Examining the path of transformers.models.inkling.image_processing_inkling_fast raised:
Traceback (most recent call last):
  File "/home/sachit/Documents/VSCProjects/optimiseGEO/venv/lib/python3.10/site-packages/streamlit/watcher/local_sources_watcher.py", line 340, in get_module_paths
    potential_paths = extract_paths(module)
  File "/home/sachit/Documents/VSCProjects/optimiseGEO/venv/lib/python3.10/site-packages/streamlit/watcher/local_sources_watcher.py", line 327, in <lambda>
    if hasattr(m, "__path__")
  File "/home/sachit/Documents/VSCProjects/optimiseGEO/venv/lib/python3.10/site-packages/transformers/__init__.py", line 862, in _getattr
    return getattr(importlib.import_module(target, __name__), name)
  File "/usr/lib/python3.10/importlib/__init__.py", line 126, in import_module
    return _bootstrap._gcd_import(name[level:], package, level)
  File "<frozen importlib._bootstrap>", line 1050, in _gcd_import
  File "<frozen importlib._bootstrap>", line 1027, in _find_and_load
  File "<frozen importlib._bootstrap>", line 1006, in _find_and_load_unlocked
  File "<frozen importlib._bootstrap>", line 688, in _load_unlocked
  File "<frozen importlib._bootstrap_external>", line 883, in exec_module
  File "<frozen importlib._bootstrap>", line 241, in _call_with_frames_removed
  File "/home/sachit/Documents/VSCProjects/optimiseGEO/venv/lib/python3.10/site-packages/transformers/models/inkling/image_processing_inkling.py", line 19, in <module>
    from torchvision.transforms.v2 import functional as tvF
ModuleNotFoundError: No module named 'torchvision'
2026-07-29 20:21:20.491 Examining the path of transformers.models.janus.image_processing_janus_fast raised:
Traceback (most recent call last):
  File "/home/sachit/Documents/VSCProjects/optimiseGEO/venv/lib/python3.10/site-packages/streamlit/watcher/local_sources_watcher.py", line 340, in get_module_paths
    potential_paths = extract_paths(module)
  File "/home/sachit/Documents/VSCProjects/optimiseGEO/venv/lib/python3.10/site-packages/streamlit/watcher/local_sources_watcher.py", line 327, in <lambda>
    if hasattr(m, "__path__")
  File "/home/sachit/Documents/VSCProjects/optimiseGEO/venv/lib/python3.10/site-packages/transformers/__init__.py", line 862, in _getattr
    return getattr(importlib.import_module(target, __name__), name)
  File "/usr/lib/python3.10/importlib/__init__.py", line 126, in import_module
    return _bootstrap._gcd_import(name[level:], package, level)
  File "<frozen importlib._bootstrap>", line 1050, in _gcd_import
  File "<frozen importlib._bootstrap>", line 1027, in _find_and_load
  File "<frozen importlib._bootstrap>", line 1006, in _find_and_load_unlocked
  File "<frozen importlib._bootstrap>", line 688, in _load_unlocked
  File "<frozen importlib._bootstrap_external>", line 883, in exec_module
  File "<frozen importlib._bootstrap>", line 241, in _call_with_frames_removed
  File "/home/sachit/Documents/VSCProjects/optimiseGEO/venv/lib/python3.10/site-packages/transformers/models/janus/image_processing_janus.py", line 17, in <module>
    import torchvision.transforms.v2.functional as tvF
ModuleNotFoundError: No module named 'torchvision'
2026-07-29 20:21:20.492 Examining the path of transformers.models.kimi_k25.image_processing_kimi_k25_fast raised:
Traceback (most recent call last):
  File "/home/sachit/Documents/VSCProjects/optimiseGEO/venv/lib/python3.10/site-packages/streamlit/watcher/local_sources_watcher.py", line 340, in get_module_paths
    potential_paths = extract_paths(module)
  File "/home/sachit/Documents/VSCProjects/optimiseGEO/venv/lib/python3.10/site-packages/streamlit/watcher/local_sources_watcher.py", line 327, in <lambda>
    if hasattr(m, "__path__")
  File "/home/sachit/Documents/VSCProjects/optimiseGEO/venv/lib/python3.10/site-packages/transformers/__init__.py", line 862, in _getattr
    return getattr(importlib.import_module(target, __name__), name)
  File "/usr/lib/python3.10/importlib/__init__.py", line 126, in import_module
    return _bootstrap._gcd_import(name[level:], package, level)
  File "<frozen importlib._bootstrap>", line 1050, in _gcd_import
  File "<frozen importlib._bootstrap>", line 1027, in _find_and_load
  File "<frozen importlib._bootstrap>", line 1006, in _find_and_load_unlocked
  File "<frozen importlib._bootstrap>", line 688, in _load_unlocked
  File "<frozen importlib._bootstrap_external>", line 883, in exec_module
  File "<frozen importlib._bootstrap>", line 241, in _call_with_frames_removed
  File "/home/sachit/Documents/VSCProjects/optimiseGEO/venv/lib/python3.10/site-packages/transformers/models/kimi_k25/image_processing_kimi_k25.py", line 19, in <module>
    from torchvision.transforms.v2 import functional as tvF
ModuleNotFoundError: No module named 'torchvision'
2026-07-29 20:21:20.492 Examining the path of transformers.models.layoutlmv2.image_processing_layoutlmv2_fast raised:
Traceback (most recent call last):
  File "/home/sachit/Documents/VSCProjects/optimiseGEO/venv/lib/python3.10/site-packages/streamlit/watcher/local_sources_watcher.py", line 340, in get_module_paths
    potential_paths = extract_paths(module)
  File "/home/sachit/Documents/VSCProjects/optimiseGEO/venv/lib/python3.10/site-packages/streamlit/watcher/local_sources_watcher.py", line 327, in <lambda>
    if hasattr(m, "__path__")
  File "/home/sachit/Documents/VSCProjects/optimiseGEO/venv/lib/python3.10/site-packages/transformers/__init__.py", line 862, in _getattr
    return getattr(importlib.import_module(target, __name__), name)
  File "/usr/lib/python3.10/importlib/__init__.py", line 126, in import_module
    return _bootstrap._gcd_import(name[level:], package, level)
  File "<frozen importlib._bootstrap>", line 1050, in _gcd_import
  File "<frozen importlib._bootstrap>", line 1027, in _find_and_load
  File "<frozen importlib._bootstrap>", line 1006, in _find_and_load_unlocked
  File "<frozen importlib._bootstrap>", line 688, in _load_unlocked
  File "<frozen importlib._bootstrap_external>", line 883, in exec_module
  File "<frozen importlib._bootstrap>", line 241, in _call_with_frames_removed
  File "/home/sachit/Documents/VSCProjects/optimiseGEO/venv/lib/python3.10/site-packages/transformers/models/layoutlmv2/image_processing_layoutlmv2.py", line 36, in <module>
    from torchvision.transforms.v2 import functional as tvF
ModuleNotFoundError: No module named 'torchvision'
2026-07-29 20:21:20.493 Examining the path of transformers.models.layoutlmv3.image_processing_layoutlmv3_fast raised:
Traceback (most recent call last):
  File "/home/sachit/Documents/VSCProjects/optimiseGEO/venv/lib/python3.10/site-packages/streamlit/watcher/local_sources_watcher.py", line 340, in get_module_paths
    potential_paths = extract_paths(module)
  File "/home/sachit/Documents/VSCProjects/optimiseGEO/venv/lib/python3.10/site-packages/streamlit/watcher/local_sources_watcher.py", line 327, in <lambda>
    if hasattr(m, "__path__")
  File "/home/sachit/Documents/VSCProjects/optimiseGEO/venv/lib/python3.10/site-packages/transformers/__init__.py", line 862, in _getattr
    return getattr(importlib.import_module(target, __name__), name)
  File "/usr/lib/python3.10/importlib/__init__.py", line 126, in import_module
    return _bootstrap._gcd_import(name[level:], package, level)
  File "<frozen importlib._bootstrap>", line 1050, in _gcd_import
  File "<frozen importlib._bootstrap>", line 1027, in _find_and_load
  File "<frozen importlib._bootstrap>", line 1006, in _find_and_load_unlocked
  File "<frozen importlib._bootstrap>", line 688, in _load_unlocked
  File "<frozen importlib._bootstrap_external>", line 883, in exec_module
  File "<frozen importlib._bootstrap>", line 241, in _call_with_frames_removed
  File "/home/sachit/Documents/VSCProjects/optimiseGEO/venv/lib/python3.10/site-packages/transformers/models/layoutlmv3/image_processing_layoutlmv3.py", line 42, in <module>
    from torchvision.transforms.v2 import functional as tvF
ModuleNotFoundError: No module named 'torchvision'
2026-07-29 20:21:20.493 Examining the path of transformers.models.levit.image_processing_levit_fast raised:
Traceback (most recent call last):
  File "/home/sachit/Documents/VSCProjects/optimiseGEO/venv/lib/python3.10/site-packages/streamlit/watcher/local_sources_watcher.py", line 340, in get_module_paths
    potential_paths = extract_paths(module)
  File "/home/sachit/Documents/VSCProjects/optimiseGEO/venv/lib/python3.10/site-packages/streamlit/watcher/local_sources_watcher.py", line 327, in <lambda>
    if hasattr(m, "__path__")
  File "/home/sachit/Documents/VSCProjects/optimiseGEO/venv/lib/python3.10/site-packages/transformers/__init__.py", line 862, in _getattr
    return getattr(importlib.import_module(target, __name__), name)
  File "/usr/lib/python3.10/importlib/__init__.py", line 126, in import_module
    return _bootstrap._gcd_import(name[level:], package, level)
  File "<frozen importlib._bootstrap>", line 1050, in _gcd_import
  File "<frozen importlib._bootstrap>", line 1027, in _find_and_load
  File "<frozen importlib._bootstrap>", line 1006, in _find_and_load_unlocked
  File "<frozen importlib._bootstrap>", line 688, in _load_unlocked
  File "<frozen importlib._bootstrap_external>", line 883, in exec_module
  File "<frozen importlib._bootstrap>", line 241, in _call_with_frames_removed
  File "/home/sachit/Documents/VSCProjects/optimiseGEO/venv/lib/python3.10/site-packages/transformers/models/levit/image_processing_levit.py", line 17, in <module>
    from torchvision.transforms.v2 import functional as tvF
ModuleNotFoundError: No module named 'torchvision'
2026-07-29 20:21:20.494 Examining the path of transformers.models.lfm2_vl.image_processing_lfm2_vl_fast raised:
Traceback (most recent call last):
  File "/home/sachit/Documents/VSCProjects/optimiseGEO/venv/lib/python3.10/site-packages/streamlit/watcher/local_sources_watcher.py", line 340, in get_module_paths
    potential_paths = extract_paths(module)
  File "/home/sachit/Documents/VSCProjects/optimiseGEO/venv/lib/python3.10/site-packages/streamlit/watcher/local_sources_watcher.py", line 327, in <lambda>
    if hasattr(m, "__path__")
  File "/home/sachit/Documents/VSCProjects/optimiseGEO/venv/lib/python3.10/site-packages/transformers/__init__.py", line 862, in _getattr
    return getattr(importlib.import_module(target, __name__), name)
  File "/usr/lib/python3.10/importlib/__init__.py", line 126, in import_module
    return _bootstrap._gcd_import(name[level:], package, level)
  File "<frozen importlib._bootstrap>", line 1050, in _gcd_import
  File "<frozen importlib._bootstrap>", line 1027, in _find_and_load
  File "<frozen importlib._bootstrap>", line 1006, in _find_and_load_unlocked
  File "<frozen importlib._bootstrap>", line 688, in _load_unlocked
  File "<frozen importlib._bootstrap_external>", line 883, in exec_module
  File "<frozen importlib._bootstrap>", line 241, in _call_with_frames_removed
  File "/home/sachit/Documents/VSCProjects/optimiseGEO/venv/lib/python3.10/site-packages/transformers/models/lfm2_vl/image_processing_lfm2_vl.py", line 18, in <module>
    from torchvision.transforms.v2 import functional as tvF
ModuleNotFoundError: No module named 'torchvision'
2026-07-29 20:21:20.495 Examining the path of transformers.models.lightglue.image_processing_lightglue_fast raised:
Traceback (most recent call last):
  File "/home/sachit/Documents/VSCProjects/optimiseGEO/venv/lib/python3.10/site-packages/streamlit/watcher/local_sources_watcher.py", line 340, in get_module_paths
    potential_paths = extract_paths(module)
  File "/home/sachit/Documents/VSCProjects/optimiseGEO/venv/lib/python3.10/site-packages/streamlit/watcher/local_sources_watcher.py", line 327, in <lambda>
    if hasattr(m, "__path__")
  File "/home/sachit/Documents/VSCProjects/optimiseGEO/venv/lib/python3.10/site-packages/transformers/__init__.py", line 862, in _getattr
    return getattr(importlib.import_module(target, __name__), name)
  File "/usr/lib/python3.10/importlib/__init__.py", line 126, in import_module
    return _bootstrap._gcd_import(name[level:], package, level)
  File "<frozen importlib._bootstrap>", line 1050, in _gcd_import
  File "<frozen importlib._bootstrap>", line 1027, in _find_and_load
  File "<frozen importlib._bootstrap>", line 1006, in _find_and_load_unlocked
  File "<frozen importlib._bootstrap>", line 688, in _load_unlocked
  File "<frozen importlib._bootstrap_external>", line 883, in exec_module
  File "<frozen importlib._bootstrap>", line 241, in _call_with_frames_removed
  File "/home/sachit/Documents/VSCProjects/optimiseGEO/venv/lib/python3.10/site-packages/transformers/models/lightglue/image_processing_lightglue.py", line 24, in <module>
    from torchvision.transforms.v2 import functional as tvF
ModuleNotFoundError: No module named 'torchvision'
2026-07-29 20:21:20.495 Examining the path of transformers.models.llama4.image_processing_llama4_fast raised:
Traceback (most recent call last):
  File "/home/sachit/Documents/VSCProjects/optimiseGEO/venv/lib/python3.10/site-packages/streamlit/watcher/local_sources_watcher.py", line 340, in get_module_paths
    potential_paths = extract_paths(module)
  File "/home/sachit/Documents/VSCProjects/optimiseGEO/venv/lib/python3.10/site-packages/streamlit/watcher/local_sources_watcher.py", line 327, in <lambda>
    if hasattr(m, "__path__")
  File "/home/sachit/Documents/VSCProjects/optimiseGEO/venv/lib/python3.10/site-packages/transformers/__init__.py", line 862, in _getattr
    return getattr(importlib.import_module(target, __name__), name)
  File "/usr/lib/python3.10/importlib/__init__.py", line 126, in import_module
    return _bootstrap._gcd_import(name[level:], package, level)
  File "<frozen importlib._bootstrap>", line 1050, in _gcd_import
  File "<frozen importlib._bootstrap>", line 1027, in _find_and_load
  File "<frozen importlib._bootstrap>", line 1006, in _find_and_load_unlocked
  File "<frozen importlib._bootstrap>", line 688, in _load_unlocked
  File "<frozen importlib._bootstrap_external>", line 883, in exec_module
  File "<frozen importlib._bootstrap>", line 241, in _call_with_frames_removed
  File "/home/sachit/Documents/VSCProjects/optimiseGEO/venv/lib/python3.10/site-packages/transformers/models/llama4/image_processing_llama4.py", line 21, in <module>
    from torchvision.transforms.v2 import functional as tvF
ModuleNotFoundError: No module named 'torchvision'
2026-07-29 20:21:20.495 Examining the path of transformers.models.llava.image_processing_llava_fast raised:
Traceback (most recent call last):
  File "/home/sachit/Documents/VSCProjects/optimiseGEO/venv/lib/python3.10/site-packages/streamlit/watcher/local_sources_watcher.py", line 340, in get_module_paths
    potential_paths = extract_paths(module)
  File "/home/sachit/Documents/VSCProjects/optimiseGEO/venv/lib/python3.10/site-packages/streamlit/watcher/local_sources_watcher.py", line 327, in <lambda>
    if hasattr(m, "__path__")
  File "/home/sachit/Documents/VSCProjects/optimiseGEO/venv/lib/python3.10/site-packages/transformers/__init__.py", line 862, in _getattr
    return getattr(importlib.import_module(target, __name__), name)
  File "/usr/lib/python3.10/importlib/__init__.py", line 126, in import_module
    return _bootstrap._gcd_import(name[level:], package, level)
  File "<frozen importlib._bootstrap>", line 1050, in _gcd_import
  File "<frozen importlib._bootstrap>", line 1027, in _find_and_load
  File "<frozen importlib._bootstrap>", line 1006, in _find_and_load_unlocked
  File "<frozen importlib._bootstrap>", line 688, in _load_unlocked
  File "<frozen importlib._bootstrap_external>", line 883, in exec_module
  File "<frozen importlib._bootstrap>", line 241, in _call_with_frames_removed
  File "/home/sachit/Documents/VSCProjects/optimiseGEO/venv/lib/python3.10/site-packages/transformers/models/llava/image_processing_llava.py", line 19, in <module>
    from torchvision.transforms.v2 import functional as tvF
ModuleNotFoundError: No module named 'torchvision'
2026-07-29 20:21:20.496 Examining the path of transformers.models.llava_next.image_processing_llava_next_fast raised:
Traceback (most recent call last):
  File "/home/sachit/Documents/VSCProjects/optimiseGEO/venv/lib/python3.10/site-packages/streamlit/watcher/local_sources_watcher.py", line 340, in get_module_paths
    potential_paths = extract_paths(module)
  File "/home/sachit/Documents/VSCProjects/optimiseGEO/venv/lib/python3.10/site-packages/streamlit/watcher/local_sources_watcher.py", line 327, in <lambda>
    if hasattr(m, "__path__")
  File "/home/sachit/Documents/VSCProjects/optimiseGEO/venv/lib/python3.10/site-packages/transformers/__init__.py", line 862, in _getattr
    return getattr(importlib.import_module(target, __name__), name)
  File "/usr/lib/python3.10/importlib/__init__.py", line 126, in import_module
    return _bootstrap._gcd_import(name[level:], package, level)
  File "<frozen importlib._bootstrap>", line 1050, in _gcd_import
  File "<frozen importlib._bootstrap>", line 1027, in _find_and_load
  File "<frozen importlib._bootstrap>", line 1006, in _find_and_load_unlocked
  File "<frozen importlib._bootstrap>", line 688, in _load_unlocked
  File "<frozen importlib._bootstrap_external>", line 883, in exec_module
  File "<frozen importlib._bootstrap>", line 241, in _call_with_frames_removed
  File "/home/sachit/Documents/VSCProjects/optimiseGEO/venv/lib/python3.10/site-packages/transformers/models/llava_next/image_processing_llava_next.py", line 19, in <module>
    from torchvision.transforms.v2 import functional as tvF
ModuleNotFoundError: No module named 'torchvision'
2026-07-29 20:21:20.497 Examining the path of transformers.models.llava_onevision.image_processing_llava_onevision_fast raised:
Traceback (most recent call last):
  File "/home/sachit/Documents/VSCProjects/optimiseGEO/venv/lib/python3.10/site-packages/streamlit/watcher/local_sources_watcher.py", line 340, in get_module_paths
    potential_paths = extract_paths(module)
  File "/home/sachit/Documents/VSCProjects/optimiseGEO/venv/lib/python3.10/site-packages/streamlit/watcher/local_sources_watcher.py", line 327, in <lambda>
    if hasattr(m, "__path__")
  File "/home/sachit/Documents/VSCProjects/optimiseGEO/venv/lib/python3.10/site-packages/transformers/__init__.py", line 862, in _getattr
    return getattr(importlib.import_module(target, __name__), name)
  File "/usr/lib/python3.10/importlib/__init__.py", line 126, in import_module
    return _bootstrap._gcd_import(name[level:], package, level)
  File "<frozen importlib._bootstrap>", line 1050, in _gcd_import
  File "<frozen importlib._bootstrap>", line 1027, in _find_and_load
  File "<frozen importlib._bootstrap>", line 1006, in _find_and_load_unlocked
  File "<frozen importlib._bootstrap>", line 688, in _load_unlocked
  File "<frozen importlib._bootstrap_external>", line 883, in exec_module
  File "<frozen importlib._bootstrap>", line 241, in _call_with_frames_removed
  File "/home/sachit/Documents/VSCProjects/optimiseGEO/venv/lib/python3.10/site-packages/transformers/models/llava_onevision/image_processing_llava_onevision.py", line 24, in <module>
    import torchvision.transforms.v2.functional as tvF
ModuleNotFoundError: No module named 'torchvision'
2026-07-29 20:21:20.497 Examining the path of transformers.models.mask2former.image_processing_mask2former_fast raised:
Traceback (most recent call last):
  File "/home/sachit/Documents/VSCProjects/optimiseGEO/venv/lib/python3.10/site-packages/streamlit/watcher/local_sources_watcher.py", line 340, in get_module_paths
    potential_paths = extract_paths(module)
  File "/home/sachit/Documents/VSCProjects/optimiseGEO/venv/lib/python3.10/site-packages/streamlit/watcher/local_sources_watcher.py", line 327, in <lambda>
    if hasattr(m, "__path__")
  File "/home/sachit/Documents/VSCProjects/optimiseGEO/venv/lib/python3.10/site-packages/transformers/__init__.py", line 862, in _getattr
    return getattr(importlib.import_module(target, __name__), name)
  File "/usr/lib/python3.10/importlib/__init__.py", line 126, in import_module
    return _bootstrap._gcd_import(name[level:], package, level)
  File "<frozen importlib._bootstrap>", line 1050, in _gcd_import
  File "<frozen importlib._bootstrap>", line 1027, in _find_and_load
  File "<frozen importlib._bootstrap>", line 1006, in _find_and_load_unlocked
  File "<frozen importlib._bootstrap>", line 688, in _load_unlocked
  File "<frozen importlib._bootstrap_external>", line 883, in exec_module
  File "<frozen importlib._bootstrap>", line 241, in _call_with_frames_removed
  File "/home/sachit/Documents/VSCProjects/optimiseGEO/venv/lib/python3.10/site-packages/transformers/models/mask2former/image_processing_mask2former.py", line 27, in <module>
    from torchvision.transforms.v2 import functional as tvF
ModuleNotFoundError: No module named 'torchvision'
2026-07-29 20:21:20.498 Examining the path of transformers.models.maskformer.image_processing_maskformer_fast raised:
Traceback (most recent call last):
  File "/home/sachit/Documents/VSCProjects/optimiseGEO/venv/lib/python3.10/site-packages/streamlit/watcher/local_sources_watcher.py", line 340, in get_module_paths
    potential_paths = extract_paths(module)
  File "/home/sachit/Documents/VSCProjects/optimiseGEO/venv/lib/python3.10/site-packages/streamlit/watcher/local_sources_watcher.py", line 327, in <lambda>
    if hasattr(m, "__path__")
  File "/home/sachit/Documents/VSCProjects/optimiseGEO/venv/lib/python3.10/site-packages/transformers/__init__.py", line 862, in _getattr
    return getattr(importlib.import_module(target, __name__), name)
  File "/usr/lib/python3.10/importlib/__init__.py", line 126, in import_module
    return _bootstrap._gcd_import(name[level:], package, level)
  File "<frozen importlib._bootstrap>", line 1050, in _gcd_import
  File "<frozen importlib._bootstrap>", line 1027, in _find_and_load
  File "<frozen importlib._bootstrap>", line 1006, in _find_and_load_unlocked
  File "<frozen importlib._bootstrap>", line 688, in _load_unlocked
  File "<frozen importlib._bootstrap_external>", line 883, in exec_module
  File "<frozen importlib._bootstrap>", line 241, in _call_with_frames_removed
  File "/home/sachit/Documents/VSCProjects/optimiseGEO/venv/lib/python3.10/site-packages/transformers/models/maskformer/image_processing_maskformer.py", line 22, in <module>
    from torchvision.transforms.v2 import functional as tvF
ModuleNotFoundError: No module named 'torchvision'
2026-07-29 20:21:20.498 Examining the path of transformers.models.minimax_m3_vl.image_processing_minimax_m3_vl_fast raised:
Traceback (most recent call last):
  File "/home/sachit/Documents/VSCProjects/optimiseGEO/venv/lib/python3.10/site-packages/streamlit/watcher/local_sources_watcher.py", line 340, in get_module_paths
    potential_paths = extract_paths(module)
  File "/home/sachit/Documents/VSCProjects/optimiseGEO/venv/lib/python3.10/site-packages/streamlit/watcher/local_sources_watcher.py", line 327, in <lambda>
    if hasattr(m, "__path__")
  File "/home/sachit/Documents/VSCProjects/optimiseGEO/venv/lib/python3.10/site-packages/transformers/__init__.py", line 862, in _getattr
    return getattr(importlib.import_module(target, __name__), name)
  File "/usr/lib/python3.10/importlib/__init__.py", line 126, in import_module
    return _bootstrap._gcd_import(name[level:], package, level)
  File "<frozen importlib._bootstrap>", line 1050, in _gcd_import
  File "<frozen importlib._bootstrap>", line 1027, in _find_and_load
  File "<frozen importlib._bootstrap>", line 1006, in _find_and_load_unlocked
  File "<frozen importlib._bootstrap>", line 688, in _load_unlocked
  File "<frozen importlib._bootstrap_external>", line 883, in exec_module
  File "<frozen importlib._bootstrap>", line 241, in _call_with_frames_removed
  File "/home/sachit/Documents/VSCProjects/optimiseGEO/venv/lib/python3.10/site-packages/transformers/models/minimax_m3_vl/image_processing_minimax_m3_vl.py", line 18, in <module>
    from torchvision.transforms.v2 import functional as tvF
ModuleNotFoundError: No module named 'torchvision'
2026-07-29 20:21:20.499 Examining the path of transformers.models.mllama.image_processing_mllama_fast raised:
Traceback (most recent call last):
  File "/home/sachit/Documents/VSCProjects/optimiseGEO/venv/lib/python3.10/site-packages/streamlit/watcher/local_sources_watcher.py", line 340, in get_module_paths
    potential_paths = extract_paths(module)
  File "/home/sachit/Documents/VSCProjects/optimiseGEO/venv/lib/python3.10/site-packages/streamlit/watcher/local_sources_watcher.py", line 327, in <lambda>
    if hasattr(m, "__path__")
  File "/home/sachit/Documents/VSCProjects/optimiseGEO/venv/lib/python3.10/site-packages/transformers/__init__.py", line 862, in _getattr
    return getattr(importlib.import_module(target, __name__), name)
  File "/usr/lib/python3.10/importlib/__init__.py", line 126, in import_module
    return _bootstrap._gcd_import(name[level:], package, level)
  File "<frozen importlib._bootstrap>", line 1050, in _gcd_import
  File "<frozen importlib._bootstrap>", line 1027, in _find_and_load
  File "<frozen importlib._bootstrap>", line 1006, in _find_and_load_unlocked
  File "<frozen importlib._bootstrap>", line 688, in _load_unlocked
  File "<frozen importlib._bootstrap_external>", line 883, in exec_module
  File "<frozen importlib._bootstrap>", line 241, in _call_with_frames_removed
  File "/home/sachit/Documents/VSCProjects/optimiseGEO/venv/lib/python3.10/site-packages/transformers/models/mllama/image_processing_mllama.py", line 40, in <module>
    from torchvision.transforms.v2 import functional as tvF
ModuleNotFoundError: No module named 'torchvision'
2026-07-29 20:21:20.500 Examining the path of transformers.models.mobilenet_v2.image_processing_mobilenet_v2_fast raised:
Traceback (most recent call last):
  File "/home/sachit/Documents/VSCProjects/optimiseGEO/venv/lib/python3.10/site-packages/streamlit/watcher/local_sources_watcher.py", line 340, in get_module_paths
    potential_paths = extract_paths(module)
  File "/home/sachit/Documents/VSCProjects/optimiseGEO/venv/lib/python3.10/site-packages/streamlit/watcher/local_sources_watcher.py", line 327, in <lambda>
    if hasattr(m, "__path__")
  File "/home/sachit/Documents/VSCProjects/optimiseGEO/venv/lib/python3.10/site-packages/transformers/__init__.py", line 862, in _getattr
    return getattr(importlib.import_module(target, __name__), name)
  File "/usr/lib/python3.10/importlib/__init__.py", line 126, in import_module
    return _bootstrap._gcd_import(name[level:], package, level)
  File "<frozen importlib._bootstrap>", line 1050, in _gcd_import
  File "<frozen importlib._bootstrap>", line 1027, in _find_and_load
  File "<frozen importlib._bootstrap>", line 1006, in _find_and_load_unlocked
  File "<frozen importlib._bootstrap>", line 688, in _load_unlocked
  File "<frozen importlib._bootstrap_external>", line 883, in exec_module
  File "<frozen importlib._bootstrap>", line 241, in _call_with_frames_removed
  File "/home/sachit/Documents/VSCProjects/optimiseGEO/venv/lib/python3.10/site-packages/transformers/models/mobilenet_v2/image_processing_mobilenet_v2.py", line 19, in <module>
    from torchvision.transforms.v2 import functional as tvF
ModuleNotFoundError: No module named 'torchvision'
2026-07-29 20:21:20.500 Examining the path of transformers.models.mobilevit.image_processing_mobilevit_fast raised:
Traceback (most recent call last):
  File "/home/sachit/Documents/VSCProjects/optimiseGEO/venv/lib/python3.10/site-packages/streamlit/watcher/local_sources_watcher.py", line 340, in get_module_paths
    potential_paths = extract_paths(module)
  File "/home/sachit/Documents/VSCProjects/optimiseGEO/venv/lib/python3.10/site-packages/streamlit/watcher/local_sources_watcher.py", line 327, in <lambda>
    if hasattr(m, "__path__")
  File "/home/sachit/Documents/VSCProjects/optimiseGEO/venv/lib/python3.10/site-packages/transformers/__init__.py", line 862, in _getattr
    return getattr(importlib.import_module(target, __name__), name)
  File "/usr/lib/python3.10/importlib/__init__.py", line 126, in import_module
    return _bootstrap._gcd_import(name[level:], package, level)
  File "<frozen importlib._bootstrap>", line 1050, in _gcd_import
  File "<frozen importlib._bootstrap>", line 1027, in _find_and_load
  File "<frozen importlib._bootstrap>", line 1006, in _find_and_load_unlocked
  File "<frozen importlib._bootstrap>", line 688, in _load_unlocked
  File "<frozen importlib._bootstrap_external>", line 883, in exec_module
  File "<frozen importlib._bootstrap>", line 241, in _call_with_frames_removed
  File "/home/sachit/Documents/VSCProjects/optimiseGEO/venv/lib/python3.10/site-packages/transformers/models/mobilevit/image_processing_mobilevit.py", line 19, in <module>
    from torchvision.transforms.v2 import functional as tvF
ModuleNotFoundError: No module named 'torchvision'
2026-07-29 20:21:20.501 Examining the path of transformers.models.nougat.image_processing_nougat_fast raised:
Traceback (most recent call last):
  File "/home/sachit/Documents/VSCProjects/optimiseGEO/venv/lib/python3.10/site-packages/streamlit/watcher/local_sources_watcher.py", line 340, in get_module_paths
    potential_paths = extract_paths(module)
  File "/home/sachit/Documents/VSCProjects/optimiseGEO/venv/lib/python3.10/site-packages/streamlit/watcher/local_sources_watcher.py", line 327, in <lambda>
    if hasattr(m, "__path__")
  File "/home/sachit/Documents/VSCProjects/optimiseGEO/venv/lib/python3.10/site-packages/transformers/__init__.py", line 862, in _getattr
    return getattr(importlib.import_module(target, __name__), name)
  File "/usr/lib/python3.10/importlib/__init__.py", line 126, in import_module
    return _bootstrap._gcd_import(name[level:], package, level)
  File "<frozen importlib._bootstrap>", line 1050, in _gcd_import
  File "<frozen importlib._bootstrap>", line 1027, in _find_and_load
  File "<frozen importlib._bootstrap>", line 1006, in _find_and_load_unlocked
  File "<frozen importlib._bootstrap>", line 688, in _load_unlocked
  File "<frozen importlib._bootstrap_external>", line 883, in exec_module
  File "<frozen importlib._bootstrap>", line 241, in _call_with_frames_removed
  File "/home/sachit/Documents/VSCProjects/optimiseGEO/venv/lib/python3.10/site-packages/transformers/models/nougat/image_processing_nougat.py", line 17, in <module>
    from torchvision.transforms.v2 import functional as tvF
ModuleNotFoundError: No module named 'torchvision'
2026-07-29 20:21:20.502 Examining the path of transformers.models.oneformer.image_processing_oneformer_fast raised:
Traceback (most recent call last):
  File "/home/sachit/Documents/VSCProjects/optimiseGEO/venv/lib/python3.10/site-packages/streamlit/watcher/local_sources_watcher.py", line 340, in get_module_paths
    potential_paths = extract_paths(module)
  File "/home/sachit/Documents/VSCProjects/optimiseGEO/venv/lib/python3.10/site-packages/streamlit/watcher/local_sources_watcher.py", line 327, in <lambda>
    if hasattr(m, "__path__")
  File "/home/sachit/Documents/VSCProjects/optimiseGEO/venv/lib/python3.10/site-packages/transformers/__init__.py", line 862, in _getattr
    return getattr(importlib.import_module(target, __name__), name)
  File "/usr/lib/python3.10/importlib/__init__.py", line 126, in import_module
    return _bootstrap._gcd_import(name[level:], package, level)
  File "<frozen importlib._bootstrap>", line 1050, in _gcd_import
  File "<frozen importlib._bootstrap>", line 1027, in _find_and_load
  File "<frozen importlib._bootstrap>", line 1006, in _find_and_load_unlocked
  File "<frozen importlib._bootstrap>", line 688, in _load_unlocked
  File "<frozen importlib._bootstrap_external>", line 883, in exec_module
  File "<frozen importlib._bootstrap>", line 241, in _call_with_frames_removed
  File "/home/sachit/Documents/VSCProjects/optimiseGEO/venv/lib/python3.10/site-packages/transformers/models/oneformer/image_processing_oneformer.py", line 23, in <module>
    from torchvision.transforms.v2 import functional as tvF
ModuleNotFoundError: No module named 'torchvision'
2026-07-29 20:21:20.503 Examining the path of transformers.models.ovis2.image_processing_ovis2_fast raised:
Traceback (most recent call last):
  File "/home/sachit/Documents/VSCProjects/optimiseGEO/venv/lib/python3.10/site-packages/streamlit/watcher/local_sources_watcher.py", line 340, in get_module_paths
    potential_paths = extract_paths(module)
  File "/home/sachit/Documents/VSCProjects/optimiseGEO/venv/lib/python3.10/site-packages/streamlit/watcher/local_sources_watcher.py", line 327, in <lambda>
    if hasattr(m, "__path__")
  File "/home/sachit/Documents/VSCProjects/optimiseGEO/venv/lib/python3.10/site-packages/transformers/__init__.py", line 862, in _getattr
    return getattr(importlib.import_module(target, __name__), name)
  File "/usr/lib/python3.10/importlib/__init__.py", line 126, in import_module
    return _bootstrap._gcd_import(name[level:], package, level)
  File "<frozen importlib._bootstrap>", line 1050, in _gcd_import
  File "<frozen importlib._bootstrap>", line 1027, in _find_and_load
  File "<frozen importlib._bootstrap>", line 1006, in _find_and_load_unlocked
  File "<frozen importlib._bootstrap>", line 688, in _load_unlocked
  File "<frozen importlib._bootstrap_external>", line 883, in exec_module
  File "<frozen importlib._bootstrap>", line 241, in _call_with_frames_removed
  File "/home/sachit/Documents/VSCProjects/optimiseGEO/venv/lib/python3.10/site-packages/transformers/models/ovis2/image_processing_ovis2.py", line 19, in <module>
    from torchvision.transforms.v2 import functional as tvF
ModuleNotFoundError: No module named 'torchvision'
2026-07-29 20:21:20.504 Examining the path of transformers.models.owlv2.image_processing_owlv2_fast raised:
Traceback (most recent call last):
  File "/home/sachit/Documents/VSCProjects/optimiseGEO/venv/lib/python3.10/site-packages/streamlit/watcher/local_sources_watcher.py", line 340, in get_module_paths
    potential_paths = extract_paths(module)
  File "/home/sachit/Documents/VSCProjects/optimiseGEO/venv/lib/python3.10/site-packages/streamlit/watcher/local_sources_watcher.py", line 327, in <lambda>
    if hasattr(m, "__path__")
  File "/home/sachit/Documents/VSCProjects/optimiseGEO/venv/lib/python3.10/site-packages/transformers/__init__.py", line 862, in _getattr
    return getattr(importlib.import_module(target, __name__), name)
  File "/usr/lib/python3.10/importlib/__init__.py", line 126, in import_module
    return _bootstrap._gcd_import(name[level:], package, level)
  File "<frozen importlib._bootstrap>", line 1050, in _gcd_import
  File "<frozen importlib._bootstrap>", line 1027, in _find_and_load
  File "<frozen importlib._bootstrap>", line 1006, in _find_and_load_unlocked
  File "<frozen importlib._bootstrap>", line 688, in _load_unlocked
  File "<frozen importlib._bootstrap_external>", line 883, in exec_module
  File "<frozen importlib._bootstrap>", line 241, in _call_with_frames_removed
  File "/home/sachit/Documents/VSCProjects/optimiseGEO/venv/lib/python3.10/site-packages/transformers/models/owlv2/image_processing_owlv2.py", line 25, in <module>
    import torchvision.transforms.v2.functional as tvF
ModuleNotFoundError: No module named 'torchvision'
2026-07-29 20:21:20.504 Examining the path of transformers.models.perceiver.image_processing_perceiver_fast raised:
Traceback (most recent call last):
  File "/home/sachit/Documents/VSCProjects/optimiseGEO/venv/lib/python3.10/site-packages/streamlit/watcher/local_sources_watcher.py", line 340, in get_module_paths
    potential_paths = extract_paths(module)
  File "/home/sachit/Documents/VSCProjects/optimiseGEO/venv/lib/python3.10/site-packages/streamlit/watcher/local_sources_watcher.py", line 327, in <lambda>
    if hasattr(m, "__path__")
  File "/home/sachit/Documents/VSCProjects/optimiseGEO/venv/lib/python3.10/site-packages/transformers/__init__.py", line 862, in _getattr
    return getattr(importlib.import_module(target, __name__), name)
  File "/usr/lib/python3.10/importlib/__init__.py", line 126, in import_module
    return _bootstrap._gcd_import(name[level:], package, level)
  File "<frozen importlib._bootstrap>", line 1050, in _gcd_import
  File "<frozen importlib._bootstrap>", line 1027, in _find_and_load
  File "<frozen importlib._bootstrap>", line 1006, in _find_and_load_unlocked
  File "<frozen importlib._bootstrap>", line 688, in _load_unlocked
  File "<frozen importlib._bootstrap_external>", line 883, in exec_module
  File "<frozen importlib._bootstrap>", line 241, in _call_with_frames_removed
  File "/home/sachit/Documents/VSCProjects/optimiseGEO/venv/lib/python3.10/site-packages/transformers/models/perceiver/image_processing_perceiver.py", line 17, in <module>
    from torchvision.transforms.v2 import functional as tvF
ModuleNotFoundError: No module named 'torchvision'
2026-07-29 20:21:20.505 Examining the path of transformers.models.perception_lm.image_processing_perception_lm_fast raised:
Traceback (most recent call last):
  File "/home/sachit/Documents/VSCProjects/optimiseGEO/venv/lib/python3.10/site-packages/streamlit/watcher/local_sources_watcher.py", line 340, in get_module_paths
    potential_paths = extract_paths(module)
  File "/home/sachit/Documents/VSCProjects/optimiseGEO/venv/lib/python3.10/site-packages/streamlit/watcher/local_sources_watcher.py", line 327, in <lambda>
    if hasattr(m, "__path__")
  File "/home/sachit/Documents/VSCProjects/optimiseGEO/venv/lib/python3.10/site-packages/transformers/__init__.py", line 862, in _getattr
    return getattr(importlib.import_module(target, __name__), name)
  File "/usr/lib/python3.10/importlib/__init__.py", line 126, in import_module
    return _bootstrap._gcd_import(name[level:], package, level)
  File "<frozen importlib._bootstrap>", line 1050, in _gcd_import
  File "<frozen importlib._bootstrap>", line 1027, in _find_and_load
  File "<frozen importlib._bootstrap>", line 1006, in _find_and_load_unlocked
  File "<frozen importlib._bootstrap>", line 688, in _load_unlocked
  File "<frozen importlib._bootstrap_external>", line 883, in exec_module
  File "<frozen importlib._bootstrap>", line 241, in _call_with_frames_removed
  File "/home/sachit/Documents/VSCProjects/optimiseGEO/venv/lib/python3.10/site-packages/transformers/models/perception_lm/image_processing_perception_lm.py", line 19, in <module>
    from torchvision.transforms.v2 import functional as tvF
ModuleNotFoundError: No module named 'torchvision'
2026-07-29 20:21:20.506 Examining the path of transformers.models.phi4_multimodal.image_processing_phi4_multimodal_fast raised:
Traceback (most recent call last):
  File "/home/sachit/Documents/VSCProjects/optimiseGEO/venv/lib/python3.10/site-packages/streamlit/watcher/local_sources_watcher.py", line 340, in get_module_paths
    potential_paths = extract_paths(module)
  File "/home/sachit/Documents/VSCProjects/optimiseGEO/venv/lib/python3.10/site-packages/streamlit/watcher/local_sources_watcher.py", line 327, in <lambda>
    if hasattr(m, "__path__")
  File "/home/sachit/Documents/VSCProjects/optimiseGEO/venv/lib/python3.10/site-packages/transformers/__init__.py", line 862, in _getattr
    return getattr(importlib.import_module(target, __name__), name)
  File "/usr/lib/python3.10/importlib/__init__.py", line 126, in import_module
    return _bootstrap._gcd_import(name[level:], package, level)
  File "<frozen importlib._bootstrap>", line 1050, in _gcd_import
  File "<frozen importlib._bootstrap>", line 1027, in _find_and_load
  File "<frozen importlib._bootstrap>", line 1006, in _find_and_load_unlocked
  File "<frozen importlib._bootstrap>", line 688, in _load_unlocked
  File "<frozen importlib._bootstrap_external>", line 883, in exec_module
  File "<frozen importlib._bootstrap>", line 241, in _call_with_frames_removed
  File "/home/sachit/Documents/VSCProjects/optimiseGEO/venv/lib/python3.10/site-packages/transformers/models/phi4_multimodal/image_processing_phi4_multimodal.py", line 19, in <module>
    from torchvision.transforms.v2 import functional as tvF
ModuleNotFoundError: No module named 'torchvision'
2026-07-29 20:21:20.506 Examining the path of transformers.models.pix2struct.image_processing_pix2struct_fast raised:
Traceback (most recent call last):
  File "/home/sachit/Documents/VSCProjects/optimiseGEO/venv/lib/python3.10/site-packages/streamlit/watcher/local_sources_watcher.py", line 340, in get_module_paths
    potential_paths = extract_paths(module)
  File "/home/sachit/Documents/VSCProjects/optimiseGEO/venv/lib/python3.10/site-packages/streamlit/watcher/local_sources_watcher.py", line 327, in <lambda>
    if hasattr(m, "__path__")
  File "/home/sachit/Documents/VSCProjects/optimiseGEO/venv/lib/python3.10/site-packages/transformers/__init__.py", line 862, in _getattr
    return getattr(importlib.import_module(target, __name__), name)
  File "/usr/lib/python3.10/importlib/__init__.py", line 126, in import_module
    return _bootstrap._gcd_import(name[level:], package, level)
  File "<frozen importlib._bootstrap>", line 1050, in _gcd_import
  File "<frozen importlib._bootstrap>", line 1027, in _find_and_load
  File "<frozen importlib._bootstrap>", line 1006, in _find_and_load_unlocked
  File "<frozen importlib._bootstrap>", line 688, in _load_unlocked
  File "<frozen importlib._bootstrap_external>", line 883, in exec_module
  File "<frozen importlib._bootstrap>", line 241, in _call_with_frames_removed
  File "/home/sachit/Documents/VSCProjects/optimiseGEO/venv/lib/python3.10/site-packages/transformers/models/pix2struct/image_processing_pix2struct.py", line 21, in <module>
    import torchvision.transforms.v2.functional as tvF
ModuleNotFoundError: No module named 'torchvision'
2026-07-29 20:21:20.507 Examining the path of transformers.models.pixtral.image_processing_pixtral_fast raised:
Traceback (most recent call last):
  File "/home/sachit/Documents/VSCProjects/optimiseGEO/venv/lib/python3.10/site-packages/streamlit/watcher/local_sources_watcher.py", line 340, in get_module_paths
    potential_paths = extract_paths(module)
  File "/home/sachit/Documents/VSCProjects/optimiseGEO/venv/lib/python3.10/site-packages/streamlit/watcher/local_sources_watcher.py", line 327, in <lambda>
    if hasattr(m, "__path__")
  File "/home/sachit/Documents/VSCProjects/optimiseGEO/venv/lib/python3.10/site-packages/transformers/__init__.py", line 862, in _getattr
    return getattr(importlib.import_module(target, __name__), name)
  File "/usr/lib/python3.10/importlib/__init__.py", line 126, in import_module
    return _bootstrap._gcd_import(name[level:], package, level)
  File "<frozen importlib._bootstrap>", line 1050, in _gcd_import
  File "<frozen importlib._bootstrap>", line 1027, in _find_and_load
  File "<frozen importlib._bootstrap>", line 1006, in _find_and_load_unlocked
  File "<frozen importlib._bootstrap>", line 688, in _load_unlocked
  File "<frozen importlib._bootstrap_external>", line 883, in exec_module
  File "<frozen importlib._bootstrap>", line 241, in _call_with_frames_removed
  File "/home/sachit/Documents/VSCProjects/optimiseGEO/venv/lib/python3.10/site-packages/transformers/models/pixtral/image_processing_pixtral.py", line 19, in <module>
    from torchvision.transforms.v2 import functional as tvF
ModuleNotFoundError: No module named 'torchvision'
2026-07-29 20:21:20.507 Examining the path of transformers.models.poolformer.image_processing_poolformer_fast raised:
Traceback (most recent call last):
  File "/home/sachit/Documents/VSCProjects/optimiseGEO/venv/lib/python3.10/site-packages/streamlit/watcher/local_sources_watcher.py", line 340, in get_module_paths
    potential_paths = extract_paths(module)
  File "/home/sachit/Documents/VSCProjects/optimiseGEO/venv/lib/python3.10/site-packages/streamlit/watcher/local_sources_watcher.py", line 327, in <lambda>
    if hasattr(m, "__path__")
  File "/home/sachit/Documents/VSCProjects/optimiseGEO/venv/lib/python3.10/site-packages/transformers/__init__.py", line 862, in _getattr
    return getattr(importlib.import_module(target, __name__), name)
  File "/usr/lib/python3.10/importlib/__init__.py", line 126, in import_module
    return _bootstrap._gcd_import(name[level:], package, level)
  File "<frozen importlib._bootstrap>", line 1050, in _gcd_import
  File "<frozen importlib._bootstrap>", line 1027, in _find_and_load
  File "<frozen importlib._bootstrap>", line 1006, in _find_and_load_unlocked
  File "<frozen importlib._bootstrap>", line 688, in _load_unlocked
  File "<frozen importlib._bootstrap_external>", line 883, in exec_module
  File "<frozen importlib._bootstrap>", line 241, in _call_with_frames_removed
  File "/home/sachit/Documents/VSCProjects/optimiseGEO/venv/lib/python3.10/site-packages/transformers/models/poolformer/image_processing_poolformer.py", line 17, in <module>
    from torchvision.transforms.v2 import functional as tvF
ModuleNotFoundError: No module named 'torchvision'
2026-07-29 20:21:20.508 Examining the path of transformers.models.pp_doclayout_v2.image_processing_pp_doclayout_v2_fast raised:
Traceback (most recent call last):
  File "/home/sachit/Documents/VSCProjects/optimiseGEO/venv/lib/python3.10/site-packages/streamlit/watcher/local_sources_watcher.py", line 340, in get_module_paths
    potential_paths = extract_paths(module)
  File "/home/sachit/Documents/VSCProjects/optimiseGEO/venv/lib/python3.10/site-packages/streamlit/watcher/local_sources_watcher.py", line 327, in <lambda>
    if hasattr(m, "__path__")
  File "/home/sachit/Documents/VSCProjects/optimiseGEO/venv/lib/python3.10/site-packages/transformers/__init__.py", line 862, in _getattr
    return getattr(importlib.import_module(target, __name__), name)
  File "/usr/lib/python3.10/importlib/__init__.py", line 126, in import_module
    return _bootstrap._gcd_import(name[level:], package, level)
  File "<frozen importlib._bootstrap>", line 1050, in _gcd_import
  File "<frozen importlib._bootstrap>", line 1027, in _find_and_load
  File "<frozen importlib._bootstrap>", line 1006, in _find_and_load_unlocked
  File "<frozen importlib._bootstrap>", line 688, in _load_unlocked
  File "<frozen importlib._bootstrap_external>", line 883, in exec_module
  File "<frozen importlib._bootstrap>", line 241, in _call_with_frames_removed
  File "/home/sachit/Documents/VSCProjects/optimiseGEO/venv/lib/python3.10/site-packages/transformers/models/pp_doclayout_v2/image_processing_pp_doclayout_v2.py", line 23, in <module>
    from torchvision.transforms.v2 import functional as tvF
ModuleNotFoundError: No module named 'torchvision'
2026-07-29 20:21:20.509 Examining the path of transformers.models.pp_doclayout_v3.image_processing_pp_doclayout_v3_fast raised:
Traceback (most recent call last):
  File "/home/sachit/Documents/VSCProjects/optimiseGEO/venv/lib/python3.10/site-packages/streamlit/watcher/local_sources_watcher.py", line 340, in get_module_paths
    potential_paths = extract_paths(module)
  File "/home/sachit/Documents/VSCProjects/optimiseGEO/venv/lib/python3.10/site-packages/streamlit/watcher/local_sources_watcher.py", line 327, in <lambda>
    if hasattr(m, "__path__")
  File "/home/sachit/Documents/VSCProjects/optimiseGEO/venv/lib/python3.10/site-packages/transformers/__init__.py", line 862, in _getattr
    return getattr(importlib.import_module(target, __name__), name)
  File "/usr/lib/python3.10/importlib/__init__.py", line 126, in import_module
    return _bootstrap._gcd_import(name[level:], package, level)
  File "<frozen importlib._bootstrap>", line 1050, in _gcd_import
  File "<frozen importlib._bootstrap>", line 1027, in _find_and_load
  File "<frozen importlib._bootstrap>", line 1006, in _find_and_load_unlocked
  File "<frozen importlib._bootstrap>", line 688, in _load_unlocked
  File "<frozen importlib._bootstrap_external>", line 883, in exec_module
  File "<frozen importlib._bootstrap>", line 241, in _call_with_frames_removed
  File "/home/sachit/Documents/VSCProjects/optimiseGEO/venv/lib/python3.10/site-packages/transformers/models/pp_doclayout_v3/image_processing_pp_doclayout_v3.py", line 24, in <module>
    from torchvision.transforms.v2 import functional as tvF
ModuleNotFoundError: No module named 'torchvision'
2026-07-29 20:21:20.509 Examining the path of transformers.models.pp_formulanet.image_processing_pp_formulanet_fast raised:
Traceback (most recent call last):
  File "/home/sachit/Documents/VSCProjects/optimiseGEO/venv/lib/python3.10/site-packages/streamlit/watcher/local_sources_watcher.py", line 340, in get_module_paths
    potential_paths = extract_paths(module)
  File "/home/sachit/Documents/VSCProjects/optimiseGEO/venv/lib/python3.10/site-packages/streamlit/watcher/local_sources_watcher.py", line 327, in <lambda>
    if hasattr(m, "__path__")
  File "/home/sachit/Documents/VSCProjects/optimiseGEO/venv/lib/python3.10/site-packages/transformers/__init__.py", line 862, in _getattr
    return getattr(importlib.import_module(target, __name__), name)
  File "/usr/lib/python3.10/importlib/__init__.py", line 126, in import_module
    return _bootstrap._gcd_import(name[level:], package, level)
  File "<frozen importlib._bootstrap>", line 1050, in _gcd_import
  File "<frozen importlib._bootstrap>", line 1027, in _find_and_load
  File "<frozen importlib._bootstrap>", line 1006, in _find_and_load_unlocked
  File "<frozen importlib._bootstrap>", line 688, in _load_unlocked
  File "<frozen importlib._bootstrap_external>", line 883, in exec_module
  File "<frozen importlib._bootstrap>", line 241, in _call_with_frames_removed
  File "/home/sachit/Documents/VSCProjects/optimiseGEO/venv/lib/python3.10/site-packages/transformers/models/pp_formulanet/image_processing_pp_formulanet.py", line 23, in <module>
    from torchvision.transforms.v2 import functional as tvF
ModuleNotFoundError: No module named 'torchvision'
2026-07-29 20:21:20.510 Examining the path of transformers.models.pp_lcnet.image_processing_pp_lcnet_fast raised:
Traceback (most recent call last):
  File "/home/sachit/Documents/VSCProjects/optimiseGEO/venv/lib/python3.10/site-packages/streamlit/watcher/local_sources_watcher.py", line 340, in get_module_paths
    potential_paths = extract_paths(module)
  File "/home/sachit/Documents/VSCProjects/optimiseGEO/venv/lib/python3.10/site-packages/streamlit/watcher/local_sources_watcher.py", line 327, in <lambda>
    if hasattr(m, "__path__")
  File "/home/sachit/Documents/VSCProjects/optimiseGEO/venv/lib/python3.10/site-packages/transformers/__init__.py", line 862, in _getattr
    return getattr(importlib.import_module(target, __name__), name)
  File "/usr/lib/python3.10/importlib/__init__.py", line 126, in import_module
    return _bootstrap._gcd_import(name[level:], package, level)
  File "<frozen importlib._bootstrap>", line 1050, in _gcd_import
  File "<frozen importlib._bootstrap>", line 1027, in _find_and_load
  File "<frozen importlib._bootstrap>", line 1006, in _find_and_load_unlocked
  File "<frozen importlib._bootstrap>", line 688, in _load_unlocked
  File "<frozen importlib._bootstrap_external>", line 883, in exec_module
  File "<frozen importlib._bootstrap>", line 241, in _call_with_frames_removed
  File "/home/sachit/Documents/VSCProjects/optimiseGEO/venv/lib/python3.10/site-packages/transformers/models/pp_lcnet/image_processing_pp_lcnet.py", line 24, in <module>
    import torchvision.transforms.v2.functional as tvF
ModuleNotFoundError: No module named 'torchvision'
2026-07-29 20:21:20.511 Examining the path of transformers.models.pp_ocrv5_server_det.image_processing_pp_ocrv5_server_det_fast raised:
Traceback (most recent call last):
  File "/home/sachit/Documents/VSCProjects/optimiseGEO/venv/lib/python3.10/site-packages/streamlit/watcher/local_sources_watcher.py", line 340, in get_module_paths
    potential_paths = extract_paths(module)
  File "/home/sachit/Documents/VSCProjects/optimiseGEO/venv/lib/python3.10/site-packages/streamlit/watcher/local_sources_watcher.py", line 327, in <lambda>
    if hasattr(m, "__path__")
  File "/home/sachit/Documents/VSCProjects/optimiseGEO/venv/lib/python3.10/site-packages/transformers/__init__.py", line 862, in _getattr
    return getattr(importlib.import_module(target, __name__), name)
  File "/usr/lib/python3.10/importlib/__init__.py", line 126, in import_module
    return _bootstrap._gcd_import(name[level:], package, level)
  File "<frozen importlib._bootstrap>", line 1050, in _gcd_import
  File "<frozen importlib._bootstrap>", line 1027, in _find_and_load
  File "<frozen importlib._bootstrap>", line 1006, in _find_and_load_unlocked
  File "<frozen importlib._bootstrap>", line 688, in _load_unlocked
  File "<frozen importlib._bootstrap_external>", line 883, in exec_module
  File "<frozen importlib._bootstrap>", line 241, in _call_with_frames_removed
  File "/home/sachit/Documents/VSCProjects/optimiseGEO/venv/lib/python3.10/site-packages/transformers/models/pp_ocrv5_server_det/image_processing_pp_ocrv5_server_det.py", line 25, in <module>
    import torchvision.transforms.v2.functional as tvF
ModuleNotFoundError: No module named 'torchvision'
2026-07-29 20:21:20.512 Examining the path of transformers.models.pp_ocrv5_server_rec.image_processing_pp_ocrv5_server_rec_fast raised:
Traceback (most recent call last):
  File "/home/sachit/Documents/VSCProjects/optimiseGEO/venv/lib/python3.10/site-packages/streamlit/watcher/local_sources_watcher.py", line 340, in get_module_paths
    potential_paths = extract_paths(module)
  File "/home/sachit/Documents/VSCProjects/optimiseGEO/venv/lib/python3.10/site-packages/streamlit/watcher/local_sources_watcher.py", line 327, in <lambda>
    if hasattr(m, "__path__")
  File "/home/sachit/Documents/VSCProjects/optimiseGEO/venv/lib/python3.10/site-packages/transformers/__init__.py", line 862, in _getattr
    return getattr(importlib.import_module(target, __name__), name)
  File "/usr/lib/python3.10/importlib/__init__.py", line 126, in import_module
    return _bootstrap._gcd_import(name[level:], package, level)
  File "<frozen importlib._bootstrap>", line 1050, in _gcd_import
  File "<frozen importlib._bootstrap>", line 1027, in _find_and_load
  File "<frozen importlib._bootstrap>", line 1006, in _find_and_load_unlocked
  File "<frozen importlib._bootstrap>", line 688, in _load_unlocked
  File "<frozen importlib._bootstrap_external>", line 883, in exec_module
  File "<frozen importlib._bootstrap>", line 241, in _call_with_frames_removed
  File "/home/sachit/Documents/VSCProjects/optimiseGEO/venv/lib/python3.10/site-packages/transformers/models/pp_ocrv5_server_rec/image_processing_pp_ocrv5_server_rec.py", line 24, in <module>
    import torchvision.transforms.v2.functional as tvF
ModuleNotFoundError: No module named 'torchvision'
2026-07-29 20:21:20.513 Examining the path of transformers.models.pp_ocrv6_small_rec.image_processing_pp_ocrv6_small_rec_fast raised:
Traceback (most recent call last):
  File "/home/sachit/Documents/VSCProjects/optimiseGEO/venv/lib/python3.10/site-packages/streamlit/watcher/local_sources_watcher.py", line 340, in get_module_paths
    potential_paths = extract_paths(module)
  File "/home/sachit/Documents/VSCProjects/optimiseGEO/venv/lib/python3.10/site-packages/streamlit/watcher/local_sources_watcher.py", line 327, in <lambda>
    if hasattr(m, "__path__")
  File "/home/sachit/Documents/VSCProjects/optimiseGEO/venv/lib/python3.10/site-packages/transformers/__init__.py", line 862, in _getattr
    return getattr(importlib.import_module(target, __name__), name)
  File "/usr/lib/python3.10/importlib/__init__.py", line 126, in import_module
    return _bootstrap._gcd_import(name[level:], package, level)
  File "<frozen importlib._bootstrap>", line 1050, in _gcd_import
  File "<frozen importlib._bootstrap>", line 1027, in _find_and_load
  File "<frozen importlib._bootstrap>", line 1006, in _find_and_load_unlocked
  File "<frozen importlib._bootstrap>", line 688, in _load_unlocked
  File "<frozen importlib._bootstrap_external>", line 883, in exec_module
  File "<frozen importlib._bootstrap>", line 241, in _call_with_frames_removed
  File "/home/sachit/Documents/VSCProjects/optimiseGEO/venv/lib/python3.10/site-packages/transformers/models/pp_ocrv6_small_rec/image_processing_pp_ocrv6_small_rec.py", line 24, in <module>
    import torchvision.transforms.v2.functional as tvF
ModuleNotFoundError: No module named 'torchvision'
2026-07-29 20:21:20.513 Examining the path of transformers.models.prompt_depth_anything.image_processing_prompt_depth_anything_fast raised:
Traceback (most recent call last):
  File "/home/sachit/Documents/VSCProjects/optimiseGEO/venv/lib/python3.10/site-packages/streamlit/watcher/local_sources_watcher.py", line 340, in get_module_paths
    potential_paths = extract_paths(module)
  File "/home/sachit/Documents/VSCProjects/optimiseGEO/venv/lib/python3.10/site-packages/streamlit/watcher/local_sources_watcher.py", line 327, in <lambda>
    if hasattr(m, "__path__")
  File "/home/sachit/Documents/VSCProjects/optimiseGEO/venv/lib/python3.10/site-packages/transformers/__init__.py", line 862, in _getattr
    return getattr(importlib.import_module(target, __name__), name)
  File "/usr/lib/python3.10/importlib/__init__.py", line 126, in import_module
    return _bootstrap._gcd_import(name[level:], package, level)
  File "<frozen importlib._bootstrap>", line 1050, in _gcd_import
  File "<frozen importlib._bootstrap>", line 1027, in _find_and_load
  File "<frozen importlib._bootstrap>", line 1006, in _find_and_load_unlocked
  File "<frozen importlib._bootstrap>", line 688, in _load_unlocked
  File "<frozen importlib._bootstrap_external>", line 883, in exec_module
  File "<frozen importlib._bootstrap>", line 241, in _call_with_frames_removed
  File "/home/sachit/Documents/VSCProjects/optimiseGEO/venv/lib/python3.10/site-packages/transformers/models/prompt_depth_anything/image_processing_prompt_depth_anything.py", line 42, in <module>
    from torchvision.transforms.v2 import functional as tvF
ModuleNotFoundError: No module named 'torchvision'
2026-07-29 20:21:20.514 Examining the path of transformers.models.qwen2_vl.image_processing_qwen2_vl_fast raised:
Traceback (most recent call last):
  File "/home/sachit/Documents/VSCProjects/optimiseGEO/venv/lib/python3.10/site-packages/streamlit/watcher/local_sources_watcher.py", line 340, in get_module_paths
    potential_paths = extract_paths(module)
  File "/home/sachit/Documents/VSCProjects/optimiseGEO/venv/lib/python3.10/site-packages/streamlit/watcher/local_sources_watcher.py", line 327, in <lambda>
    if hasattr(m, "__path__")
  File "/home/sachit/Documents/VSCProjects/optimiseGEO/venv/lib/python3.10/site-packages/transformers/__init__.py", line 862, in _getattr
    return getattr(importlib.import_module(target, __name__), name)
  File "/usr/lib/python3.10/importlib/__init__.py", line 126, in import_module
    return _bootstrap._gcd_import(name[level:], package, level)
  File "<frozen importlib._bootstrap>", line 1050, in _gcd_import
  File "<frozen importlib._bootstrap>", line 1027, in _find_and_load
  File "<frozen importlib._bootstrap>", line 1006, in _find_and_load_unlocked
  File "<frozen importlib._bootstrap>", line 688, in _load_unlocked
  File "<frozen importlib._bootstrap_external>", line 883, in exec_module
  File "<frozen importlib._bootstrap>", line 241, in _call_with_frames_removed
  File "/home/sachit/Documents/VSCProjects/optimiseGEO/venv/lib/python3.10/site-packages/transformers/models/qwen2_vl/image_processing_qwen2_vl.py", line 25, in <module>
    from torchvision.transforms.v2 import functional as tvF
ModuleNotFoundError: No module named 'torchvision'
2026-07-29 20:21:20.515 Examining the path of transformers.models.rf_detr.image_processing_rf_detr_fast raised:
Traceback (most recent call last):
  File "/home/sachit/Documents/VSCProjects/optimiseGEO/venv/lib/python3.10/site-packages/streamlit/watcher/local_sources_watcher.py", line 340, in get_module_paths
    potential_paths = extract_paths(module)
  File "/home/sachit/Documents/VSCProjects/optimiseGEO/venv/lib/python3.10/site-packages/streamlit/watcher/local_sources_watcher.py", line 327, in <lambda>
    if hasattr(m, "__path__")
  File "/home/sachit/Documents/VSCProjects/optimiseGEO/venv/lib/python3.10/site-packages/transformers/__init__.py", line 862, in _getattr
    return getattr(importlib.import_module(target, __name__), name)
  File "/usr/lib/python3.10/importlib/__init__.py", line 126, in import_module
    return _bootstrap._gcd_import(name[level:], package, level)
  File "<frozen importlib._bootstrap>", line 1050, in _gcd_import
  File "<frozen importlib._bootstrap>", line 1027, in _find_and_load
  File "<frozen importlib._bootstrap>", line 1006, in _find_and_load_unlocked
  File "<frozen importlib._bootstrap>", line 688, in _load_unlocked
  File "<frozen importlib._bootstrap_external>", line 883, in exec_module
  File "<frozen importlib._bootstrap>", line 241, in _call_with_frames_removed
  File "/home/sachit/Documents/VSCProjects/optimiseGEO/venv/lib/python3.10/site-packages/transformers/models/rf_detr/image_processing_rf_detr.py", line 26, in <module>
    from torchvision.transforms.v2 import functional as tvF
ModuleNotFoundError: No module named 'torchvision'
2026-07-29 20:21:20.516 Examining the path of transformers.models.rt_detr.image_processing_rt_detr_fast raised:
Traceback (most recent call last):
  File "/home/sachit/Documents/VSCProjects/optimiseGEO/venv/lib/python3.10/site-packages/streamlit/watcher/local_sources_watcher.py", line 340, in get_module_paths
    potential_paths = extract_paths(module)
  File "/home/sachit/Documents/VSCProjects/optimiseGEO/venv/lib/python3.10/site-packages/streamlit/watcher/local_sources_watcher.py", line 327, in <lambda>
    if hasattr(m, "__path__")
  File "/home/sachit/Documents/VSCProjects/optimiseGEO/venv/lib/python3.10/site-packages/transformers/__init__.py", line 862, in _getattr
    return getattr(importlib.import_module(target, __name__), name)
  File "/usr/lib/python3.10/importlib/__init__.py", line 126, in import_module
    return _bootstrap._gcd_import(name[level:], package, level)
  File "<frozen importlib._bootstrap>", line 1050, in _gcd_import
  File "<frozen importlib._bootstrap>", line 1027, in _find_and_load
  File "<frozen importlib._bootstrap>", line 1006, in _find_and_load_unlocked
  File "<frozen importlib._bootstrap>", line 688, in _load_unlocked
  File "<frozen importlib._bootstrap_external>", line 883, in exec_module
  File "<frozen importlib._bootstrap>", line 241, in _call_with_frames_removed
  File "/home/sachit/Documents/VSCProjects/optimiseGEO/venv/lib/python3.10/site-packages/transformers/models/rt_detr/image_processing_rt_detr.py", line 24, in <module>
    from torchvision.transforms.v2 import functional as tvF
ModuleNotFoundError: No module named 'torchvision'
2026-07-29 20:21:20.517 Examining the path of transformers.models.sam.image_processing_sam_fast raised:
Traceback (most recent call last):
  File "/home/sachit/Documents/VSCProjects/optimiseGEO/venv/lib/python3.10/site-packages/streamlit/watcher/local_sources_watcher.py", line 340, in get_module_paths
    potential_paths = extract_paths(module)
  File "/home/sachit/Documents/VSCProjects/optimiseGEO/venv/lib/python3.10/site-packages/streamlit/watcher/local_sources_watcher.py", line 327, in <lambda>
    if hasattr(m, "__path__")
  File "/home/sachit/Documents/VSCProjects/optimiseGEO/venv/lib/python3.10/site-packages/transformers/__init__.py", line 862, in _getattr
    return getattr(importlib.import_module(target, __name__), name)
  File "/usr/lib/python3.10/importlib/__init__.py", line 126, in import_module
    return _bootstrap._gcd_import(name[level:], package, level)
  File "<frozen importlib._bootstrap>", line 1050, in _gcd_import
  File "<frozen importlib._bootstrap>", line 1027, in _find_and_load
  File "<frozen importlib._bootstrap>", line 1006, in _find_and_load_unlocked
  File "<frozen importlib._bootstrap>", line 688, in _load_unlocked
  File "<frozen importlib._bootstrap_external>", line 883, in exec_module
  File "<frozen importlib._bootstrap>", line 241, in _call_with_frames_removed
  File "/home/sachit/Documents/VSCProjects/optimiseGEO/venv/lib/python3.10/site-packages/transformers/models/sam/image_processing_sam.py", line 25, in <module>
    from torchvision.ops.boxes import batched_nms
ModuleNotFoundError: No module named 'torchvision'
2026-07-29 20:21:20.517 Examining the path of transformers.models.sam2.image_processing_sam2_fast raised:
Traceback (most recent call last):
  File "/home/sachit/Documents/VSCProjects/optimiseGEO/venv/lib/python3.10/site-packages/streamlit/watcher/local_sources_watcher.py", line 340, in get_module_paths
    potential_paths = extract_paths(module)
  File "/home/sachit/Documents/VSCProjects/optimiseGEO/venv/lib/python3.10/site-packages/streamlit/watcher/local_sources_watcher.py", line 327, in <lambda>
    if hasattr(m, "__path__")
  File "/home/sachit/Documents/VSCProjects/optimiseGEO/venv/lib/python3.10/site-packages/transformers/__init__.py", line 862, in _getattr
    return getattr(importlib.import_module(target, __name__), name)
  File "/usr/lib/python3.10/importlib/__init__.py", line 126, in import_module
    return _bootstrap._gcd_import(name[level:], package, level)
  File "<frozen importlib._bootstrap>", line 1050, in _gcd_import
  File "<frozen importlib._bootstrap>", line 1027, in _find_and_load
  File "<frozen importlib._bootstrap>", line 1006, in _find_and_load_unlocked
  File "<frozen importlib._bootstrap>", line 688, in _load_unlocked
  File "<frozen importlib._bootstrap_external>", line 883, in exec_module
  File "<frozen importlib._bootstrap>", line 241, in _call_with_frames_removed
  File "/home/sachit/Documents/VSCProjects/optimiseGEO/venv/lib/python3.10/site-packages/transformers/models/sam2/image_processing_sam2.py", line 28, in <module>
    from torchvision.ops.boxes import batched_nms
ModuleNotFoundError: No module named 'torchvision'
2026-07-29 20:21:20.518 Examining the path of transformers.models.sam3.image_processing_sam3_fast raised:
Traceback (most recent call last):
  File "/home/sachit/Documents/VSCProjects/optimiseGEO/venv/lib/python3.10/site-packages/streamlit/watcher/local_sources_watcher.py", line 340, in get_module_paths
    potential_paths = extract_paths(module)
  File "/home/sachit/Documents/VSCProjects/optimiseGEO/venv/lib/python3.10/site-packages/streamlit/watcher/local_sources_watcher.py", line 327, in <lambda>
    if hasattr(m, "__path__")
  File "/home/sachit/Documents/VSCProjects/optimiseGEO/venv/lib/python3.10/site-packages/transformers/__init__.py", line 862, in _getattr
    return getattr(importlib.import_module(target, __name__), name)
  File "/usr/lib/python3.10/importlib/__init__.py", line 126, in import_module
    return _bootstrap._gcd_import(name[level:], package, level)
  File "<frozen importlib._bootstrap>", line 1050, in _gcd_import
  File "<frozen importlib._bootstrap>", line 1027, in _find_and_load
  File "<frozen importlib._bootstrap>", line 1006, in _find_and_load_unlocked
  File "<frozen importlib._bootstrap>", line 688, in _load_unlocked
  File "<frozen importlib._bootstrap_external>", line 883, in exec_module
  File "<frozen importlib._bootstrap>", line 241, in _call_with_frames_removed
  File "/home/sachit/Documents/VSCProjects/optimiseGEO/venv/lib/python3.10/site-packages/transformers/models/sam3/image_processing_sam3.py", line 30, in <module>
    from torchvision.ops.boxes import batched_nms
ModuleNotFoundError: No module named 'torchvision'
2026-07-29 20:21:20.519 Examining the path of transformers.models.sapiens2.image_processing_sapiens2_fast raised:
Traceback (most recent call last):
  File "/home/sachit/Documents/VSCProjects/optimiseGEO/venv/lib/python3.10/site-packages/streamlit/watcher/local_sources_watcher.py", line 340, in get_module_paths
    potential_paths = extract_paths(module)
  File "/home/sachit/Documents/VSCProjects/optimiseGEO/venv/lib/python3.10/site-packages/streamlit/watcher/local_sources_watcher.py", line 327, in <lambda>
    if hasattr(m, "__path__")
  File "/home/sachit/Documents/VSCProjects/optimiseGEO/venv/lib/python3.10/site-packages/transformers/__init__.py", line 862, in _getattr
    return getattr(importlib.import_module(target, __name__), name)
  File "/usr/lib/python3.10/importlib/__init__.py", line 126, in import_module
    return _bootstrap._gcd_import(name[level:], package, level)
  File "<frozen importlib._bootstrap>", line 1050, in _gcd_import
  File "<frozen importlib._bootstrap>", line 1027, in _find_and_load
  File "<frozen importlib._bootstrap>", line 1006, in _find_and_load_unlocked
  File "<frozen importlib._bootstrap>", line 688, in _load_unlocked
  File "<frozen importlib._bootstrap_external>", line 883, in exec_module
  File "<frozen importlib._bootstrap>", line 241, in _call_with_frames_removed
  File "/home/sachit/Documents/VSCProjects/optimiseGEO/venv/lib/python3.10/site-packages/transformers/models/sapiens2/image_processing_sapiens2.py", line 23, in <module>
    from torchvision.transforms.v2 import functional as tvF
ModuleNotFoundError: No module named 'torchvision'
2026-07-29 20:21:20.520 Examining the path of transformers.models.segformer.image_processing_segformer_fast raised:
Traceback (most recent call last):
  File "/home/sachit/Documents/VSCProjects/optimiseGEO/venv/lib/python3.10/site-packages/streamlit/watcher/local_sources_watcher.py", line 340, in get_module_paths
    potential_paths = extract_paths(module)
  File "/home/sachit/Documents/VSCProjects/optimiseGEO/venv/lib/python3.10/site-packages/streamlit/watcher/local_sources_watcher.py", line 327, in <lambda>
    if hasattr(m, "__path__")
  File "/home/sachit/Documents/VSCProjects/optimiseGEO/venv/lib/python3.10/site-packages/transformers/__init__.py", line 862, in _getattr
    return getattr(importlib.import_module(target, __name__), name)
  File "/usr/lib/python3.10/importlib/__init__.py", line 126, in import_module
    return _bootstrap._gcd_import(name[level:], package, level)
  File "<frozen importlib._bootstrap>", line 1050, in _gcd_import
  File "<frozen importlib._bootstrap>", line 1027, in _find_and_load
  File "<frozen importlib._bootstrap>", line 1006, in _find_and_load_unlocked
  File "<frozen importlib._bootstrap>", line 688, in _load_unlocked
  File "<frozen importlib._bootstrap_external>", line 883, in exec_module
  File "<frozen importlib._bootstrap>", line 241, in _call_with_frames_removed
  File "/home/sachit/Documents/VSCProjects/optimiseGEO/venv/lib/python3.10/site-packages/transformers/models/segformer/image_processing_segformer.py", line 25, in <module>
    import torchvision.transforms.v2.functional as tvF
ModuleNotFoundError: No module named 'torchvision'
2026-07-29 20:21:20.520 Examining the path of transformers.models.seggpt.image_processing_seggpt_fast raised:
Traceback (most recent call last):
  File "/home/sachit/Documents/VSCProjects/optimiseGEO/venv/lib/python3.10/site-packages/streamlit/watcher/local_sources_watcher.py", line 340, in get_module_paths
    potential_paths = extract_paths(module)
  File "/home/sachit/Documents/VSCProjects/optimiseGEO/venv/lib/python3.10/site-packages/streamlit/watcher/local_sources_watcher.py", line 327, in <lambda>
    if hasattr(m, "__path__")
  File "/home/sachit/Documents/VSCProjects/optimiseGEO/venv/lib/python3.10/site-packages/transformers/__init__.py", line 862, in _getattr
    return getattr(importlib.import_module(target, __name__), name)
  File "/usr/lib/python3.10/importlib/__init__.py", line 126, in import_module
    return _bootstrap._gcd_import(name[level:], package, level)
  File "<frozen importlib._bootstrap>", line 1050, in _gcd_import
  File "<frozen importlib._bootstrap>", line 1027, in _find_and_load
  File "<frozen importlib._bootstrap>", line 1006, in _find_and_load_unlocked
  File "<frozen importlib._bootstrap>", line 688, in _load_unlocked
  File "<frozen importlib._bootstrap_external>", line 883, in exec_module
  File "<frozen importlib._bootstrap>", line 241, in _call_with_frames_removed
  File "/home/sachit/Documents/VSCProjects/optimiseGEO/venv/lib/python3.10/site-packages/transformers/models/seggpt/image_processing_seggpt.py", line 20, in <module>
    from torchvision.transforms.v2 import functional as tvF
ModuleNotFoundError: No module named 'torchvision'
2026-07-29 20:21:20.521 Examining the path of transformers.models.siglip2.image_processing_siglip2_fast raised:
Traceback (most recent call last):
  File "/home/sachit/Documents/VSCProjects/optimiseGEO/venv/lib/python3.10/site-packages/streamlit/watcher/local_sources_watcher.py", line 340, in get_module_paths
    potential_paths = extract_paths(module)
  File "/home/sachit/Documents/VSCProjects/optimiseGEO/venv/lib/python3.10/site-packages/streamlit/watcher/local_sources_watcher.py", line 327, in <lambda>
    if hasattr(m, "__path__")
  File "/home/sachit/Documents/VSCProjects/optimiseGEO/venv/lib/python3.10/site-packages/transformers/__init__.py", line 862, in _getattr
    return getattr(importlib.import_module(target, __name__), name)
  File "/usr/lib/python3.10/importlib/__init__.py", line 126, in import_module
    return _bootstrap._gcd_import(name[level:], package, level)
  File "<frozen importlib._bootstrap>", line 1050, in _gcd_import
  File "<frozen importlib._bootstrap>", line 1027, in _find_and_load
  File "<frozen importlib._bootstrap>", line 1006, in _find_and_load_unlocked
  File "<frozen importlib._bootstrap>", line 688, in _load_unlocked
  File "<frozen importlib._bootstrap_external>", line 883, in exec_module
  File "<frozen importlib._bootstrap>", line 241, in _call_with_frames_removed
  File "/home/sachit/Documents/VSCProjects/optimiseGEO/venv/lib/python3.10/site-packages/transformers/models/siglip2/image_processing_siglip2.py", line 17, in <module>
    from torchvision.transforms.v2 import functional as tvF
ModuleNotFoundError: No module named 'torchvision'
2026-07-29 20:21:20.522 Examining the path of transformers.models.slanext.image_processing_slanext_fast raised:
Traceback (most recent call last):
  File "/home/sachit/Documents/VSCProjects/optimiseGEO/venv/lib/python3.10/site-packages/streamlit/watcher/local_sources_watcher.py", line 340, in get_module_paths
    potential_paths = extract_paths(module)
  File "/home/sachit/Documents/VSCProjects/optimiseGEO/venv/lib/python3.10/site-packages/streamlit/watcher/local_sources_watcher.py", line 327, in <lambda>
    if hasattr(m, "__path__")
  File "/home/sachit/Documents/VSCProjects/optimiseGEO/venv/lib/python3.10/site-packages/transformers/__init__.py", line 862, in _getattr
    return getattr(importlib.import_module(target, __name__), name)
  File "/usr/lib/python3.10/importlib/__init__.py", line 126, in import_module
    return _bootstrap._gcd_import(name[level:], package, level)
  File "<frozen importlib._bootstrap>", line 1050, in _gcd_import
  File "<frozen importlib._bootstrap>", line 1027, in _find_and_load
  File "<frozen importlib._bootstrap>", line 1006, in _find_and_load_unlocked
  File "<frozen importlib._bootstrap>", line 688, in _load_unlocked
  File "<frozen importlib._bootstrap_external>", line 883, in exec_module
  File "<frozen importlib._bootstrap>", line 241, in _call_with_frames_removed
  File "/home/sachit/Documents/VSCProjects/optimiseGEO/venv/lib/python3.10/site-packages/transformers/models/slanext/image_processing_slanext.py", line 23, in <module>
    import torchvision.transforms.v2.functional as tvF
ModuleNotFoundError: No module named 'torchvision'
2026-07-29 20:21:20.522 Examining the path of transformers.models.smolvlm.image_processing_smolvlm_fast raised:
Traceback (most recent call last):
  File "/home/sachit/Documents/VSCProjects/optimiseGEO/venv/lib/python3.10/site-packages/streamlit/watcher/local_sources_watcher.py", line 340, in get_module_paths
    potential_paths = extract_paths(module)
  File "/home/sachit/Documents/VSCProjects/optimiseGEO/venv/lib/python3.10/site-packages/streamlit/watcher/local_sources_watcher.py", line 327, in <lambda>
    if hasattr(m, "__path__")
  File "/home/sachit/Documents/VSCProjects/optimiseGEO/venv/lib/python3.10/site-packages/transformers/__init__.py", line 862, in _getattr
    return getattr(importlib.import_module(target, __name__), name)
  File "/usr/lib/python3.10/importlib/__init__.py", line 126, in import_module
    return _bootstrap._gcd_import(name[level:], package, level)
  File "<frozen importlib._bootstrap>", line 1050, in _gcd_import
  File "<frozen importlib._bootstrap>", line 1027, in _find_and_load
  File "<frozen importlib._bootstrap>", line 1006, in _find_and_load_unlocked
  File "<frozen importlib._bootstrap>", line 688, in _load_unlocked
  File "<frozen importlib._bootstrap_external>", line 883, in exec_module
  File "<frozen importlib._bootstrap>", line 241, in _call_with_frames_removed
  File "/home/sachit/Documents/VSCProjects/optimiseGEO/venv/lib/python3.10/site-packages/transformers/models/smolvlm/image_processing_smolvlm.py", line 27, in <module>
    from torchvision.transforms.v2 import functional as tvF
ModuleNotFoundError: No module named 'torchvision'
2026-07-29 20:21:20.523 Examining the path of transformers.models.superglue.image_processing_superglue_fast raised:
Traceback (most recent call last):
  File "/home/sachit/Documents/VSCProjects/optimiseGEO/venv/lib/python3.10/site-packages/streamlit/watcher/local_sources_watcher.py", line 340, in get_module_paths
    potential_paths = extract_paths(module)
  File "/home/sachit/Documents/VSCProjects/optimiseGEO/venv/lib/python3.10/site-packages/streamlit/watcher/local_sources_watcher.py", line 327, in <lambda>
    if hasattr(m, "__path__")
  File "/home/sachit/Documents/VSCProjects/optimiseGEO/venv/lib/python3.10/site-packages/transformers/__init__.py", line 862, in _getattr
    return getattr(importlib.import_module(target, __name__), name)
  File "/usr/lib/python3.10/importlib/__init__.py", line 126, in import_module
    return _bootstrap._gcd_import(name[level:], package, level)
  File "<frozen importlib._bootstrap>", line 1050, in _gcd_import
  File "<frozen importlib._bootstrap>", line 1027, in _find_and_load
  File "<frozen importlib._bootstrap>", line 1006, in _find_and_load_unlocked
  File "<frozen importlib._bootstrap>", line 688, in _load_unlocked
  File "<frozen importlib._bootstrap_external>", line 883, in exec_module
  File "<frozen importlib._bootstrap>", line 241, in _call_with_frames_removed
  File "/home/sachit/Documents/VSCProjects/optimiseGEO/venv/lib/python3.10/site-packages/transformers/models/superglue/image_processing_superglue.py", line 47, in <module>
    from torchvision.transforms.v2 import functional as tvF
ModuleNotFoundError: No module named 'torchvision'
2026-07-29 20:21:20.523 Examining the path of transformers.models.superpoint.image_processing_superpoint_fast raised:
Traceback (most recent call last):
  File "/home/sachit/Documents/VSCProjects/optimiseGEO/venv/lib/python3.10/site-packages/streamlit/watcher/local_sources_watcher.py", line 340, in get_module_paths
    potential_paths = extract_paths(module)
  File "/home/sachit/Documents/VSCProjects/optimiseGEO/venv/lib/python3.10/site-packages/streamlit/watcher/local_sources_watcher.py", line 327, in <lambda>
    if hasattr(m, "__path__")
  File "/home/sachit/Documents/VSCProjects/optimiseGEO/venv/lib/python3.10/site-packages/transformers/__init__.py", line 862, in _getattr
    return getattr(importlib.import_module(target, __name__), name)
  File "/usr/lib/python3.10/importlib/__init__.py", line 126, in import_module
    return _bootstrap._gcd_import(name[level:], package, level)
  File "<frozen importlib._bootstrap>", line 1050, in _gcd_import
  File "<frozen importlib._bootstrap>", line 1027, in _find_and_load
  File "<frozen importlib._bootstrap>", line 1006, in _find_and_load_unlocked
  File "<frozen importlib._bootstrap>", line 688, in _load_unlocked
  File "<frozen importlib._bootstrap_external>", line 883, in exec_module
  File "<frozen importlib._bootstrap>", line 241, in _call_with_frames_removed
  File "/home/sachit/Documents/VSCProjects/optimiseGEO/venv/lib/python3.10/site-packages/transformers/models/superpoint/image_processing_superpoint.py", line 31, in <module>
    from torchvision.transforms.v2 import functional as tvF
ModuleNotFoundError: No module named 'torchvision'
2026-07-29 20:21:20.524 Examining the path of transformers.models.swin2sr.image_processing_swin2sr_fast raised:
Traceback (most recent call last):
  File "/home/sachit/Documents/VSCProjects/optimiseGEO/venv/lib/python3.10/site-packages/streamlit/watcher/local_sources_watcher.py", line 340, in get_module_paths
    potential_paths = extract_paths(module)
  File "/home/sachit/Documents/VSCProjects/optimiseGEO/venv/lib/python3.10/site-packages/streamlit/watcher/local_sources_watcher.py", line 327, in <lambda>
    if hasattr(m, "__path__")
  File "/home/sachit/Documents/VSCProjects/optimiseGEO/venv/lib/python3.10/site-packages/transformers/__init__.py", line 862, in _getattr
    return getattr(importlib.import_module(target, __name__), name)
  File "/usr/lib/python3.10/importlib/__init__.py", line 126, in import_module
    return _bootstrap._gcd_import(name[level:], package, level)
  File "<frozen importlib._bootstrap>", line 1050, in _gcd_import
  File "<frozen importlib._bootstrap>", line 1027, in _find_and_load
  File "<frozen importlib._bootstrap>", line 1006, in _find_and_load_unlocked
  File "<frozen importlib._bootstrap>", line 688, in _load_unlocked
  File "<frozen importlib._bootstrap_external>", line 883, in exec_module
  File "<frozen importlib._bootstrap>", line 241, in _call_with_frames_removed
  File "/home/sachit/Documents/VSCProjects/optimiseGEO/venv/lib/python3.10/site-packages/transformers/models/swin2sr/image_processing_swin2sr.py", line 17, in <module>
    from torchvision.transforms.v2 import functional as tvF
ModuleNotFoundError: No module named 'torchvision'
2026-07-29 20:21:20.525 Examining the path of transformers.models.textnet.image_processing_textnet_fast raised:
Traceback (most recent call last):
  File "/home/sachit/Documents/VSCProjects/optimiseGEO/venv/lib/python3.10/site-packages/streamlit/watcher/local_sources_watcher.py", line 340, in get_module_paths
    potential_paths = extract_paths(module)
  File "/home/sachit/Documents/VSCProjects/optimiseGEO/venv/lib/python3.10/site-packages/streamlit/watcher/local_sources_watcher.py", line 327, in <lambda>
    if hasattr(m, "__path__")
  File "/home/sachit/Documents/VSCProjects/optimiseGEO/venv/lib/python3.10/site-packages/transformers/__init__.py", line 862, in _getattr
    return getattr(importlib.import_module(target, __name__), name)
  File "/usr/lib/python3.10/importlib/__init__.py", line 126, in import_module
    return _bootstrap._gcd_import(name[level:], package, level)
  File "<frozen importlib._bootstrap>", line 1050, in _gcd_import
  File "<frozen importlib._bootstrap>", line 1027, in _find_and_load
  File "<frozen importlib._bootstrap>", line 1006, in _find_and_load_unlocked
  File "<frozen importlib._bootstrap>", line 688, in _load_unlocked
  File "<frozen importlib._bootstrap_external>", line 883, in exec_module
  File "<frozen importlib._bootstrap>", line 241, in _call_with_frames_removed
  File "/home/sachit/Documents/VSCProjects/optimiseGEO/venv/lib/python3.10/site-packages/transformers/models/textnet/image_processing_textnet.py", line 17, in <module>
    from torchvision.transforms.v2 import functional as tvF
ModuleNotFoundError: No module named 'torchvision'
2026-07-29 20:21:20.525 Examining the path of transformers.models.tvp.image_processing_tvp_fast raised:
Traceback (most recent call last):
  File "/home/sachit/Documents/VSCProjects/optimiseGEO/venv/lib/python3.10/site-packages/streamlit/watcher/local_sources_watcher.py", line 340, in get_module_paths
    potential_paths = extract_paths(module)
  File "/home/sachit/Documents/VSCProjects/optimiseGEO/venv/lib/python3.10/site-packages/streamlit/watcher/local_sources_watcher.py", line 327, in <lambda>
    if hasattr(m, "__path__")
  File "/home/sachit/Documents/VSCProjects/optimiseGEO/venv/lib/python3.10/site-packages/transformers/__init__.py", line 862, in _getattr
    return getattr(importlib.import_module(target, __name__), name)
  File "/usr/lib/python3.10/importlib/__init__.py", line 126, in import_module
    return _bootstrap._gcd_import(name[level:], package, level)
  File "<frozen importlib._bootstrap>", line 1050, in _gcd_import
  File "<frozen importlib._bootstrap>", line 1027, in _find_and_load
  File "<frozen importlib._bootstrap>", line 1006, in _find_and_load_unlocked
  File "<frozen importlib._bootstrap>", line 688, in _load_unlocked
  File "<frozen importlib._bootstrap_external>", line 883, in exec_module
  File "<frozen importlib._bootstrap>", line 241, in _call_with_frames_removed
  File "/home/sachit/Documents/VSCProjects/optimiseGEO/venv/lib/python3.10/site-packages/transformers/models/tvp/image_processing_tvp.py", line 17, in <module>
    from torchvision.transforms.v2 import functional as tvF
ModuleNotFoundError: No module named 'torchvision'
2026-07-29 20:21:20.526 Examining the path of transformers.models.videomae.image_processing_videomae_fast raised:
Traceback (most recent call last):
  File "/home/sachit/Documents/VSCProjects/optimiseGEO/venv/lib/python3.10/site-packages/streamlit/watcher/local_sources_watcher.py", line 340, in get_module_paths
    potential_paths = extract_paths(module)
  File "/home/sachit/Documents/VSCProjects/optimiseGEO/venv/lib/python3.10/site-packages/streamlit/watcher/local_sources_watcher.py", line 327, in <lambda>
    if hasattr(m, "__path__")
  File "/home/sachit/Documents/VSCProjects/optimiseGEO/venv/lib/python3.10/site-packages/transformers/__init__.py", line 862, in _getattr
    return getattr(importlib.import_module(target, __name__), name)
  File "/usr/lib/python3.10/importlib/__init__.py", line 126, in import_module
    return _bootstrap._gcd_import(name[level:], package, level)
  File "<frozen importlib._bootstrap>", line 1050, in _gcd_import
  File "<frozen importlib._bootstrap>", line 1027, in _find_and_load
  File "<frozen importlib._bootstrap>", line 1006, in _find_and_load_unlocked
  File "<frozen importlib._bootstrap>", line 688, in _load_unlocked
  File "<frozen importlib._bootstrap_external>", line 883, in exec_module
  File "<frozen importlib._bootstrap>", line 241, in _call_with_frames_removed
  File "/home/sachit/Documents/VSCProjects/optimiseGEO/venv/lib/python3.10/site-packages/transformers/models/videomae/image_processing_videomae.py", line 17, in <module>
    from torchvision.transforms.v2 import functional as tvF
ModuleNotFoundError: No module named 'torchvision'
2026-07-29 20:21:20.527 Examining the path of transformers.models.vilt.image_processing_vilt_fast raised:
Traceback (most recent call last):
  File "/home/sachit/Documents/VSCProjects/optimiseGEO/venv/lib/python3.10/site-packages/streamlit/watcher/local_sources_watcher.py", line 340, in get_module_paths
    potential_paths = extract_paths(module)
  File "/home/sachit/Documents/VSCProjects/optimiseGEO/venv/lib/python3.10/site-packages/streamlit/watcher/local_sources_watcher.py", line 327, in <lambda>
    if hasattr(m, "__path__")
  File "/home/sachit/Documents/VSCProjects/optimiseGEO/venv/lib/python3.10/site-packages/transformers/__init__.py", line 862, in _getattr
    return getattr(importlib.import_module(target, __name__), name)
  File "/usr/lib/python3.10/importlib/__init__.py", line 126, in import_module
    return _bootstrap._gcd_import(name[level:], package, level)
  File "<frozen importlib._bootstrap>", line 1050, in _gcd_import
  File "<frozen importlib._bootstrap>", line 1027, in _find_and_load
  File "<frozen importlib._bootstrap>", line 1006, in _find_and_load_unlocked
  File "<frozen importlib._bootstrap>", line 688, in _load_unlocked
  File "<frozen importlib._bootstrap_external>", line 883, in exec_module
  File "<frozen importlib._bootstrap>", line 241, in _call_with_frames_removed
  File "/home/sachit/Documents/VSCProjects/optimiseGEO/venv/lib/python3.10/site-packages/transformers/models/vilt/image_processing_vilt.py", line 17, in <module>
    from torchvision.transforms.v2 import functional as tvF
ModuleNotFoundError: No module named 'torchvision'
2026-07-29 20:21:20.527 Examining the path of transformers.models.vitmatte.image_processing_vitmatte_fast raised:
Traceback (most recent call last):
  File "/home/sachit/Documents/VSCProjects/optimiseGEO/venv/lib/python3.10/site-packages/streamlit/watcher/local_sources_watcher.py", line 340, in get_module_paths
    potential_paths = extract_paths(module)
  File "/home/sachit/Documents/VSCProjects/optimiseGEO/venv/lib/python3.10/site-packages/streamlit/watcher/local_sources_watcher.py", line 327, in <lambda>
    if hasattr(m, "__path__")
  File "/home/sachit/Documents/VSCProjects/optimiseGEO/venv/lib/python3.10/site-packages/transformers/__init__.py", line 862, in _getattr
    return getattr(importlib.import_module(target, __name__), name)
  File "/usr/lib/python3.10/importlib/__init__.py", line 126, in import_module
    return _bootstrap._gcd_import(name[level:], package, level)
  File "<frozen importlib._bootstrap>", line 1050, in _gcd_import
  File "<frozen importlib._bootstrap>", line 1027, in _find_and_load
  File "<frozen importlib._bootstrap>", line 1006, in _find_and_load_unlocked
  File "<frozen importlib._bootstrap>", line 688, in _load_unlocked
  File "<frozen importlib._bootstrap_external>", line 883, in exec_module
  File "<frozen importlib._bootstrap>", line 241, in _call_with_frames_removed
  File "/home/sachit/Documents/VSCProjects/optimiseGEO/venv/lib/python3.10/site-packages/transformers/models/vitmatte/image_processing_vitmatte.py", line 19, in <module>
    from torchvision.transforms.v2 import functional as tvF
ModuleNotFoundError: No module named 'torchvision'
2026-07-29 20:21:20.528 Examining the path of transformers.models.vitpose.image_processing_vitpose_fast raised:
Traceback (most recent call last):
  File "/home/sachit/Documents/VSCProjects/optimiseGEO/venv/lib/python3.10/site-packages/streamlit/watcher/local_sources_watcher.py", line 340, in get_module_paths
    potential_paths = extract_paths(module)
  File "/home/sachit/Documents/VSCProjects/optimiseGEO/venv/lib/python3.10/site-packages/streamlit/watcher/local_sources_watcher.py", line 327, in <lambda>
    if hasattr(m, "__path__")
  File "/home/sachit/Documents/VSCProjects/optimiseGEO/venv/lib/python3.10/site-packages/transformers/__init__.py", line 862, in _getattr
    return getattr(importlib.import_module(target, __name__), name)
  File "/usr/lib/python3.10/importlib/__init__.py", line 126, in import_module
    return _bootstrap._gcd_import(name[level:], package, level)
  File "<frozen importlib._bootstrap>", line 1050, in _gcd_import
  File "<frozen importlib._bootstrap>", line 1027, in _find_and_load
  File "<frozen importlib._bootstrap>", line 1006, in _find_and_load_unlocked
  File "<frozen importlib._bootstrap>", line 688, in _load_unlocked
  File "<frozen importlib._bootstrap_external>", line 883, in exec_module
  File "<frozen importlib._bootstrap>", line 241, in _call_with_frames_removed
  File "/home/sachit/Documents/VSCProjects/optimiseGEO/venv/lib/python3.10/site-packages/transformers/models/vitpose/image_processing_vitpose.py", line 22, in <module>
    from torchvision.transforms.v2 import functional as tvF
ModuleNotFoundError: No module named 'torchvision'
2026-07-29 20:21:20.529 Examining the path of transformers.models.yolos.image_processing_yolos_fast raised:
Traceback (most recent call last):
  File "/home/sachit/Documents/VSCProjects/optimiseGEO/venv/lib/python3.10/site-packages/streamlit/watcher/local_sources_watcher.py", line 340, in get_module_paths
    potential_paths = extract_paths(module)
  File "/home/sachit/Documents/VSCProjects/optimiseGEO/venv/lib/python3.10/site-packages/streamlit/watcher/local_sources_watcher.py", line 327, in <lambda>
    if hasattr(m, "__path__")
  File "/home/sachit/Documents/VSCProjects/optimiseGEO/venv/lib/python3.10/site-packages/transformers/__init__.py", line 862, in _getattr
    return getattr(importlib.import_module(target, __name__), name)
  File "/usr/lib/python3.10/importlib/__init__.py", line 126, in import_module
    return _bootstrap._gcd_import(name[level:], package, level)
  File "<frozen importlib._bootstrap>", line 1050, in _gcd_import
  File "<frozen importlib._bootstrap>", line 1027, in _find_and_load
  File "<frozen importlib._bootstrap>", line 1006, in _find_and_load_unlocked
  File "<frozen importlib._bootstrap>", line 688, in _load_unlocked
  File "<frozen importlib._bootstrap_external>", line 883, in exec_module
  File "<frozen importlib._bootstrap>", line 241, in _call_with_frames_removed
  File "/home/sachit/Documents/VSCProjects/optimiseGEO/venv/lib/python3.10/site-packages/transformers/models/yolos/image_processing_yolos.py", line 12, in <module>
    from torchvision.io import read_image
ModuleNotFoundError: No module named 'torchvision'
2026-07-29 20:21:20.529 Examining the path of transformers.models.zoedepth.image_processing_zoedepth_fast raised:
Traceback (most recent call last):
  File "/home/sachit/Documents/VSCProjects/optimiseGEO/venv/lib/python3.10/site-packages/streamlit/watcher/local_sources_watcher.py", line 340, in get_module_paths
    potential_paths = extract_paths(module)
  File "/home/sachit/Documents/VSCProjects/optimiseGEO/venv/lib/python3.10/site-packages/streamlit/watcher/local_sources_watcher.py", line 327, in <lambda>
    if hasattr(m, "__path__")
  File "/home/sachit/Documents/VSCProjects/optimiseGEO/venv/lib/python3.10/site-packages/transformers/__init__.py", line 862, in _getattr
    return getattr(importlib.import_module(target, __name__), name)
  File "/usr/lib/python3.10/importlib/__init__.py", line 126, in import_module
    return _bootstrap._gcd_import(name[level:], package, level)
  File "<frozen importlib._bootstrap>", line 1050, in _gcd_import
  File "<frozen importlib._bootstrap>", line 1027, in _find_and_load
  File "<frozen importlib._bootstrap>", line 1006, in _find_and_load_unlocked
  File "<frozen importlib._bootstrap>", line 688, in _load_unlocked
  File "<frozen importlib._bootstrap_external>", line 883, in exec_module
  File "<frozen importlib._bootstrap>", line 241, in _call_with_frames_removed
  File "/home/sachit/Documents/VSCProjects/optimiseGEO/venv/lib/python3.10/site-packages/transformers/models/zoedepth/image_processing_zoedepth.py", line 43, in <module>
    from torchvision.transforms.v2 import functional as tvF
ModuleNotFoundError: No module named 'torchvision'
2026-07-29 20:21:23.873 Examining the path of transformers.models.aria.image_processing_aria_fast raised:
Traceback (most recent call last):
  File "/home/sachit/Documents/VSCProjects/optimiseGEO/venv/lib/python3.10/site-packages/streamlit/watcher/local_sources_watcher.py", line 340, in get_module_paths
    potential_paths = extract_paths(module)
  File "/home/sachit/Documents/VSCProjects/optimiseGEO/venv/lib/python3.10/site-packages/streamlit/watcher/local_sources_watcher.py", line 327, in <lambda>
    if hasattr(m, "__path__")
  File "/home/sachit/Documents/VSCProjects/optimiseGEO/venv/lib/python3.10/site-packages/transformers/__init__.py", line 862, in _getattr
    return getattr(importlib.import_module(target, __name__), name)
  File "/usr/lib/python3.10/importlib/__init__.py", line 126, in import_module
    return _bootstrap._gcd_import(name[level:], package, level)
  File "<frozen importlib._bootstrap>", line 1050, in _gcd_import
  File "<frozen importlib._bootstrap>", line 1027, in _find_and_load
  File "<frozen importlib._bootstrap>", line 1006, in _find_and_load_unlocked
  File "<frozen importlib._bootstrap>", line 688, in _load_unlocked
  File "<frozen importlib._bootstrap_external>", line 883, in exec_module
  File "<frozen importlib._bootstrap>", line 241, in _call_with_frames_removed
  File "/home/sachit/Documents/VSCProjects/optimiseGEO/venv/lib/python3.10/site-packages/transformers/models/aria/image_processing_aria.py", line 23, in <module>
    from torchvision.transforms.v2 import functional as tvF
ModuleNotFoundError: No module named 'torchvision'
2026-07-29 20:21:23.873 Examining the path of transformers.models.beit.image_processing_beit_fast raised:
Traceback (most recent call last):
  File "/home/sachit/Documents/VSCProjects/optimiseGEO/venv/lib/python3.10/site-packages/streamlit/watcher/local_sources_watcher.py", line 340, in get_module_paths
    potential_paths = extract_paths(module)
  File "/home/sachit/Documents/VSCProjects/optimiseGEO/venv/lib/python3.10/site-packages/streamlit/watcher/local_sources_watcher.py", line 327, in <lambda>
    if hasattr(m, "__path__")
  File "/home/sachit/Documents/VSCProjects/optimiseGEO/venv/lib/python3.10/site-packages/transformers/__init__.py", line 862, in _getattr
    return getattr(importlib.import_module(target, __name__), name)
  File "/usr/lib/python3.10/importlib/__init__.py", line 126, in import_module
    return _bootstrap._gcd_import(name[level:], package, level)
  File "<frozen importlib._bootstrap>", line 1050, in _gcd_import
  File "<frozen importlib._bootstrap>", line 1027, in _find_and_load
  File "<frozen importlib._bootstrap>", line 1006, in _find_and_load_unlocked
  File "<frozen importlib._bootstrap>", line 688, in _load_unlocked
  File "<frozen importlib._bootstrap_external>", line 883, in exec_module
  File "<frozen importlib._bootstrap>", line 241, in _call_with_frames_removed
  File "/home/sachit/Documents/VSCProjects/optimiseGEO/venv/lib/python3.10/site-packages/transformers/models/beit/image_processing_beit.py", line 20, in <module>
    from torchvision.transforms.v2 import functional as tvF
ModuleNotFoundError: No module named 'torchvision'
2026-07-29 20:21:23.874 Examining the path of transformers.models.bridgetower.image_processing_bridgetower_fast raised:
Traceback (most recent call last):
  File "/home/sachit/Documents/VSCProjects/optimiseGEO/venv/lib/python3.10/site-packages/streamlit/watcher/local_sources_watcher.py", line 340, in get_module_paths
    potential_paths = extract_paths(module)
  File "/home/sachit/Documents/VSCProjects/optimiseGEO/venv/lib/python3.10/site-packages/streamlit/watcher/local_sources_watcher.py", line 327, in <lambda>
    if hasattr(m, "__path__")
  File "/home/sachit/Documents/VSCProjects/optimiseGEO/venv/lib/python3.10/site-packages/transformers/__init__.py", line 862, in _getattr
    return getattr(importlib.import_module(target, __name__), name)
  File "/usr/lib/python3.10/importlib/__init__.py", line 126, in import_module
    return _bootstrap._gcd_import(name[level:], package, level)
  File "<frozen importlib._bootstrap>", line 1050, in _gcd_import
  File "<frozen importlib._bootstrap>", line 1027, in _find_and_load
  File "<frozen importlib._bootstrap>", line 1006, in _find_and_load_unlocked
  File "<frozen importlib._bootstrap>", line 688, in _load_unlocked
  File "<frozen importlib._bootstrap_external>", line 883, in exec_module
  File "<frozen importlib._bootstrap>", line 241, in _call_with_frames_removed
  File "/home/sachit/Documents/VSCProjects/optimiseGEO/venv/lib/python3.10/site-packages/transformers/models/bridgetower/image_processing_bridgetower.py", line 20, in <module>
    from torchvision.transforms.v2 import functional as tvF
ModuleNotFoundError: No module named 'torchvision'
2026-07-29 20:21:23.875 Examining the path of transformers.models.chmv2.image_processing_chmv2_fast raised:
Traceback (most recent call last):
  File "/home/sachit/Documents/VSCProjects/optimiseGEO/venv/lib/python3.10/site-packages/streamlit/watcher/local_sources_watcher.py", line 340, in get_module_paths
    potential_paths = extract_paths(module)
  File "/home/sachit/Documents/VSCProjects/optimiseGEO/venv/lib/python3.10/site-packages/streamlit/watcher/local_sources_watcher.py", line 327, in <lambda>
    if hasattr(m, "__path__")
  File "/home/sachit/Documents/VSCProjects/optimiseGEO/venv/lib/python3.10/site-packages/transformers/__init__.py", line 862, in _getattr
    return getattr(importlib.import_module(target, __name__), name)
  File "/usr/lib/python3.10/importlib/__init__.py", line 126, in import_module
    return _bootstrap._gcd_import(name[level:], package, level)
  File "<frozen importlib._bootstrap>", line 1050, in _gcd_import
  File "<frozen importlib._bootstrap>", line 1027, in _find_and_load
  File "<frozen importlib._bootstrap>", line 1006, in _find_and_load_unlocked
  File "<frozen importlib._bootstrap>", line 688, in _load_unlocked
  File "<frozen importlib._bootstrap_external>", line 883, in exec_module
  File "<frozen importlib._bootstrap>", line 241, in _call_with_frames_removed
  File "/home/sachit/Documents/VSCProjects/optimiseGEO/venv/lib/python3.10/site-packages/transformers/models/chmv2/image_processing_chmv2.py", line 27, in <module>
    from torchvision.transforms.v2 import functional as tvF
ModuleNotFoundError: No module named 'torchvision'
2026-07-29 20:21:23.876 Examining the path of transformers.models.cohere2_vision.image_processing_cohere2_vision_fast raised:
Traceback (most recent call last):
  File "/home/sachit/Documents/VSCProjects/optimiseGEO/venv/lib/python3.10/site-packages/streamlit/watcher/local_sources_watcher.py", line 340, in get_module_paths
    potential_paths = extract_paths(module)
  File "/home/sachit/Documents/VSCProjects/optimiseGEO/venv/lib/python3.10/site-packages/streamlit/watcher/local_sources_watcher.py", line 327, in <lambda>
    if hasattr(m, "__path__")
  File "/home/sachit/Documents/VSCProjects/optimiseGEO/venv/lib/python3.10/site-packages/transformers/__init__.py", line 862, in _getattr
    return getattr(importlib.import_module(target, __name__), name)
  File "/usr/lib/python3.10/importlib/__init__.py", line 126, in import_module
    return _bootstrap._gcd_import(name[level:], package, level)
  File "<frozen importlib._bootstrap>", line 1050, in _gcd_import
  File "<frozen importlib._bootstrap>", line 1027, in _find_and_load
  File "<frozen importlib._bootstrap>", line 1006, in _find_and_load_unlocked
  File "<frozen importlib._bootstrap>", line 688, in _load_unlocked
  File "<frozen importlib._bootstrap_external>", line 883, in exec_module
  File "<frozen importlib._bootstrap>", line 241, in _call_with_frames_removed
  File "/home/sachit/Documents/VSCProjects/optimiseGEO/venv/lib/python3.10/site-packages/transformers/models/cohere2_vision/image_processing_cohere2_vision.py", line 25, in <module>
    from torchvision.transforms.v2 import functional as tvF
ModuleNotFoundError: No module named 'torchvision'
2026-07-29 20:21:23.877 Examining the path of transformers.models.conditional_detr.image_processing_conditional_detr_fast raised:
Traceback (most recent call last):
  File "/home/sachit/Documents/VSCProjects/optimiseGEO/venv/lib/python3.10/site-packages/streamlit/watcher/local_sources_watcher.py", line 340, in get_module_paths
    potential_paths = extract_paths(module)
  File "/home/sachit/Documents/VSCProjects/optimiseGEO/venv/lib/python3.10/site-packages/streamlit/watcher/local_sources_watcher.py", line 327, in <lambda>
    if hasattr(m, "__path__")
  File "/home/sachit/Documents/VSCProjects/optimiseGEO/venv/lib/python3.10/site-packages/transformers/__init__.py", line 862, in _getattr
    return getattr(importlib.import_module(target, __name__), name)
  File "/usr/lib/python3.10/importlib/__init__.py", line 126, in import_module
    return _bootstrap._gcd_import(name[level:], package, level)
  File "<frozen importlib._bootstrap>", line 1050, in _gcd_import
  File "<frozen importlib._bootstrap>", line 1027, in _find_and_load
  File "<frozen importlib._bootstrap>", line 1006, in _find_and_load_unlocked
  File "<frozen importlib._bootstrap>", line 688, in _load_unlocked
  File "<frozen importlib._bootstrap_external>", line 883, in exec_module
  File "<frozen importlib._bootstrap>", line 241, in _call_with_frames_removed
  File "/home/sachit/Documents/VSCProjects/optimiseGEO/venv/lib/python3.10/site-packages/transformers/models/conditional_detr/image_processing_conditional_detr.py", line 27, in <module>
    from torchvision.io import read_image
ModuleNotFoundError: No module named 'torchvision'
2026-07-29 20:21:23.877 Examining the path of transformers.models.convnext.image_processing_convnext_fast raised:
Traceback (most recent call last):
  File "/home/sachit/Documents/VSCProjects/optimiseGEO/venv/lib/python3.10/site-packages/streamlit/watcher/local_sources_watcher.py", line 340, in get_module_paths
    potential_paths = extract_paths(module)
  File "/home/sachit/Documents/VSCProjects/optimiseGEO/venv/lib/python3.10/site-packages/streamlit/watcher/local_sources_watcher.py", line 327, in <lambda>
    if hasattr(m, "__path__")
  File "/home/sachit/Documents/VSCProjects/optimiseGEO/venv/lib/python3.10/site-packages/transformers/__init__.py", line 862, in _getattr
    return getattr(importlib.import_module(target, __name__), name)
  File "/usr/lib/python3.10/importlib/__init__.py", line 126, in import_module
    return _bootstrap._gcd_import(name[level:], package, level)
  File "<frozen importlib._bootstrap>", line 1050, in _gcd_import
  File "<frozen importlib._bootstrap>", line 1027, in _find_and_load
  File "<frozen importlib._bootstrap>", line 1006, in _find_and_load_unlocked
  File "<frozen importlib._bootstrap>", line 688, in _load_unlocked
  File "<frozen importlib._bootstrap_external>", line 883, in exec_module
  File "<frozen importlib._bootstrap>", line 241, in _call_with_frames_removed
  File "/home/sachit/Documents/VSCProjects/optimiseGEO/venv/lib/python3.10/site-packages/transformers/models/convnext/image_processing_convnext.py", line 17, in <module>
    from torchvision.transforms.v2 import functional as tvF
ModuleNotFoundError: No module named 'torchvision'
2026-07-29 20:21:23.878 Examining the path of transformers.models.deepseek_ocr2.image_processing_deepseek_ocr2_fast raised:
Traceback (most recent call last):
  File "/home/sachit/Documents/VSCProjects/optimiseGEO/venv/lib/python3.10/site-packages/streamlit/watcher/local_sources_watcher.py", line 340, in get_module_paths
    potential_paths = extract_paths(module)
  File "/home/sachit/Documents/VSCProjects/optimiseGEO/venv/lib/python3.10/site-packages/streamlit/watcher/local_sources_watcher.py", line 327, in <lambda>
    if hasattr(m, "__path__")
  File "/home/sachit/Documents/VSCProjects/optimiseGEO/venv/lib/python3.10/site-packages/transformers/__init__.py", line 862, in _getattr
    return getattr(importlib.import_module(target, __name__), name)
  File "/usr/lib/python3.10/importlib/__init__.py", line 126, in import_module
    return _bootstrap._gcd_import(name[level:], package, level)
  File "<frozen importlib._bootstrap>", line 1050, in _gcd_import
  File "<frozen importlib._bootstrap>", line 1027, in _find_and_load
  File "<frozen importlib._bootstrap>", line 1006, in _find_and_load_unlocked
  File "<frozen importlib._bootstrap>", line 688, in _load_unlocked
  File "<frozen importlib._bootstrap_external>", line 883, in exec_module
  File "<frozen importlib._bootstrap>", line 241, in _call_with_frames_removed
  File "/home/sachit/Documents/VSCProjects/optimiseGEO/venv/lib/python3.10/site-packages/transformers/models/deepseek_ocr2/image_processing_deepseek_ocr2.py", line 24, in <module>
    from torchvision.transforms.v2 import functional as tvF
ModuleNotFoundError: No module named 'torchvision'
2026-07-29 20:21:23.878 Examining the path of transformers.models.deepseek_vl.image_processing_deepseek_vl_fast raised:
Traceback (most recent call last):
  File "/home/sachit/Documents/VSCProjects/optimiseGEO/venv/lib/python3.10/site-packages/streamlit/watcher/local_sources_watcher.py", line 340, in get_module_paths
    potential_paths = extract_paths(module)
  File "/home/sachit/Documents/VSCProjects/optimiseGEO/venv/lib/python3.10/site-packages/streamlit/watcher/local_sources_watcher.py", line 327, in <lambda>
    if hasattr(m, "__path__")
  File "/home/sachit/Documents/VSCProjects/optimiseGEO/venv/lib/python3.10/site-packages/transformers/__init__.py", line 862, in _getattr
    return getattr(importlib.import_module(target, __name__), name)
  File "/usr/lib/python3.10/importlib/__init__.py", line 126, in import_module
    return _bootstrap._gcd_import(name[level:], package, level)
  File "<frozen importlib._bootstrap>", line 1050, in _gcd_import
  File "<frozen importlib._bootstrap>", line 1027, in _find_and_load
  File "<frozen importlib._bootstrap>", line 1006, in _find_and_load_unlocked
  File "<frozen importlib._bootstrap>", line 688, in _load_unlocked
  File "<frozen importlib._bootstrap_external>", line 883, in exec_module
  File "<frozen importlib._bootstrap>", line 241, in _call_with_frames_removed
  File "/home/sachit/Documents/VSCProjects/optimiseGEO/venv/lib/python3.10/site-packages/transformers/models/deepseek_vl/image_processing_deepseek_vl.py", line 23, in <module>
    import torchvision.transforms.v2.functional as tvF
ModuleNotFoundError: No module named 'torchvision'
2026-07-29 20:21:23.879 Examining the path of transformers.models.deepseek_vl_hybrid.image_processing_deepseek_vl_hybrid_fast raised:
Traceback (most recent call last):
  File "/home/sachit/Documents/VSCProjects/optimiseGEO/venv/lib/python3.10/site-packages/streamlit/watcher/local_sources_watcher.py", line 340, in get_module_paths
    potential_paths = extract_paths(module)
  File "/home/sachit/Documents/VSCProjects/optimiseGEO/venv/lib/python3.10/site-packages/streamlit/watcher/local_sources_watcher.py", line 327, in <lambda>
    if hasattr(m, "__path__")
  File "/home/sachit/Documents/VSCProjects/optimiseGEO/venv/lib/python3.10/site-packages/transformers/__init__.py", line 862, in _getattr
    return getattr(importlib.import_module(target, __name__), name)
  File "/usr/lib/python3.10/importlib/__init__.py", line 126, in import_module
    return _bootstrap._gcd_import(name[level:], package, level)
  File "<frozen importlib._bootstrap>", line 1050, in _gcd_import
  File "<frozen importlib._bootstrap>", line 1027, in _find_and_load
  File "<frozen importlib._bootstrap>", line 1006, in _find_and_load_unlocked
  File "<frozen importlib._bootstrap>", line 688, in _load_unlocked
  File "<frozen importlib._bootstrap_external>", line 883, in exec_module
  File "<frozen importlib._bootstrap>", line 241, in _call_with_frames_removed
  File "/home/sachit/Documents/VSCProjects/optimiseGEO/venv/lib/python3.10/site-packages/transformers/models/deepseek_vl_hybrid/image_processing_deepseek_vl_hybrid.py", line 25, in <module>
    import torchvision.transforms.v2.functional as tvF
ModuleNotFoundError: No module named 'torchvision'
2026-07-29 20:21:23.880 Examining the path of transformers.models.deformable_detr.image_processing_deformable_detr_fast raised:
Traceback (most recent call last):
  File "/home/sachit/Documents/VSCProjects/optimiseGEO/venv/lib/python3.10/site-packages/streamlit/watcher/local_sources_watcher.py", line 340, in get_module_paths
    potential_paths = extract_paths(module)
  File "/home/sachit/Documents/VSCProjects/optimiseGEO/venv/lib/python3.10/site-packages/streamlit/watcher/local_sources_watcher.py", line 327, in <lambda>
    if hasattr(m, "__path__")
  File "/home/sachit/Documents/VSCProjects/optimiseGEO/venv/lib/python3.10/site-packages/transformers/__init__.py", line 862, in _getattr
    return getattr(importlib.import_module(target, __name__), name)
  File "/usr/lib/python3.10/importlib/__init__.py", line 126, in import_module
    return _bootstrap._gcd_import(name[level:], package, level)
  File "<frozen importlib._bootstrap>", line 1050, in _gcd_import
  File "<frozen importlib._bootstrap>", line 1027, in _find_and_load
  File "<frozen importlib._bootstrap>", line 1006, in _find_and_load_unlocked
  File "<frozen importlib._bootstrap>", line 688, in _load_unlocked
  File "<frozen importlib._bootstrap_external>", line 883, in exec_module
  File "<frozen importlib._bootstrap>", line 241, in _call_with_frames_removed
  File "/home/sachit/Documents/VSCProjects/optimiseGEO/venv/lib/python3.10/site-packages/transformers/models/deformable_detr/image_processing_deformable_detr.py", line 25, in <module>
    from torchvision.io import read_image
ModuleNotFoundError: No module named 'torchvision'
2026-07-29 20:21:23.880 Examining the path of transformers.models.depth_pro.image_processing_depth_pro_fast raised:
Traceback (most recent call last):
  File "/home/sachit/Documents/VSCProjects/optimiseGEO/venv/lib/python3.10/site-packages/streamlit/watcher/local_sources_watcher.py", line 340, in get_module_paths
    potential_paths = extract_paths(module)
  File "/home/sachit/Documents/VSCProjects/optimiseGEO/venv/lib/python3.10/site-packages/streamlit/watcher/local_sources_watcher.py", line 327, in <lambda>
    if hasattr(m, "__path__")
  File "/home/sachit/Documents/VSCProjects/optimiseGEO/venv/lib/python3.10/site-packages/transformers/__init__.py", line 862, in _getattr
    return getattr(importlib.import_module(target, __name__), name)
  File "/usr/lib/python3.10/importlib/__init__.py", line 126, in import_module
    return _bootstrap._gcd_import(name[level:], package, level)
  File "<frozen importlib._bootstrap>", line 1050, in _gcd_import
  File "<frozen importlib._bootstrap>", line 1027, in _find_and_load
  File "<frozen importlib._bootstrap>", line 1006, in _find_and_load_unlocked
  File "<frozen importlib._bootstrap>", line 688, in _load_unlocked
  File "<frozen importlib._bootstrap_external>", line 883, in exec_module
  File "<frozen importlib._bootstrap>", line 241, in _call_with_frames_removed
  File "/home/sachit/Documents/VSCProjects/optimiseGEO/venv/lib/python3.10/site-packages/transformers/models/depth_pro/image_processing_depth_pro.py", line 19, in <module>
    from torchvision.transforms.v2 import functional as tvF
ModuleNotFoundError: No module named 'torchvision'
2026-07-29 20:21:23.881 Examining the path of transformers.models.detr.image_processing_detr_fast raised:
Traceback (most recent call last):
  File "/home/sachit/Documents/VSCProjects/optimiseGEO/venv/lib/python3.10/site-packages/streamlit/watcher/local_sources_watcher.py", line 340, in get_module_paths
    potential_paths = extract_paths(module)
  File "/home/sachit/Documents/VSCProjects/optimiseGEO/venv/lib/python3.10/site-packages/streamlit/watcher/local_sources_watcher.py", line 327, in <lambda>
    if hasattr(m, "__path__")
  File "/home/sachit/Documents/VSCProjects/optimiseGEO/venv/lib/python3.10/site-packages/transformers/__init__.py", line 862, in _getattr
    return getattr(importlib.import_module(target, __name__), name)
  File "/usr/lib/python3.10/importlib/__init__.py", line 126, in import_module
    return _bootstrap._gcd_import(name[level:], package, level)
  File "<frozen importlib._bootstrap>", line 1050, in _gcd_import
  File "<frozen importlib._bootstrap>", line 1027, in _find_and_load
  File "<frozen importlib._bootstrap>", line 1006, in _find_and_load_unlocked
  File "<frozen importlib._bootstrap>", line 688, in _load_unlocked
  File "<frozen importlib._bootstrap_external>", line 883, in exec_module
  File "<frozen importlib._bootstrap>", line 241, in _call_with_frames_removed
  File "/home/sachit/Documents/VSCProjects/optimiseGEO/venv/lib/python3.10/site-packages/transformers/models/detr/image_processing_detr.py", line 22, in <module>
    from torchvision.io import read_image
ModuleNotFoundError: No module named 'torchvision'
2026-07-29 20:21:23.881 Examining the path of transformers.models.dinov3_vit.image_processing_dinov3_vit_fast raised:
Traceback (most recent call last):
  File "/home/sachit/Documents/VSCProjects/optimiseGEO/venv/lib/python3.10/site-packages/streamlit/watcher/local_sources_watcher.py", line 340, in get_module_paths
    potential_paths = extract_paths(module)
  File "/home/sachit/Documents/VSCProjects/optimiseGEO/venv/lib/python3.10/site-packages/streamlit/watcher/local_sources_watcher.py", line 327, in <lambda>
    if hasattr(m, "__path__")
  File "/home/sachit/Documents/VSCProjects/optimiseGEO/venv/lib/python3.10/site-packages/transformers/__init__.py", line 862, in _getattr
    return getattr(importlib.import_module(target, __name__), name)
  File "/usr/lib/python3.10/importlib/__init__.py", line 126, in import_module
    return _bootstrap._gcd_import(name[level:], package, level)
  File "<frozen importlib._bootstrap>", line 1050, in _gcd_import
  File "<frozen importlib._bootstrap>", line 1027, in _find_and_load
  File "<frozen importlib._bootstrap>", line 1006, in _find_and_load_unlocked
  File "<frozen importlib._bootstrap>", line 688, in _load_unlocked
  File "<frozen importlib._bootstrap_external>", line 883, in exec_module
  File "<frozen importlib._bootstrap>", line 241, in _call_with_frames_removed
  File "/home/sachit/Documents/VSCProjects/optimiseGEO/venv/lib/python3.10/site-packages/transformers/models/dinov3_vit/image_processing_dinov3_vit.py", line 17, in <module>
    from torchvision.transforms.v2 import functional as tvF
ModuleNotFoundError: No module named 'torchvision'
2026-07-29 20:21:23.882 Examining the path of transformers.models.donut.image_processing_donut_fast raised:
Traceback (most recent call last):
  File "/home/sachit/Documents/VSCProjects/optimiseGEO/venv/lib/python3.10/site-packages/streamlit/watcher/local_sources_watcher.py", line 340, in get_module_paths
    potential_paths = extract_paths(module)
  File "/home/sachit/Documents/VSCProjects/optimiseGEO/venv/lib/python3.10/site-packages/streamlit/watcher/local_sources_watcher.py", line 327, in <lambda>
    if hasattr(m, "__path__")
  File "/home/sachit/Documents/VSCProjects/optimiseGEO/venv/lib/python3.10/site-packages/transformers/__init__.py", line 862, in _getattr
    return getattr(importlib.import_module(target, __name__), name)
  File "/usr/lib/python3.10/importlib/__init__.py", line 126, in import_module
    return _bootstrap._gcd_import(name[level:], package, level)
  File "<frozen importlib._bootstrap>", line 1050, in _gcd_import
  File "<frozen importlib._bootstrap>", line 1027, in _find_and_load
  File "<frozen importlib._bootstrap>", line 1006, in _find_and_load_unlocked
  File "<frozen importlib._bootstrap>", line 688, in _load_unlocked
  File "<frozen importlib._bootstrap_external>", line 883, in exec_module
  File "<frozen importlib._bootstrap>", line 241, in _call_with_frames_removed
  File "/home/sachit/Documents/VSCProjects/optimiseGEO/venv/lib/python3.10/site-packages/transformers/models/donut/image_processing_donut.py", line 17, in <module>
    from torchvision.transforms.v2 import functional as tvF
ModuleNotFoundError: No module named 'torchvision'
2026-07-29 20:21:23.882 Examining the path of transformers.models.dpt.image_processing_dpt_fast raised:
Traceback (most recent call last):
  File "/home/sachit/Documents/VSCProjects/optimiseGEO/venv/lib/python3.10/site-packages/streamlit/watcher/local_sources_watcher.py", line 340, in get_module_paths
    potential_paths = extract_paths(module)
  File "/home/sachit/Documents/VSCProjects/optimiseGEO/venv/lib/python3.10/site-packages/streamlit/watcher/local_sources_watcher.py", line 327, in <lambda>
    if hasattr(m, "__path__")
  File "/home/sachit/Documents/VSCProjects/optimiseGEO/venv/lib/python3.10/site-packages/transformers/__init__.py", line 862, in _getattr
    return getattr(importlib.import_module(target, __name__), name)
  File "/usr/lib/python3.10/importlib/__init__.py", line 126, in import_module
    return _bootstrap._gcd_import(name[level:], package, level)
  File "<frozen importlib._bootstrap>", line 1050, in _gcd_import
  File "<frozen importlib._bootstrap>", line 1027, in _find_and_load
  File "<frozen importlib._bootstrap>", line 1006, in _find_and_load_unlocked
  File "<frozen importlib._bootstrap>", line 688, in _load_unlocked
  File "<frozen importlib._bootstrap_external>", line 883, in exec_module
  File "<frozen importlib._bootstrap>", line 241, in _call_with_frames_removed
  File "/home/sachit/Documents/VSCProjects/optimiseGEO/venv/lib/python3.10/site-packages/transformers/models/dpt/image_processing_dpt.py", line 28, in <module>
    from torchvision.transforms.v2 import functional as tvF
ModuleNotFoundError: No module named 'torchvision'
2026-07-29 20:21:23.883 Examining the path of transformers.models.efficientloftr.image_processing_efficientloftr_fast raised:
Traceback (most recent call last):
  File "/home/sachit/Documents/VSCProjects/optimiseGEO/venv/lib/python3.10/site-packages/streamlit/watcher/local_sources_watcher.py", line 340, in get_module_paths
    potential_paths = extract_paths(module)
  File "/home/sachit/Documents/VSCProjects/optimiseGEO/venv/lib/python3.10/site-packages/streamlit/watcher/local_sources_watcher.py", line 327, in <lambda>
    if hasattr(m, "__path__")
  File "/home/sachit/Documents/VSCProjects/optimiseGEO/venv/lib/python3.10/site-packages/transformers/__init__.py", line 862, in _getattr
    return getattr(importlib.import_module(target, __name__), name)
  File "/usr/lib/python3.10/importlib/__init__.py", line 126, in import_module
    return _bootstrap._gcd_import(name[level:], package, level)
  File "<frozen importlib._bootstrap>", line 1050, in _gcd_import
  File "<frozen importlib._bootstrap>", line 1027, in _find_and_load
  File "<frozen importlib._bootstrap>", line 1006, in _find_and_load_unlocked
  File "<frozen importlib._bootstrap>", line 688, in _load_unlocked
  File "<frozen importlib._bootstrap_external>", line 883, in exec_module
  File "<frozen importlib._bootstrap>", line 241, in _call_with_frames_removed
  File "/home/sachit/Documents/VSCProjects/optimiseGEO/venv/lib/python3.10/site-packages/transformers/models/efficientloftr/image_processing_efficientloftr.py", line 10, in <module>
    from torchvision.transforms.v2 import functional as tvF
ModuleNotFoundError: No module named 'torchvision'
2026-07-29 20:21:23.884 Examining the path of transformers.models.efficientnet.image_processing_efficientnet_fast raised:
Traceback (most recent call last):
  File "/home/sachit/Documents/VSCProjects/optimiseGEO/venv/lib/python3.10/site-packages/streamlit/watcher/local_sources_watcher.py", line 340, in get_module_paths
    potential_paths = extract_paths(module)
  File "/home/sachit/Documents/VSCProjects/optimiseGEO/venv/lib/python3.10/site-packages/streamlit/watcher/local_sources_watcher.py", line 327, in <lambda>
    if hasattr(m, "__path__")
  File "/home/sachit/Documents/VSCProjects/optimiseGEO/venv/lib/python3.10/site-packages/transformers/__init__.py", line 862, in _getattr
    return getattr(importlib.import_module(target, __name__), name)
  File "/usr/lib/python3.10/importlib/__init__.py", line 126, in import_module
    return _bootstrap._gcd_import(name[level:], package, level)
  File "<frozen importlib._bootstrap>", line 1050, in _gcd_import
  File "<frozen importlib._bootstrap>", line 1027, in _find_and_load
  File "<frozen importlib._bootstrap>", line 1006, in _find_and_load_unlocked
  File "<frozen importlib._bootstrap>", line 688, in _load_unlocked
  File "<frozen importlib._bootstrap_external>", line 883, in exec_module
  File "<frozen importlib._bootstrap>", line 241, in _call_with_frames_removed
  File "/home/sachit/Documents/VSCProjects/optimiseGEO/venv/lib/python3.10/site-packages/transformers/models/efficientnet/image_processing_efficientnet.py", line 20, in <module>
    from torchvision.transforms.v2 import functional as tvF
ModuleNotFoundError: No module named 'torchvision'
2026-07-29 20:21:23.884 Examining the path of transformers.models.eomt.image_processing_eomt_fast raised:
Traceback (most recent call last):
  File "/home/sachit/Documents/VSCProjects/optimiseGEO/venv/lib/python3.10/site-packages/streamlit/watcher/local_sources_watcher.py", line 340, in get_module_paths
    potential_paths = extract_paths(module)
  File "/home/sachit/Documents/VSCProjects/optimiseGEO/venv/lib/python3.10/site-packages/streamlit/watcher/local_sources_watcher.py", line 327, in <lambda>
    if hasattr(m, "__path__")
  File "/home/sachit/Documents/VSCProjects/optimiseGEO/venv/lib/python3.10/site-packages/transformers/__init__.py", line 862, in _getattr
    return getattr(importlib.import_module(target, __name__), name)
  File "/usr/lib/python3.10/importlib/__init__.py", line 126, in import_module
    return _bootstrap._gcd_import(name[level:], package, level)
  File "<frozen importlib._bootstrap>", line 1050, in _gcd_import
  File "<frozen importlib._bootstrap>", line 1027, in _find_and_load
  File "<frozen importlib._bootstrap>", line 1006, in _find_and_load_unlocked
  File "<frozen importlib._bootstrap>", line 688, in _load_unlocked
  File "<frozen importlib._bootstrap_external>", line 883, in exec_module
  File "<frozen importlib._bootstrap>", line 241, in _call_with_frames_removed
  File "/home/sachit/Documents/VSCProjects/optimiseGEO/venv/lib/python3.10/site-packages/transformers/models/eomt/image_processing_eomt.py", line 20, in <module>
    from torchvision.transforms.v2 import functional as tvF
ModuleNotFoundError: No module named 'torchvision'
2026-07-29 20:21:23.885 Examining the path of transformers.models.ernie4_5_vl_moe.image_processing_ernie4_5_vl_moe_fast raised:
Traceback (most recent call last):
  File "/home/sachit/Documents/VSCProjects/optimiseGEO/venv/lib/python3.10/site-packages/streamlit/watcher/local_sources_watcher.py", line 340, in get_module_paths
    potential_paths = extract_paths(module)
  File "/home/sachit/Documents/VSCProjects/optimiseGEO/venv/lib/python3.10/site-packages/streamlit/watcher/local_sources_watcher.py", line 327, in <lambda>
    if hasattr(m, "__path__")
  File "/home/sachit/Documents/VSCProjects/optimiseGEO/venv/lib/python3.10/site-packages/transformers/__init__.py", line 862, in _getattr
    return getattr(importlib.import_module(target, __name__), name)
  File "/usr/lib/python3.10/importlib/__init__.py", line 126, in import_module
    return _bootstrap._gcd_import(name[level:], package, level)
  File "<frozen importlib._bootstrap>", line 1050, in _gcd_import
  File "<frozen importlib._bootstrap>", line 1027, in _find_and_load
  File "<frozen importlib._bootstrap>", line 1006, in _find_and_load_unlocked
  File "<frozen importlib._bootstrap>", line 688, in _load_unlocked
  File "<frozen importlib._bootstrap_external>", line 883, in exec_module
  File "<frozen importlib._bootstrap>", line 241, in _call_with_frames_removed
  File "/home/sachit/Documents/VSCProjects/optimiseGEO/venv/lib/python3.10/site-packages/transformers/models/ernie4_5_vl_moe/image_processing_ernie4_5_vl_moe.py", line 23, in <module>
    from torchvision.transforms.v2 import functional as tvF
ModuleNotFoundError: No module named 'torchvision'
2026-07-29 20:21:23.885 Examining the path of transformers.models.flava.image_processing_flava_fast raised:
Traceback (most recent call last):
  File "/home/sachit/Documents/VSCProjects/optimiseGEO/venv/lib/python3.10/site-packages/streamlit/watcher/local_sources_watcher.py", line 340, in get_module_paths
    potential_paths = extract_paths(module)
  File "/home/sachit/Documents/VSCProjects/optimiseGEO/venv/lib/python3.10/site-packages/streamlit/watcher/local_sources_watcher.py", line 327, in <lambda>
    if hasattr(m, "__path__")
  File "/home/sachit/Documents/VSCProjects/optimiseGEO/venv/lib/python3.10/site-packages/transformers/__init__.py", line 862, in _getattr
    return getattr(importlib.import_module(target, __name__), name)
  File "/usr/lib/python3.10/importlib/__init__.py", line 126, in import_module
    return _bootstrap._gcd_import(name[level:], package, level)
  File "<frozen importlib._bootstrap>", line 1050, in _gcd_import
  File "<frozen importlib._bootstrap>", line 1027, in _find_and_load
  File "<frozen importlib._bootstrap>", line 1006, in _find_and_load_unlocked
  File "<frozen importlib._bootstrap>", line 688, in _load_unlocked
  File "<frozen importlib._bootstrap_external>", line 883, in exec_module
  File "<frozen importlib._bootstrap>", line 241, in _call_with_frames_removed
  File "/home/sachit/Documents/VSCProjects/optimiseGEO/venv/lib/python3.10/site-packages/transformers/models/flava/image_processing_flava.py", line 23, in <module>
    from torchvision.transforms.v2 import functional as tvF
ModuleNotFoundError: No module named 'torchvision'
2026-07-29 20:21:23.886 Examining the path of transformers.models.fuyu.image_processing_fuyu_fast raised:
Traceback (most recent call last):
  File "/home/sachit/Documents/VSCProjects/optimiseGEO/venv/lib/python3.10/site-packages/streamlit/watcher/local_sources_watcher.py", line 340, in get_module_paths
    potential_paths = extract_paths(module)
  File "/home/sachit/Documents/VSCProjects/optimiseGEO/venv/lib/python3.10/site-packages/streamlit/watcher/local_sources_watcher.py", line 327, in <lambda>
    if hasattr(m, "__path__")
  File "/home/sachit/Documents/VSCProjects/optimiseGEO/venv/lib/python3.10/site-packages/transformers/__init__.py", line 862, in _getattr
    return getattr(importlib.import_module(target, __name__), name)
  File "/usr/lib/python3.10/importlib/__init__.py", line 126, in import_module
    return _bootstrap._gcd_import(name[level:], package, level)
  File "<frozen importlib._bootstrap>", line 1050, in _gcd_import
  File "<frozen importlib._bootstrap>", line 1027, in _find_and_load
  File "<frozen importlib._bootstrap>", line 1006, in _find_and_load_unlocked
  File "<frozen importlib._bootstrap>", line 688, in _load_unlocked
  File "<frozen importlib._bootstrap_external>", line 883, in exec_module
  File "<frozen importlib._bootstrap>", line 241, in _call_with_frames_removed
  File "/home/sachit/Documents/VSCProjects/optimiseGEO/venv/lib/python3.10/site-packages/transformers/models/fuyu/image_processing_fuyu.py", line 19, in <module>
    from torchvision.transforms.v2 import functional as tvF
ModuleNotFoundError: No module named 'torchvision'
2026-07-29 20:21:23.886 Examining the path of transformers.models.gemma3.image_processing_gemma3_fast raised:
Traceback (most recent call last):
  File "/home/sachit/Documents/VSCProjects/optimiseGEO/venv/lib/python3.10/site-packages/streamlit/watcher/local_sources_watcher.py", line 340, in get_module_paths
    potential_paths = extract_paths(module)
  File "/home/sachit/Documents/VSCProjects/optimiseGEO/venv/lib/python3.10/site-packages/streamlit/watcher/local_sources_watcher.py", line 327, in <lambda>
    if hasattr(m, "__path__")
  File "/home/sachit/Documents/VSCProjects/optimiseGEO/venv/lib/python3.10/site-packages/transformers/__init__.py", line 862, in _getattr
    return getattr(importlib.import_module(target, __name__), name)
  File "/usr/lib/python3.10/importlib/__init__.py", line 126, in import_module
    return _bootstrap._gcd_import(name[level:], package, level)
  File "<frozen importlib._bootstrap>", line 1050, in _gcd_import
  File "<frozen importlib._bootstrap>", line 1027, in _find_and_load
  File "<frozen importlib._bootstrap>", line 1006, in _find_and_load_unlocked
  File "<frozen importlib._bootstrap>", line 688, in _load_unlocked
  File "<frozen importlib._bootstrap_external>", line 883, in exec_module
  File "<frozen importlib._bootstrap>", line 241, in _call_with_frames_removed
  File "/home/sachit/Documents/VSCProjects/optimiseGEO/venv/lib/python3.10/site-packages/transformers/models/gemma3/image_processing_gemma3.py", line 20, in <module>
    from torchvision.transforms.v2 import functional as tvF
ModuleNotFoundError: No module named 'torchvision'
2026-07-29 20:21:23.887 Examining the path of transformers.models.gemma4.image_processing_gemma4_fast raised:
Traceback (most recent call last):
  File "/home/sachit/Documents/VSCProjects/optimiseGEO/venv/lib/python3.10/site-packages/streamlit/watcher/local_sources_watcher.py", line 340, in get_module_paths
    potential_paths = extract_paths(module)
  File "/home/sachit/Documents/VSCProjects/optimiseGEO/venv/lib/python3.10/site-packages/streamlit/watcher/local_sources_watcher.py", line 327, in <lambda>
    if hasattr(m, "__path__")
  File "/home/sachit/Documents/VSCProjects/optimiseGEO/venv/lib/python3.10/site-packages/transformers/__init__.py", line 862, in _getattr
    return getattr(importlib.import_module(target, __name__), name)
  File "/usr/lib/python3.10/importlib/__init__.py", line 126, in import_module
    return _bootstrap._gcd_import(name[level:], package, level)
  File "<frozen importlib._bootstrap>", line 1050, in _gcd_import
  File "<frozen importlib._bootstrap>", line 1027, in _find_and_load
  File "<frozen importlib._bootstrap>", line 1006, in _find_and_load_unlocked
  File "<frozen importlib._bootstrap>", line 688, in _load_unlocked
  File "<frozen importlib._bootstrap_external>", line 883, in exec_module
  File "<frozen importlib._bootstrap>", line 241, in _call_with_frames_removed
  File "/home/sachit/Documents/VSCProjects/optimiseGEO/venv/lib/python3.10/site-packages/transformers/models/gemma4/image_processing_gemma4.py", line 17, in <module>
    from torchvision.transforms.v2 import functional as tvF
ModuleNotFoundError: No module named 'torchvision'
2026-07-29 20:21:23.888 Examining the path of transformers.models.gemma4_unified.image_processing_gemma4_unified_fast raised:
Traceback (most recent call last):
  File "/home/sachit/Documents/VSCProjects/optimiseGEO/venv/lib/python3.10/site-packages/streamlit/watcher/local_sources_watcher.py", line 340, in get_module_paths
    potential_paths = extract_paths(module)
  File "/home/sachit/Documents/VSCProjects/optimiseGEO/venv/lib/python3.10/site-packages/streamlit/watcher/local_sources_watcher.py", line 327, in <lambda>
    if hasattr(m, "__path__")
  File "/home/sachit/Documents/VSCProjects/optimiseGEO/venv/lib/python3.10/site-packages/transformers/__init__.py", line 862, in _getattr
    return getattr(importlib.import_module(target, __name__), name)
  File "/usr/lib/python3.10/importlib/__init__.py", line 126, in import_module
    return _bootstrap._gcd_import(name[level:], package, level)
  File "<frozen importlib._bootstrap>", line 1050, in _gcd_import
  File "<frozen importlib._bootstrap>", line 1027, in _find_and_load
  File "<frozen importlib._bootstrap>", line 1006, in _find_and_load_unlocked
  File "<frozen importlib._bootstrap>", line 688, in _load_unlocked
  File "<frozen importlib._bootstrap_external>", line 883, in exec_module
  File "<frozen importlib._bootstrap>", line 241, in _call_with_frames_removed
  File "/home/sachit/Documents/VSCProjects/optimiseGEO/venv/lib/python3.10/site-packages/transformers/models/gemma4_unified/image_processing_gemma4_unified.py", line 23, in <module>
    from torchvision.transforms.v2 import functional as tvF
ModuleNotFoundError: No module named 'torchvision'
2026-07-29 20:21:23.888 Examining the path of transformers.models.glm46v.image_processing_glm46v_fast raised:
Traceback (most recent call last):
  File "/home/sachit/Documents/VSCProjects/optimiseGEO/venv/lib/python3.10/site-packages/streamlit/watcher/local_sources_watcher.py", line 340, in get_module_paths
    potential_paths = extract_paths(module)
  File "/home/sachit/Documents/VSCProjects/optimiseGEO/venv/lib/python3.10/site-packages/streamlit/watcher/local_sources_watcher.py", line 327, in <lambda>
    if hasattr(m, "__path__")
  File "/home/sachit/Documents/VSCProjects/optimiseGEO/venv/lib/python3.10/site-packages/transformers/__init__.py", line 862, in _getattr
    return getattr(importlib.import_module(target, __name__), name)
  File "/usr/lib/python3.10/importlib/__init__.py", line 126, in import_module
    return _bootstrap._gcd_import(name[level:], package, level)
  File "<frozen importlib._bootstrap>", line 1050, in _gcd_import
  File "<frozen importlib._bootstrap>", line 1027, in _find_and_load
  File "<frozen importlib._bootstrap>", line 1006, in _find_and_load_unlocked
  File "<frozen importlib._bootstrap>", line 688, in _load_unlocked
  File "<frozen importlib._bootstrap_external>", line 883, in exec_module
  File "<frozen importlib._bootstrap>", line 241, in _call_with_frames_removed
  File "/home/sachit/Documents/VSCProjects/optimiseGEO/venv/lib/python3.10/site-packages/transformers/models/glm46v/image_processing_glm46v.py", line 25, in <module>
    from torchvision.transforms.v2 import functional as tvF
ModuleNotFoundError: No module named 'torchvision'
2026-07-29 20:21:23.889 Examining the path of transformers.models.glm4v.image_processing_glm4v_fast raised:
Traceback (most recent call last):
  File "/home/sachit/Documents/VSCProjects/optimiseGEO/venv/lib/python3.10/site-packages/streamlit/watcher/local_sources_watcher.py", line 340, in get_module_paths
    potential_paths = extract_paths(module)
  File "/home/sachit/Documents/VSCProjects/optimiseGEO/venv/lib/python3.10/site-packages/streamlit/watcher/local_sources_watcher.py", line 327, in <lambda>
    if hasattr(m, "__path__")
  File "/home/sachit/Documents/VSCProjects/optimiseGEO/venv/lib/python3.10/site-packages/transformers/__init__.py", line 862, in _getattr
    return getattr(importlib.import_module(target, __name__), name)
  File "/usr/lib/python3.10/importlib/__init__.py", line 126, in import_module
    return _bootstrap._gcd_import(name[level:], package, level)
  File "<frozen importlib._bootstrap>", line 1050, in _gcd_import
  File "<frozen importlib._bootstrap>", line 1027, in _find_and_load
  File "<frozen importlib._bootstrap>", line 1006, in _find_and_load_unlocked
  File "<frozen importlib._bootstrap>", line 688, in _load_unlocked
  File "<frozen importlib._bootstrap_external>", line 883, in exec_module
  File "<frozen importlib._bootstrap>", line 241, in _call_with_frames_removed
  File "/home/sachit/Documents/VSCProjects/optimiseGEO/venv/lib/python3.10/site-packages/transformers/models/glm4v/image_processing_glm4v.py", line 19, in <module>
    from torchvision.transforms.v2 import functional as tvF
ModuleNotFoundError: No module named 'torchvision'
2026-07-29 20:21:23.889 Examining the path of transformers.models.glm_image.image_processing_glm_image_fast raised:
Traceback (most recent call last):
  File "/home/sachit/Documents/VSCProjects/optimiseGEO/venv/lib/python3.10/site-packages/streamlit/watcher/local_sources_watcher.py", line 340, in get_module_paths
    potential_paths = extract_paths(module)
  File "/home/sachit/Documents/VSCProjects/optimiseGEO/venv/lib/python3.10/site-packages/streamlit/watcher/local_sources_watcher.py", line 327, in <lambda>
    if hasattr(m, "__path__")
  File "/home/sachit/Documents/VSCProjects/optimiseGEO/venv/lib/python3.10/site-packages/transformers/__init__.py", line 862, in _getattr
    return getattr(importlib.import_module(target, __name__), name)
  File "/usr/lib/python3.10/importlib/__init__.py", line 126, in import_module
    return _bootstrap._gcd_import(name[level:], package, level)
  File "<frozen importlib._bootstrap>", line 1050, in _gcd_import
  File "<frozen importlib._bootstrap>", line 1027, in _find_and_load
  File "<frozen importlib._bootstrap>", line 1006, in _find_and_load_unlocked
  File "<frozen importlib._bootstrap>", line 688, in _load_unlocked
  File "<frozen importlib._bootstrap_external>", line 883, in exec_module
  File "<frozen importlib._bootstrap>", line 241, in _call_with_frames_removed
  File "/home/sachit/Documents/VSCProjects/optimiseGEO/venv/lib/python3.10/site-packages/transformers/models/glm_image/image_processing_glm_image.py", line 25, in <module>
    from torchvision.transforms.v2 import functional as tvF
ModuleNotFoundError: No module named 'torchvision'
2026-07-29 20:21:23.890 Examining the path of transformers.models.glmga.image_processing_glmga_fast raised:
Traceback (most recent call last):
  File "/home/sachit/Documents/VSCProjects/optimiseGEO/venv/lib/python3.10/site-packages/streamlit/watcher/local_sources_watcher.py", line 340, in get_module_paths
    potential_paths = extract_paths(module)
  File "/home/sachit/Documents/VSCProjects/optimiseGEO/venv/lib/python3.10/site-packages/streamlit/watcher/local_sources_watcher.py", line 327, in <lambda>
    if hasattr(m, "__path__")
  File "/home/sachit/Documents/VSCProjects/optimiseGEO/venv/lib/python3.10/site-packages/transformers/__init__.py", line 862, in _getattr
    return getattr(importlib.import_module(target, __name__), name)
  File "/usr/lib/python3.10/importlib/__init__.py", line 126, in import_module
    return _bootstrap._gcd_import(name[level:], package, level)
  File "<frozen importlib._bootstrap>", line 1050, in _gcd_import
  File "<frozen importlib._bootstrap>", line 1027, in _find_and_load
  File "<frozen importlib._bootstrap>", line 1006, in _find_and_load_unlocked
  File "<frozen importlib._bootstrap>", line 688, in _load_unlocked
  File "<frozen importlib._bootstrap_external>", line 883, in exec_module
  File "<frozen importlib._bootstrap>", line 241, in _call_with_frames_removed
  File "/home/sachit/Documents/VSCProjects/optimiseGEO/venv/lib/python3.10/site-packages/transformers/models/glmga/image_processing_glmga.py", line 24, in <module>
    from torchvision.transforms.v2 import functional as tvF
ModuleNotFoundError: No module named 'torchvision'
2026-07-29 20:21:23.890 Examining the path of transformers.models.glpn.image_processing_glpn_fast raised:
Traceback (most recent call last):
  File "/home/sachit/Documents/VSCProjects/optimiseGEO/venv/lib/python3.10/site-packages/streamlit/watcher/local_sources_watcher.py", line 340, in get_module_paths
    potential_paths = extract_paths(module)
  File "/home/sachit/Documents/VSCProjects/optimiseGEO/venv/lib/python3.10/site-packages/streamlit/watcher/local_sources_watcher.py", line 327, in <lambda>
    if hasattr(m, "__path__")
  File "/home/sachit/Documents/VSCProjects/optimiseGEO/venv/lib/python3.10/site-packages/transformers/__init__.py", line 862, in _getattr
    return getattr(importlib.import_module(target, __name__), name)
  File "/usr/lib/python3.10/importlib/__init__.py", line 126, in import_module
    return _bootstrap._gcd_import(name[level:], package, level)
  File "<frozen importlib._bootstrap>", line 1050, in _gcd_import
  File "<frozen importlib._bootstrap>", line 1027, in _find_and_load
  File "<frozen importlib._bootstrap>", line 1006, in _find_and_load_unlocked
  File "<frozen importlib._bootstrap>", line 688, in _load_unlocked
  File "<frozen importlib._bootstrap_external>", line 883, in exec_module
  File "<frozen importlib._bootstrap>", line 241, in _call_with_frames_removed
  File "/home/sachit/Documents/VSCProjects/optimiseGEO/venv/lib/python3.10/site-packages/transformers/models/glpn/image_processing_glpn.py", line 34, in <module>
    from torchvision.transforms.v2 import functional as tvF
ModuleNotFoundError: No module named 'torchvision'
2026-07-29 20:21:23.891 Examining the path of transformers.models.got_ocr2.image_processing_got_ocr2_fast raised:
Traceback (most recent call last):
  File "/home/sachit/Documents/VSCProjects/optimiseGEO/venv/lib/python3.10/site-packages/streamlit/watcher/local_sources_watcher.py", line 340, in get_module_paths
    potential_paths = extract_paths(module)
  File "/home/sachit/Documents/VSCProjects/optimiseGEO/venv/lib/python3.10/site-packages/streamlit/watcher/local_sources_watcher.py", line 327, in <lambda>
    if hasattr(m, "__path__")
  File "/home/sachit/Documents/VSCProjects/optimiseGEO/venv/lib/python3.10/site-packages/transformers/__init__.py", line 862, in _getattr
    return getattr(importlib.import_module(target, __name__), name)
  File "/usr/lib/python3.10/importlib/__init__.py", line 126, in import_module
    return _bootstrap._gcd_import(name[level:], package, level)
  File "<frozen importlib._bootstrap>", line 1050, in _gcd_import
  File "<frozen importlib._bootstrap>", line 1027, in _find_and_load
  File "<frozen importlib._bootstrap>", line 1006, in _find_and_load_unlocked
  File "<frozen importlib._bootstrap>", line 688, in _load_unlocked
  File "<frozen importlib._bootstrap_external>", line 883, in exec_module
  File "<frozen importlib._bootstrap>", line 241, in _call_with_frames_removed
  File "/home/sachit/Documents/VSCProjects/optimiseGEO/venv/lib/python3.10/site-packages/transformers/models/got_ocr2/image_processing_got_ocr2.py", line 19, in <module>
    from torchvision.transforms.v2 import functional as tvF
ModuleNotFoundError: No module named 'torchvision'
2026-07-29 20:21:23.891 Examining the path of transformers.models.grounding_dino.image_processing_grounding_dino_fast raised:
Traceback (most recent call last):
  File "/home/sachit/Documents/VSCProjects/optimiseGEO/venv/lib/python3.10/site-packages/streamlit/watcher/local_sources_watcher.py", line 340, in get_module_paths
    potential_paths = extract_paths(module)
  File "/home/sachit/Documents/VSCProjects/optimiseGEO/venv/lib/python3.10/site-packages/streamlit/watcher/local_sources_watcher.py", line 327, in <lambda>
    if hasattr(m, "__path__")
  File "/home/sachit/Documents/VSCProjects/optimiseGEO/venv/lib/python3.10/site-packages/transformers/__init__.py", line 862, in _getattr
    return getattr(importlib.import_module(target, __name__), name)
  File "/usr/lib/python3.10/importlib/__init__.py", line 126, in import_module
    return _bootstrap._gcd_import(name[level:], package, level)
  File "<frozen importlib._bootstrap>", line 1050, in _gcd_import
  File "<frozen importlib._bootstrap>", line 1027, in _find_and_load
  File "<frozen importlib._bootstrap>", line 1006, in _find_and_load_unlocked
  File "<frozen importlib._bootstrap>", line 688, in _load_unlocked
  File "<frozen importlib._bootstrap_external>", line 883, in exec_module
  File "<frozen importlib._bootstrap>", line 241, in _call_with_frames_removed
  File "/home/sachit/Documents/VSCProjects/optimiseGEO/venv/lib/python3.10/site-packages/transformers/models/grounding_dino/image_processing_grounding_dino.py", line 30, in <module>
    from torchvision.io import read_image
ModuleNotFoundError: No module named 'torchvision'
2026-07-29 20:21:23.892 Examining the path of transformers.models.hunyuan_vl.image_processing_hunyuan_vl_fast raised:
Traceback (most recent call last):
  File "/home/sachit/Documents/VSCProjects/optimiseGEO/venv/lib/python3.10/site-packages/streamlit/watcher/local_sources_watcher.py", line 340, in get_module_paths
    potential_paths = extract_paths(module)
  File "/home/sachit/Documents/VSCProjects/optimiseGEO/venv/lib/python3.10/site-packages/streamlit/watcher/local_sources_watcher.py", line 327, in <lambda>
    if hasattr(m, "__path__")
  File "/home/sachit/Documents/VSCProjects/optimiseGEO/venv/lib/python3.10/site-packages/transformers/__init__.py", line 862, in _getattr
    return getattr(importlib.import_module(target, __name__), name)
  File "/usr/lib/python3.10/importlib/__init__.py", line 126, in import_module
    return _bootstrap._gcd_import(name[level:], package, level)
  File "<frozen importlib._bootstrap>", line 1050, in _gcd_import
  File "<frozen importlib._bootstrap>", line 1027, in _find_and_load
  File "<frozen importlib._bootstrap>", line 1006, in _find_and_load_unlocked
  File "<frozen importlib._bootstrap>", line 688, in _load_unlocked
  File "<frozen importlib._bootstrap_external>", line 883, in exec_module
  File "<frozen importlib._bootstrap>", line 241, in _call_with_frames_removed
  File "/home/sachit/Documents/VSCProjects/optimiseGEO/venv/lib/python3.10/site-packages/transformers/models/hunyuan_vl/image_processing_hunyuan_vl.py", line 25, in <module>
    from torchvision.transforms.v2 import functional as tvF
ModuleNotFoundError: No module named 'torchvision'
2026-07-29 20:21:23.893 Examining the path of transformers.models.idefics2.image_processing_idefics2_fast raised:
Traceback (most recent call last):
  File "/home/sachit/Documents/VSCProjects/optimiseGEO/venv/lib/python3.10/site-packages/streamlit/watcher/local_sources_watcher.py", line 340, in get_module_paths
    potential_paths = extract_paths(module)
  File "/home/sachit/Documents/VSCProjects/optimiseGEO/venv/lib/python3.10/site-packages/streamlit/watcher/local_sources_watcher.py", line 327, in <lambda>
    if hasattr(m, "__path__")
  File "/home/sachit/Documents/VSCProjects/optimiseGEO/venv/lib/python3.10/site-packages/transformers/__init__.py", line 862, in _getattr
    return getattr(importlib.import_module(target, __name__), name)
  File "/usr/lib/python3.10/importlib/__init__.py", line 126, in import_module
    return _bootstrap._gcd_import(name[level:], package, level)
  File "<frozen importlib._bootstrap>", line 1050, in _gcd_import
  File "<frozen importlib._bootstrap>", line 1027, in _find_and_load
  File "<frozen importlib._bootstrap>", line 1006, in _find_and_load_unlocked
  File "<frozen importlib._bootstrap>", line 688, in _load_unlocked
  File "<frozen importlib._bootstrap_external>", line 883, in exec_module
  File "<frozen importlib._bootstrap>", line 241, in _call_with_frames_removed
  File "/home/sachit/Documents/VSCProjects/optimiseGEO/venv/lib/python3.10/site-packages/transformers/models/idefics2/image_processing_idefics2.py", line 37, in <module>
    from torchvision.transforms.v2 import functional as tvF
ModuleNotFoundError: No module named 'torchvision'
2026-07-29 20:21:23.893 Examining the path of transformers.models.idefics3.image_processing_idefics3_fast raised:
Traceback (most recent call last):
  File "/home/sachit/Documents/VSCProjects/optimiseGEO/venv/lib/python3.10/site-packages/streamlit/watcher/local_sources_watcher.py", line 340, in get_module_paths
    potential_paths = extract_paths(module)
  File "/home/sachit/Documents/VSCProjects/optimiseGEO/venv/lib/python3.10/site-packages/streamlit/watcher/local_sources_watcher.py", line 327, in <lambda>
    if hasattr(m, "__path__")
  File "/home/sachit/Documents/VSCProjects/optimiseGEO/venv/lib/python3.10/site-packages/transformers/__init__.py", line 862, in _getattr
    return getattr(importlib.import_module(target, __name__), name)
  File "/usr/lib/python3.10/importlib/__init__.py", line 126, in import_module
    return _bootstrap._gcd_import(name[level:], package, level)
  File "<frozen importlib._bootstrap>", line 1050, in _gcd_import
  File "<frozen importlib._bootstrap>", line 1027, in _find_and_load
  File "<frozen importlib._bootstrap>", line 1006, in _find_and_load_unlocked
  File "<frozen importlib._bootstrap>", line 688, in _load_unlocked
  File "<frozen importlib._bootstrap_external>", line 883, in exec_module
  File "<frozen importlib._bootstrap>", line 241, in _call_with_frames_removed
  File "/home/sachit/Documents/VSCProjects/optimiseGEO/venv/lib/python3.10/site-packages/transformers/models/idefics3/image_processing_idefics3.py", line 20, in <module>
    from torchvision.transforms.v2 import functional as tvF
ModuleNotFoundError: No module named 'torchvision'
2026-07-29 20:21:23.894 Examining the path of transformers.models.imagegpt.image_processing_imagegpt_fast raised:
Traceback (most recent call last):
  File "/home/sachit/Documents/VSCProjects/optimiseGEO/venv/lib/python3.10/site-packages/streamlit/watcher/local_sources_watcher.py", line 340, in get_module_paths
    potential_paths = extract_paths(module)
  File "/home/sachit/Documents/VSCProjects/optimiseGEO/venv/lib/python3.10/site-packages/streamlit/watcher/local_sources_watcher.py", line 327, in <lambda>
    if hasattr(m, "__path__")
  File "/home/sachit/Documents/VSCProjects/optimiseGEO/venv/lib/python3.10/site-packages/transformers/__init__.py", line 862, in _getattr
    return getattr(importlib.import_module(target, __name__), name)
  File "/usr/lib/python3.10/importlib/__init__.py", line 126, in import_module
    return _bootstrap._gcd_import(name[level:], package, level)
  File "<frozen importlib._bootstrap>", line 1050, in _gcd_import
  File "<frozen importlib._bootstrap>", line 1027, in _find_and_load
  File "<frozen importlib._bootstrap>", line 1006, in _find_and_load_unlocked
  File "<frozen importlib._bootstrap>", line 688, in _load_unlocked
  File "<frozen importlib._bootstrap_external>", line 883, in exec_module
  File "<frozen importlib._bootstrap>", line 241, in _call_with_frames_removed
  File "/home/sachit/Documents/VSCProjects/optimiseGEO/venv/lib/python3.10/site-packages/transformers/models/imagegpt/image_processing_imagegpt.py", line 20, in <module>
    from torchvision.transforms.v2 import functional as tvF
ModuleNotFoundError: No module named 'torchvision'
2026-07-29 20:21:23.894 Examining the path of transformers.models.inkling.image_processing_inkling_fast raised:
Traceback (most recent call last):
  File "/home/sachit/Documents/VSCProjects/optimiseGEO/venv/lib/python3.10/site-packages/streamlit/watcher/local_sources_watcher.py", line 340, in get_module_paths
    potential_paths = extract_paths(module)
  File "/home/sachit/Documents/VSCProjects/optimiseGEO/venv/lib/python3.10/site-packages/streamlit/watcher/local_sources_watcher.py", line 327, in <lambda>
    if hasattr(m, "__path__")
  File "/home/sachit/Documents/VSCProjects/optimiseGEO/venv/lib/python3.10/site-packages/transformers/__init__.py", line 862, in _getattr
    return getattr(importlib.import_module(target, __name__), name)
  File "/usr/lib/python3.10/importlib/__init__.py", line 126, in import_module
    return _bootstrap._gcd_import(name[level:], package, level)
  File "<frozen importlib._bootstrap>", line 1050, in _gcd_import
  File "<frozen importlib._bootstrap>", line 1027, in _find_and_load
  File "<frozen importlib._bootstrap>", line 1006, in _find_and_load_unlocked
  File "<frozen importlib._bootstrap>", line 688, in _load_unlocked
  File "<frozen importlib._bootstrap_external>", line 883, in exec_module
  File "<frozen importlib._bootstrap>", line 241, in _call_with_frames_removed
  File "/home/sachit/Documents/VSCProjects/optimiseGEO/venv/lib/python3.10/site-packages/transformers/models/inkling/image_processing_inkling.py", line 19, in <module>
    from torchvision.transforms.v2 import functional as tvF
ModuleNotFoundError: No module named 'torchvision'
2026-07-29 20:21:23.895 Examining the path of transformers.models.janus.image_processing_janus_fast raised:
Traceback (most recent call last):
  File "/home/sachit/Documents/VSCProjects/optimiseGEO/venv/lib/python3.10/site-packages/streamlit/watcher/local_sources_watcher.py", line 340, in get_module_paths
    potential_paths = extract_paths(module)
  File "/home/sachit/Documents/VSCProjects/optimiseGEO/venv/lib/python3.10/site-packages/streamlit/watcher/local_sources_watcher.py", line 327, in <lambda>
    if hasattr(m, "__path__")
  File "/home/sachit/Documents/VSCProjects/optimiseGEO/venv/lib/python3.10/site-packages/transformers/__init__.py", line 862, in _getattr
    return getattr(importlib.import_module(target, __name__), name)
  File "/usr/lib/python3.10/importlib/__init__.py", line 126, in import_module
    return _bootstrap._gcd_import(name[level:], package, level)
  File "<frozen importlib._bootstrap>", line 1050, in _gcd_import
  File "<frozen importlib._bootstrap>", line 1027, in _find_and_load
  File "<frozen importlib._bootstrap>", line 1006, in _find_and_load_unlocked
  File "<frozen importlib._bootstrap>", line 688, in _load_unlocked
  File "<frozen importlib._bootstrap_external>", line 883, in exec_module
  File "<frozen importlib._bootstrap>", line 241, in _call_with_frames_removed
  File "/home/sachit/Documents/VSCProjects/optimiseGEO/venv/lib/python3.10/site-packages/transformers/models/janus/image_processing_janus.py", line 17, in <module>
    import torchvision.transforms.v2.functional as tvF
ModuleNotFoundError: No module named 'torchvision'
2026-07-29 20:21:23.895 Examining the path of transformers.models.kimi_k25.image_processing_kimi_k25_fast raised:
Traceback (most recent call last):
  File "/home/sachit/Documents/VSCProjects/optimiseGEO/venv/lib/python3.10/site-packages/streamlit/watcher/local_sources_watcher.py", line 340, in get_module_paths
    potential_paths = extract_paths(module)
  File "/home/sachit/Documents/VSCProjects/optimiseGEO/venv/lib/python3.10/site-packages/streamlit/watcher/local_sources_watcher.py", line 327, in <lambda>
    if hasattr(m, "__path__")
  File "/home/sachit/Documents/VSCProjects/optimiseGEO/venv/lib/python3.10/site-packages/transformers/__init__.py", line 862, in _getattr
    return getattr(importlib.import_module(target, __name__), name)
  File "/usr/lib/python3.10/importlib/__init__.py", line 126, in import_module
    return _bootstrap._gcd_import(name[level:], package, level)
  File "<frozen importlib._bootstrap>", line 1050, in _gcd_import
  File "<frozen importlib._bootstrap>", line 1027, in _find_and_load
  File "<frozen importlib._bootstrap>", line 1006, in _find_and_load_unlocked
  File "<frozen importlib._bootstrap>", line 688, in _load_unlocked
  File "<frozen importlib._bootstrap_external>", line 883, in exec_module
  File "<frozen importlib._bootstrap>", line 241, in _call_with_frames_removed
  File "/home/sachit/Documents/VSCProjects/optimiseGEO/venv/lib/python3.10/site-packages/transformers/models/kimi_k25/image_processing_kimi_k25.py", line 19, in <module>
    from torchvision.transforms.v2 import functional as tvF
ModuleNotFoundError: No module named 'torchvision'
2026-07-29 20:21:23.896 Examining the path of transformers.models.layoutlmv2.image_processing_layoutlmv2_fast raised:
Traceback (most recent call last):
  File "/home/sachit/Documents/VSCProjects/optimiseGEO/venv/lib/python3.10/site-packages/streamlit/watcher/local_sources_watcher.py", line 340, in get_module_paths
    potential_paths = extract_paths(module)
  File "/home/sachit/Documents/VSCProjects/optimiseGEO/venv/lib/python3.10/site-packages/streamlit/watcher/local_sources_watcher.py", line 327, in <lambda>
    if hasattr(m, "__path__")
  File "/home/sachit/Documents/VSCProjects/optimiseGEO/venv/lib/python3.10/site-packages/transformers/__init__.py", line 862, in _getattr
    return getattr(importlib.import_module(target, __name__), name)
  File "/usr/lib/python3.10/importlib/__init__.py", line 126, in import_module
    return _bootstrap._gcd_import(name[level:], package, level)
  File "<frozen importlib._bootstrap>", line 1050, in _gcd_import
  File "<frozen importlib._bootstrap>", line 1027, in _find_and_load
  File "<frozen importlib._bootstrap>", line 1006, in _find_and_load_unlocked
  File "<frozen importlib._bootstrap>", line 688, in _load_unlocked
  File "<frozen importlib._bootstrap_external>", line 883, in exec_module
  File "<frozen importlib._bootstrap>", line 241, in _call_with_frames_removed
  File "/home/sachit/Documents/VSCProjects/optimiseGEO/venv/lib/python3.10/site-packages/transformers/models/layoutlmv2/image_processing_layoutlmv2.py", line 36, in <module>
    from torchvision.transforms.v2 import functional as tvF
ModuleNotFoundError: No module named 'torchvision'
2026-07-29 20:21:23.897 Examining the path of transformers.models.layoutlmv3.image_processing_layoutlmv3_fast raised:
Traceback (most recent call last):
  File "/home/sachit/Documents/VSCProjects/optimiseGEO/venv/lib/python3.10/site-packages/streamlit/watcher/local_sources_watcher.py", line 340, in get_module_paths
    potential_paths = extract_paths(module)
  File "/home/sachit/Documents/VSCProjects/optimiseGEO/venv/lib/python3.10/site-packages/streamlit/watcher/local_sources_watcher.py", line 327, in <lambda>
    if hasattr(m, "__path__")
  File "/home/sachit/Documents/VSCProjects/optimiseGEO/venv/lib/python3.10/site-packages/transformers/__init__.py", line 862, in _getattr
    return getattr(importlib.import_module(target, __name__), name)
  File "/usr/lib/python3.10/importlib/__init__.py", line 126, in import_module
    return _bootstrap._gcd_import(name[level:], package, level)
  File "<frozen importlib._bootstrap>", line 1050, in _gcd_import
  File "<frozen importlib._bootstrap>", line 1027, in _find_and_load
  File "<frozen importlib._bootstrap>", line 1006, in _find_and_load_unlocked
  File "<frozen importlib._bootstrap>", line 688, in _load_unlocked
  File "<frozen importlib._bootstrap_external>", line 883, in exec_module
  File "<frozen importlib._bootstrap>", line 241, in _call_with_frames_removed
  File "/home/sachit/Documents/VSCProjects/optimiseGEO/venv/lib/python3.10/site-packages/transformers/models/layoutlmv3/image_processing_layoutlmv3.py", line 42, in <module>
    from torchvision.transforms.v2 import functional as tvF
ModuleNotFoundError: No module named 'torchvision'
2026-07-29 20:21:23.897 Examining the path of transformers.models.levit.image_processing_levit_fast raised:
Traceback (most recent call last):
  File "/home/sachit/Documents/VSCProjects/optimiseGEO/venv/lib/python3.10/site-packages/streamlit/watcher/local_sources_watcher.py", line 340, in get_module_paths
    potential_paths = extract_paths(module)
  File "/home/sachit/Documents/VSCProjects/optimiseGEO/venv/lib/python3.10/site-packages/streamlit/watcher/local_sources_watcher.py", line 327, in <lambda>
    if hasattr(m, "__path__")
  File "/home/sachit/Documents/VSCProjects/optimiseGEO/venv/lib/python3.10/site-packages/transformers/__init__.py", line 862, in _getattr
    return getattr(importlib.import_module(target, __name__), name)
  File "/usr/lib/python3.10/importlib/__init__.py", line 126, in import_module
    return _bootstrap._gcd_import(name[level:], package, level)
  File "<frozen importlib._bootstrap>", line 1050, in _gcd_import
  File "<frozen importlib._bootstrap>", line 1027, in _find_and_load
  File "<frozen importlib._bootstrap>", line 1006, in _find_and_load_unlocked
  File "<frozen importlib._bootstrap>", line 688, in _load_unlocked
  File "<frozen importlib._bootstrap_external>", line 883, in exec_module
  File "<frozen importlib._bootstrap>", line 241, in _call_with_frames_removed
  File "/home/sachit/Documents/VSCProjects/optimiseGEO/venv/lib/python3.10/site-packages/transformers/models/levit/image_processing_levit.py", line 17, in <module>
    from torchvision.transforms.v2 import functional as tvF
ModuleNotFoundError: No module named 'torchvision'
2026-07-29 20:21:23.898 Examining the path of transformers.models.lfm2_vl.image_processing_lfm2_vl_fast raised:
Traceback (most recent call last):
  File "/home/sachit/Documents/VSCProjects/optimiseGEO/venv/lib/python3.10/site-packages/streamlit/watcher/local_sources_watcher.py", line 340, in get_module_paths
    potential_paths = extract_paths(module)
  File "/home/sachit/Documents/VSCProjects/optimiseGEO/venv/lib/python3.10/site-packages/streamlit/watcher/local_sources_watcher.py", line 327, in <lambda>
    if hasattr(m, "__path__")
  File "/home/sachit/Documents/VSCProjects/optimiseGEO/venv/lib/python3.10/site-packages/transformers/__init__.py", line 862, in _getattr
    return getattr(importlib.import_module(target, __name__), name)
  File "/usr/lib/python3.10/importlib/__init__.py", line 126, in import_module
    return _bootstrap._gcd_import(name[level:], package, level)
  File "<frozen importlib._bootstrap>", line 1050, in _gcd_import
  File "<frozen importlib._bootstrap>", line 1027, in _find_and_load
  File "<frozen importlib._bootstrap>", line 1006, in _find_and_load_unlocked
  File "<frozen importlib._bootstrap>", line 688, in _load_unlocked
  File "<frozen importlib._bootstrap_external>", line 883, in exec_module
  File "<frozen importlib._bootstrap>", line 241, in _call_with_frames_removed
  File "/home/sachit/Documents/VSCProjects/optimiseGEO/venv/lib/python3.10/site-packages/transformers/models/lfm2_vl/image_processing_lfm2_vl.py", line 18, in <module>
    from torchvision.transforms.v2 import functional as tvF
ModuleNotFoundError: No module named 'torchvision'
2026-07-29 20:21:23.898 Examining the path of transformers.models.lightglue.image_processing_lightglue_fast raised:
Traceback (most recent call last):
  File "/home/sachit/Documents/VSCProjects/optimiseGEO/venv/lib/python3.10/site-packages/streamlit/watcher/local_sources_watcher.py", line 340, in get_module_paths
    potential_paths = extract_paths(module)
  File "/home/sachit/Documents/VSCProjects/optimiseGEO/venv/lib/python3.10/site-packages/streamlit/watcher/local_sources_watcher.py", line 327, in <lambda>
    if hasattr(m, "__path__")
  File "/home/sachit/Documents/VSCProjects/optimiseGEO/venv/lib/python3.10/site-packages/transformers/__init__.py", line 862, in _getattr
    return getattr(importlib.import_module(target, __name__), name)
  File "/usr/lib/python3.10/importlib/__init__.py", line 126, in import_module
    return _bootstrap._gcd_import(name[level:], package, level)
  File "<frozen importlib._bootstrap>", line 1050, in _gcd_import
  File "<frozen importlib._bootstrap>", line 1027, in _find_and_load
  File "<frozen importlib._bootstrap>", line 1006, in _find_and_load_unlocked
  File "<frozen importlib._bootstrap>", line 688, in _load_unlocked
  File "<frozen importlib._bootstrap_external>", line 883, in exec_module
  File "<frozen importlib._bootstrap>", line 241, in _call_with_frames_removed
  File "/home/sachit/Documents/VSCProjects/optimiseGEO/venv/lib/python3.10/site-packages/transformers/models/lightglue/image_processing_lightglue.py", line 24, in <module>
    from torchvision.transforms.v2 import functional as tvF
ModuleNotFoundError: No module named 'torchvision'
2026-07-29 20:21:23.899 Examining the path of transformers.models.llama4.image_processing_llama4_fast raised:
Traceback (most recent call last):
  File "/home/sachit/Documents/VSCProjects/optimiseGEO/venv/lib/python3.10/site-packages/streamlit/watcher/local_sources_watcher.py", line 340, in get_module_paths
    potential_paths = extract_paths(module)
  File "/home/sachit/Documents/VSCProjects/optimiseGEO/venv/lib/python3.10/site-packages/streamlit/watcher/local_sources_watcher.py", line 327, in <lambda>
    if hasattr(m, "__path__")
  File "/home/sachit/Documents/VSCProjects/optimiseGEO/venv/lib/python3.10/site-packages/transformers/__init__.py", line 862, in _getattr
    return getattr(importlib.import_module(target, __name__), name)
  File "/usr/lib/python3.10/importlib/__init__.py", line 126, in import_module
    return _bootstrap._gcd_import(name[level:], package, level)
  File "<frozen importlib._bootstrap>", line 1050, in _gcd_import
  File "<frozen importlib._bootstrap>", line 1027, in _find_and_load
  File "<frozen importlib._bootstrap>", line 1006, in _find_and_load_unlocked
  File "<frozen importlib._bootstrap>", line 688, in _load_unlocked
  File "<frozen importlib._bootstrap_external>", line 883, in exec_module
  File "<frozen importlib._bootstrap>", line 241, in _call_with_frames_removed
  File "/home/sachit/Documents/VSCProjects/optimiseGEO/venv/lib/python3.10/site-packages/transformers/models/llama4/image_processing_llama4.py", line 21, in <module>
    from torchvision.transforms.v2 import functional as tvF
ModuleNotFoundError: No module named 'torchvision'
2026-07-29 20:21:23.900 Examining the path of transformers.models.llava.image_processing_llava_fast raised:
Traceback (most recent call last):
  File "/home/sachit/Documents/VSCProjects/optimiseGEO/venv/lib/python3.10/site-packages/streamlit/watcher/local_sources_watcher.py", line 340, in get_module_paths
    potential_paths = extract_paths(module)
  File "/home/sachit/Documents/VSCProjects/optimiseGEO/venv/lib/python3.10/site-packages/streamlit/watcher/local_sources_watcher.py", line 327, in <lambda>
    if hasattr(m, "__path__")
  File "/home/sachit/Documents/VSCProjects/optimiseGEO/venv/lib/python3.10/site-packages/transformers/__init__.py", line 862, in _getattr
    return getattr(importlib.import_module(target, __name__), name)
  File "/usr/lib/python3.10/importlib/__init__.py", line 126, in import_module
    return _bootstrap._gcd_import(name[level:], package, level)
  File "<frozen importlib._bootstrap>", line 1050, in _gcd_import
  File "<frozen importlib._bootstrap>", line 1027, in _find_and_load
  File "<frozen importlib._bootstrap>", line 1006, in _find_and_load_unlocked
  File "<frozen importlib._bootstrap>", line 688, in _load_unlocked
  File "<frozen importlib._bootstrap_external>", line 883, in exec_module
  File "<frozen importlib._bootstrap>", line 241, in _call_with_frames_removed
  File "/home/sachit/Documents/VSCProjects/optimiseGEO/venv/lib/python3.10/site-packages/transformers/models/llava/image_processing_llava.py", line 19, in <module>
    from torchvision.transforms.v2 import functional as tvF
ModuleNotFoundError: No module named 'torchvision'
2026-07-29 20:21:23.900 Examining the path of transformers.models.llava_next.image_processing_llava_next_fast raised:
Traceback (most recent call last):
  File "/home/sachit/Documents/VSCProjects/optimiseGEO/venv/lib/python3.10/site-packages/streamlit/watcher/local_sources_watcher.py", line 340, in get_module_paths
    potential_paths = extract_paths(module)
  File "/home/sachit/Documents/VSCProjects/optimiseGEO/venv/lib/python3.10/site-packages/streamlit/watcher/local_sources_watcher.py", line 327, in <lambda>
    if hasattr(m, "__path__")
  File "/home/sachit/Documents/VSCProjects/optimiseGEO/venv/lib/python3.10/site-packages/transformers/__init__.py", line 862, in _getattr
    return getattr(importlib.import_module(target, __name__), name)
  File "/usr/lib/python3.10/importlib/__init__.py", line 126, in import_module
    return _bootstrap._gcd_import(name[level:], package, level)
  File "<frozen importlib._bootstrap>", line 1050, in _gcd_import
  File "<frozen importlib._bootstrap>", line 1027, in _find_and_load
  File "<frozen importlib._bootstrap>", line 1006, in _find_and_load_unlocked
  File "<frozen importlib._bootstrap>", line 688, in _load_unlocked
  File "<frozen importlib._bootstrap_external>", line 883, in exec_module
  File "<frozen importlib._bootstrap>", line 241, in _call_with_frames_removed
  File "/home/sachit/Documents/VSCProjects/optimiseGEO/venv/lib/python3.10/site-packages/transformers/models/llava_next/image_processing_llava_next.py", line 19, in <module>
    from torchvision.transforms.v2 import functional as tvF
ModuleNotFoundError: No module named 'torchvision'
2026-07-29 20:21:23.901 Examining the path of transformers.models.llava_onevision.image_processing_llava_onevision_fast raised:
Traceback (most recent call last):
  File "/home/sachit/Documents/VSCProjects/optimiseGEO/venv/lib/python3.10/site-packages/streamlit/watcher/local_sources_watcher.py", line 340, in get_module_paths
    potential_paths = extract_paths(module)
  File "/home/sachit/Documents/VSCProjects/optimiseGEO/venv/lib/python3.10/site-packages/streamlit/watcher/local_sources_watcher.py", line 327, in <lambda>
    if hasattr(m, "__path__")
  File "/home/sachit/Documents/VSCProjects/optimiseGEO/venv/lib/python3.10/site-packages/transformers/__init__.py", line 862, in _getattr
    return getattr(importlib.import_module(target, __name__), name)
  File "/usr/lib/python3.10/importlib/__init__.py", line 126, in import_module
    return _bootstrap._gcd_import(name[level:], package, level)
  File "<frozen importlib._bootstrap>", line 1050, in _gcd_import
  File "<frozen importlib._bootstrap>", line 1027, in _find_and_load
  File "<frozen importlib._bootstrap>", line 1006, in _find_and_load_unlocked
  File "<frozen importlib._bootstrap>", line 688, in _load_unlocked
  File "<frozen importlib._bootstrap_external>", line 883, in exec_module
  File "<frozen importlib._bootstrap>", line 241, in _call_with_frames_removed
  File "/home/sachit/Documents/VSCProjects/optimiseGEO/venv/lib/python3.10/site-packages/transformers/models/llava_onevision/image_processing_llava_onevision.py", line 24, in <module>
    import torchvision.transforms.v2.functional as tvF
ModuleNotFoundError: No module named 'torchvision'
2026-07-29 20:21:23.902 Examining the path of transformers.models.mask2former.image_processing_mask2former_fast raised:
Traceback (most recent call last):
  File "/home/sachit/Documents/VSCProjects/optimiseGEO/venv/lib/python3.10/site-packages/streamlit/watcher/local_sources_watcher.py", line 340, in get_module_paths
    potential_paths = extract_paths(module)
  File "/home/sachit/Documents/VSCProjects/optimiseGEO/venv/lib/python3.10/site-packages/streamlit/watcher/local_sources_watcher.py", line 327, in <lambda>
    if hasattr(m, "__path__")
  File "/home/sachit/Documents/VSCProjects/optimiseGEO/venv/lib/python3.10/site-packages/transformers/__init__.py", line 862, in _getattr
    return getattr(importlib.import_module(target, __name__), name)
  File "/usr/lib/python3.10/importlib/__init__.py", line 126, in import_module
    return _bootstrap._gcd_import(name[level:], package, level)
  File "<frozen importlib._bootstrap>", line 1050, in _gcd_import
  File "<frozen importlib._bootstrap>", line 1027, in _find_and_load
  File "<frozen importlib._bootstrap>", line 1006, in _find_and_load_unlocked
  File "<frozen importlib._bootstrap>", line 688, in _load_unlocked
  File "<frozen importlib._bootstrap_external>", line 883, in exec_module
  File "<frozen importlib._bootstrap>", line 241, in _call_with_frames_removed
  File "/home/sachit/Documents/VSCProjects/optimiseGEO/venv/lib/python3.10/site-packages/transformers/models/mask2former/image_processing_mask2former.py", line 27, in <module>
    from torchvision.transforms.v2 import functional as tvF
ModuleNotFoundError: No module named 'torchvision'
2026-07-29 20:21:23.902 Examining the path of transformers.models.maskformer.image_processing_maskformer_fast raised:
Traceback (most recent call last):
  File "/home/sachit/Documents/VSCProjects/optimiseGEO/venv/lib/python3.10/site-packages/streamlit/watcher/local_sources_watcher.py", line 340, in get_module_paths
    potential_paths = extract_paths(module)
  File "/home/sachit/Documents/VSCProjects/optimiseGEO/venv/lib/python3.10/site-packages/streamlit/watcher/local_sources_watcher.py", line 327, in <lambda>
    if hasattr(m, "__path__")
  File "/home/sachit/Documents/VSCProjects/optimiseGEO/venv/lib/python3.10/site-packages/transformers/__init__.py", line 862, in _getattr
    return getattr(importlib.import_module(target, __name__), name)
  File "/usr/lib/python3.10/importlib/__init__.py", line 126, in import_module
    return _bootstrap._gcd_import(name[level:], package, level)
  File "<frozen importlib._bootstrap>", line 1050, in _gcd_import
  File "<frozen importlib._bootstrap>", line 1027, in _find_and_load
  File "<frozen importlib._bootstrap>", line 1006, in _find_and_load_unlocked
  File "<frozen importlib._bootstrap>", line 688, in _load_unlocked
  File "<frozen importlib._bootstrap_external>", line 883, in exec_module
  File "<frozen importlib._bootstrap>", line 241, in _call_with_frames_removed
  File "/home/sachit/Documents/VSCProjects/optimiseGEO/venv/lib/python3.10/site-packages/transformers/models/maskformer/image_processing_maskformer.py", line 22, in <module>
    from torchvision.transforms.v2 import functional as tvF
ModuleNotFoundError: No module named 'torchvision'
2026-07-29 20:21:23.903 Examining the path of transformers.models.minimax_m3_vl.image_processing_minimax_m3_vl_fast raised:
Traceback (most recent call last):
  File "/home/sachit/Documents/VSCProjects/optimiseGEO/venv/lib/python3.10/site-packages/streamlit/watcher/local_sources_watcher.py", line 340, in get_module_paths
    potential_paths = extract_paths(module)
  File "/home/sachit/Documents/VSCProjects/optimiseGEO/venv/lib/python3.10/site-packages/streamlit/watcher/local_sources_watcher.py", line 327, in <lambda>
    if hasattr(m, "__path__")
  File "/home/sachit/Documents/VSCProjects/optimiseGEO/venv/lib/python3.10/site-packages/transformers/__init__.py", line 862, in _getattr
    return getattr(importlib.import_module(target, __name__), name)
  File "/usr/lib/python3.10/importlib/__init__.py", line 126, in import_module
    return _bootstrap._gcd_import(name[level:], package, level)
  File "<frozen importlib._bootstrap>", line 1050, in _gcd_import
  File "<frozen importlib._bootstrap>", line 1027, in _find_and_load
  File "<frozen importlib._bootstrap>", line 1006, in _find_and_load_unlocked
  File "<frozen importlib._bootstrap>", line 688, in _load_unlocked
  File "<frozen importlib._bootstrap_external>", line 883, in exec_module
  File "<frozen importlib._bootstrap>", line 241, in _call_with_frames_removed
  File "/home/sachit/Documents/VSCProjects/optimiseGEO/venv/lib/python3.10/site-packages/transformers/models/minimax_m3_vl/image_processing_minimax_m3_vl.py", line 18, in <module>
    from torchvision.transforms.v2 import functional as tvF
ModuleNotFoundError: No module named 'torchvision'
2026-07-29 20:21:23.903 Examining the path of transformers.models.mllama.image_processing_mllama_fast raised:
Traceback (most recent call last):
  File "/home/sachit/Documents/VSCProjects/optimiseGEO/venv/lib/python3.10/site-packages/streamlit/watcher/local_sources_watcher.py", line 340, in get_module_paths
    potential_paths = extract_paths(module)
  File "/home/sachit/Documents/VSCProjects/optimiseGEO/venv/lib/python3.10/site-packages/streamlit/watcher/local_sources_watcher.py", line 327, in <lambda>
    if hasattr(m, "__path__")
  File "/home/sachit/Documents/VSCProjects/optimiseGEO/venv/lib/python3.10/site-packages/transformers/__init__.py", line 862, in _getattr
    return getattr(importlib.import_module(target, __name__), name)
  File "/usr/lib/python3.10/importlib/__init__.py", line 126, in import_module
    return _bootstrap._gcd_import(name[level:], package, level)
  File "<frozen importlib._bootstrap>", line 1050, in _gcd_import
  File "<frozen importlib._bootstrap>", line 1027, in _find_and_load
  File "<frozen importlib._bootstrap>", line 1006, in _find_and_load_unlocked
  File "<frozen importlib._bootstrap>", line 688, in _load_unlocked
  File "<frozen importlib._bootstrap_external>", line 883, in exec_module
  File "<frozen importlib._bootstrap>", line 241, in _call_with_frames_removed
  File "/home/sachit/Documents/VSCProjects/optimiseGEO/venv/lib/python3.10/site-packages/transformers/models/mllama/image_processing_mllama.py", line 40, in <module>
    from torchvision.transforms.v2 import functional as tvF
ModuleNotFoundError: No module named 'torchvision'
2026-07-29 20:21:23.904 Examining the path of transformers.models.mobilenet_v2.image_processing_mobilenet_v2_fast raised:
Traceback (most recent call last):
  File "/home/sachit/Documents/VSCProjects/optimiseGEO/venv/lib/python3.10/site-packages/streamlit/watcher/local_sources_watcher.py", line 340, in get_module_paths
    potential_paths = extract_paths(module)
  File "/home/sachit/Documents/VSCProjects/optimiseGEO/venv/lib/python3.10/site-packages/streamlit/watcher/local_sources_watcher.py", line 327, in <lambda>
    if hasattr(m, "__path__")
  File "/home/sachit/Documents/VSCProjects/optimiseGEO/venv/lib/python3.10/site-packages/transformers/__init__.py", line 862, in _getattr
    return getattr(importlib.import_module(target, __name__), name)
  File "/usr/lib/python3.10/importlib/__init__.py", line 126, in import_module
    return _bootstrap._gcd_import(name[level:], package, level)
  File "<frozen importlib._bootstrap>", line 1050, in _gcd_import
  File "<frozen importlib._bootstrap>", line 1027, in _find_and_load
  File "<frozen importlib._bootstrap>", line 1006, in _find_and_load_unlocked
  File "<frozen importlib._bootstrap>", line 688, in _load_unlocked
  File "<frozen importlib._bootstrap_external>", line 883, in exec_module
  File "<frozen importlib._bootstrap>", line 241, in _call_with_frames_removed
  File "/home/sachit/Documents/VSCProjects/optimiseGEO/venv/lib/python3.10/site-packages/transformers/models/mobilenet_v2/image_processing_mobilenet_v2.py", line 19, in <module>
    from torchvision.transforms.v2 import functional as tvF
ModuleNotFoundError: No module named 'torchvision'
2026-07-29 20:21:23.905 Examining the path of transformers.models.mobilevit.image_processing_mobilevit_fast raised:
Traceback (most recent call last):
  File "/home/sachit/Documents/VSCProjects/optimiseGEO/venv/lib/python3.10/site-packages/streamlit/watcher/local_sources_watcher.py", line 340, in get_module_paths
    potential_paths = extract_paths(module)
  File "/home/sachit/Documents/VSCProjects/optimiseGEO/venv/lib/python3.10/site-packages/streamlit/watcher/local_sources_watcher.py", line 327, in <lambda>
    if hasattr(m, "__path__")
  File "/home/sachit/Documents/VSCProjects/optimiseGEO/venv/lib/python3.10/site-packages/transformers/__init__.py", line 862, in _getattr
    return getattr(importlib.import_module(target, __name__), name)
  File "/usr/lib/python3.10/importlib/__init__.py", line 126, in import_module
    return _bootstrap._gcd_import(name[level:], package, level)
  File "<frozen importlib._bootstrap>", line 1050, in _gcd_import
  File "<frozen importlib._bootstrap>", line 1027, in _find_and_load
  File "<frozen importlib._bootstrap>", line 1006, in _find_and_load_unlocked
  File "<frozen importlib._bootstrap>", line 688, in _load_unlocked
  File "<frozen importlib._bootstrap_external>", line 883, in exec_module
  File "<frozen importlib._bootstrap>", line 241, in _call_with_frames_removed
  File "/home/sachit/Documents/VSCProjects/optimiseGEO/venv/lib/python3.10/site-packages/transformers/models/mobilevit/image_processing_mobilevit.py", line 19, in <module>
    from torchvision.transforms.v2 import functional as tvF
ModuleNotFoundError: No module named 'torchvision'
2026-07-29 20:21:23.905 Examining the path of transformers.models.nougat.image_processing_nougat_fast raised:
Traceback (most recent call last):
  File "/home/sachit/Documents/VSCProjects/optimiseGEO/venv/lib/python3.10/site-packages/streamlit/watcher/local_sources_watcher.py", line 340, in get_module_paths
    potential_paths = extract_paths(module)
  File "/home/sachit/Documents/VSCProjects/optimiseGEO/venv/lib/python3.10/site-packages/streamlit/watcher/local_sources_watcher.py", line 327, in <lambda>
    if hasattr(m, "__path__")
  File "/home/sachit/Documents/VSCProjects/optimiseGEO/venv/lib/python3.10/site-packages/transformers/__init__.py", line 862, in _getattr
    return getattr(importlib.import_module(target, __name__), name)
  File "/usr/lib/python3.10/importlib/__init__.py", line 126, in import_module
    return _bootstrap._gcd_import(name[level:], package, level)
  File "<frozen importlib._bootstrap>", line 1050, in _gcd_import
  File "<frozen importlib._bootstrap>", line 1027, in _find_and_load
  File "<frozen importlib._bootstrap>", line 1006, in _find_and_load_unlocked
  File "<frozen importlib._bootstrap>", line 688, in _load_unlocked
  File "<frozen importlib._bootstrap_external>", line 883, in exec_module
  File "<frozen importlib._bootstrap>", line 241, in _call_with_frames_removed
  File "/home/sachit/Documents/VSCProjects/optimiseGEO/venv/lib/python3.10/site-packages/transformers/models/nougat/image_processing_nougat.py", line 17, in <module>
    from torchvision.transforms.v2 import functional as tvF
ModuleNotFoundError: No module named 'torchvision'
2026-07-29 20:21:23.906 Examining the path of transformers.models.oneformer.image_processing_oneformer_fast raised:
Traceback (most recent call last):
  File "/home/sachit/Documents/VSCProjects/optimiseGEO/venv/lib/python3.10/site-packages/streamlit/watcher/local_sources_watcher.py", line 340, in get_module_paths
    potential_paths = extract_paths(module)
  File "/home/sachit/Documents/VSCProjects/optimiseGEO/venv/lib/python3.10/site-packages/streamlit/watcher/local_sources_watcher.py", line 327, in <lambda>
    if hasattr(m, "__path__")
  File "/home/sachit/Documents/VSCProjects/optimiseGEO/venv/lib/python3.10/site-packages/transformers/__init__.py", line 862, in _getattr
    return getattr(importlib.import_module(target, __name__), name)
  File "/usr/lib/python3.10/importlib/__init__.py", line 126, in import_module
    return _bootstrap._gcd_import(name[level:], package, level)
  File "<frozen importlib._bootstrap>", line 1050, in _gcd_import
  File "<frozen importlib._bootstrap>", line 1027, in _find_and_load
  File "<frozen importlib._bootstrap>", line 1006, in _find_and_load_unlocked
  File "<frozen importlib._bootstrap>", line 688, in _load_unlocked
  File "<frozen importlib._bootstrap_external>", line 883, in exec_module
  File "<frozen importlib._bootstrap>", line 241, in _call_with_frames_removed
  File "/home/sachit/Documents/VSCProjects/optimiseGEO/venv/lib/python3.10/site-packages/transformers/models/oneformer/image_processing_oneformer.py", line 23, in <module>
    from torchvision.transforms.v2 import functional as tvF
ModuleNotFoundError: No module named 'torchvision'
2026-07-29 20:21:23.906 Examining the path of transformers.models.ovis2.image_processing_ovis2_fast raised:
Traceback (most recent call last):
  File "/home/sachit/Documents/VSCProjects/optimiseGEO/venv/lib/python3.10/site-packages/streamlit/watcher/local_sources_watcher.py", line 340, in get_module_paths
    potential_paths = extract_paths(module)
  File "/home/sachit/Documents/VSCProjects/optimiseGEO/venv/lib/python3.10/site-packages/streamlit/watcher/local_sources_watcher.py", line 327, in <lambda>
    if hasattr(m, "__path__")
  File "/home/sachit/Documents/VSCProjects/optimiseGEO/venv/lib/python3.10/site-packages/transformers/__init__.py", line 862, in _getattr
    return getattr(importlib.import_module(target, __name__), name)
  File "/usr/lib/python3.10/importlib/__init__.py", line 126, in import_module
    return _bootstrap._gcd_import(name[level:], package, level)
  File "<frozen importlib._bootstrap>", line 1050, in _gcd_import
  File "<frozen importlib._bootstrap>", line 1027, in _find_and_load
  File "<frozen importlib._bootstrap>", line 1006, in _find_and_load_unlocked
  File "<frozen importlib._bootstrap>", line 688, in _load_unlocked
  File "<frozen importlib._bootstrap_external>", line 883, in exec_module
  File "<frozen importlib._bootstrap>", line 241, in _call_with_frames_removed
  File "/home/sachit/Documents/VSCProjects/optimiseGEO/venv/lib/python3.10/site-packages/transformers/models/ovis2/image_processing_ovis2.py", line 19, in <module>
    from torchvision.transforms.v2 import functional as tvF
ModuleNotFoundError: No module named 'torchvision'
2026-07-29 20:21:23.907 Examining the path of transformers.models.owlv2.image_processing_owlv2_fast raised:
Traceback (most recent call last):
  File "/home/sachit/Documents/VSCProjects/optimiseGEO/venv/lib/python3.10/site-packages/streamlit/watcher/local_sources_watcher.py", line 340, in get_module_paths
    potential_paths = extract_paths(module)
  File "/home/sachit/Documents/VSCProjects/optimiseGEO/venv/lib/python3.10/site-packages/streamlit/watcher/local_sources_watcher.py", line 327, in <lambda>
    if hasattr(m, "__path__")
  File "/home/sachit/Documents/VSCProjects/optimiseGEO/venv/lib/python3.10/site-packages/transformers/__init__.py", line 862, in _getattr
    return getattr(importlib.import_module(target, __name__), name)
  File "/usr/lib/python3.10/importlib/__init__.py", line 126, in import_module
    return _bootstrap._gcd_import(name[level:], package, level)
  File "<frozen importlib._bootstrap>", line 1050, in _gcd_import
  File "<frozen importlib._bootstrap>", line 1027, in _find_and_load
  File "<frozen importlib._bootstrap>", line 1006, in _find_and_load_unlocked
  File "<frozen importlib._bootstrap>", line 688, in _load_unlocked
  File "<frozen importlib._bootstrap_external>", line 883, in exec_module
  File "<frozen importlib._bootstrap>", line 241, in _call_with_frames_removed
  File "/home/sachit/Documents/VSCProjects/optimiseGEO/venv/lib/python3.10/site-packages/transformers/models/owlv2/image_processing_owlv2.py", line 25, in <module>
    import torchvision.transforms.v2.functional as tvF
ModuleNotFoundError: No module named 'torchvision'
2026-07-29 20:21:23.908 Examining the path of transformers.models.perceiver.image_processing_perceiver_fast raised:
Traceback (most recent call last):
  File "/home/sachit/Documents/VSCProjects/optimiseGEO/venv/lib/python3.10/site-packages/streamlit/watcher/local_sources_watcher.py", line 340, in get_module_paths
    potential_paths = extract_paths(module)
  File "/home/sachit/Documents/VSCProjects/optimiseGEO/venv/lib/python3.10/site-packages/streamlit/watcher/local_sources_watcher.py", line 327, in <lambda>
    if hasattr(m, "__path__")
  File "/home/sachit/Documents/VSCProjects/optimiseGEO/venv/lib/python3.10/site-packages/transformers/__init__.py", line 862, in _getattr
    return getattr(importlib.import_module(target, __name__), name)
  File "/usr/lib/python3.10/importlib/__init__.py", line 126, in import_module
    return _bootstrap._gcd_import(name[level:], package, level)
  File "<frozen importlib._bootstrap>", line 1050, in _gcd_import
  File "<frozen importlib._bootstrap>", line 1027, in _find_and_load
  File "<frozen importlib._bootstrap>", line 1006, in _find_and_load_unlocked
  File "<frozen importlib._bootstrap>", line 688, in _load_unlocked
  File "<frozen importlib._bootstrap_external>", line 883, in exec_module
  File "<frozen importlib._bootstrap>", line 241, in _call_with_frames_removed
  File "/home/sachit/Documents/VSCProjects/optimiseGEO/venv/lib/python3.10/site-packages/transformers/models/perceiver/image_processing_perceiver.py", line 17, in <module>
    from torchvision.transforms.v2 import functional as tvF
ModuleNotFoundError: No module named 'torchvision'
2026-07-29 20:21:23.908 Examining the path of transformers.models.perception_lm.image_processing_perception_lm_fast raised:
Traceback (most recent call last):
  File "/home/sachit/Documents/VSCProjects/optimiseGEO/venv/lib/python3.10/site-packages/streamlit/watcher/local_sources_watcher.py", line 340, in get_module_paths
    potential_paths = extract_paths(module)
  File "/home/sachit/Documents/VSCProjects/optimiseGEO/venv/lib/python3.10/site-packages/streamlit/watcher/local_sources_watcher.py", line 327, in <lambda>
    if hasattr(m, "__path__")
  File "/home/sachit/Documents/VSCProjects/optimiseGEO/venv/lib/python3.10/site-packages/transformers/__init__.py", line 862, in _getattr
    return getattr(importlib.import_module(target, __name__), name)
  File "/usr/lib/python3.10/importlib/__init__.py", line 126, in import_module
    return _bootstrap._gcd_import(name[level:], package, level)
  File "<frozen importlib._bootstrap>", line 1050, in _gcd_import
  File "<frozen importlib._bootstrap>", line 1027, in _find_and_load
  File "<frozen importlib._bootstrap>", line 1006, in _find_and_load_unlocked
  File "<frozen importlib._bootstrap>", line 688, in _load_unlocked
  File "<frozen importlib._bootstrap_external>", line 883, in exec_module
  File "<frozen importlib._bootstrap>", line 241, in _call_with_frames_removed
  File "/home/sachit/Documents/VSCProjects/optimiseGEO/venv/lib/python3.10/site-packages/transformers/models/perception_lm/image_processing_perception_lm.py", line 19, in <module>
    from torchvision.transforms.v2 import functional as tvF
ModuleNotFoundError: No module named 'torchvision'
2026-07-29 20:21:23.909 Examining the path of transformers.models.phi4_multimodal.image_processing_phi4_multimodal_fast raised:
Traceback (most recent call last):
  File "/home/sachit/Documents/VSCProjects/optimiseGEO/venv/lib/python3.10/site-packages/streamlit/watcher/local_sources_watcher.py", line 340, in get_module_paths
    potential_paths = extract_paths(module)
  File "/home/sachit/Documents/VSCProjects/optimiseGEO/venv/lib/python3.10/site-packages/streamlit/watcher/local_sources_watcher.py", line 327, in <lambda>
    if hasattr(m, "__path__")
  File "/home/sachit/Documents/VSCProjects/optimiseGEO/venv/lib/python3.10/site-packages/transformers/__init__.py", line 862, in _getattr
    return getattr(importlib.import_module(target, __name__), name)
  File "/usr/lib/python3.10/importlib/__init__.py", line 126, in import_module
    return _bootstrap._gcd_import(name[level:], package, level)
  File "<frozen importlib._bootstrap>", line 1050, in _gcd_import
  File "<frozen importlib._bootstrap>", line 1027, in _find_and_load
  File "<frozen importlib._bootstrap>", line 1006, in _find_and_load_unlocked
  File "<frozen importlib._bootstrap>", line 688, in _load_unlocked
  File "<frozen importlib._bootstrap_external>", line 883, in exec_module
  File "<frozen importlib._bootstrap>", line 241, in _call_with_frames_removed
  File "/home/sachit/Documents/VSCProjects/optimiseGEO/venv/lib/python3.10/site-packages/transformers/models/phi4_multimodal/image_processing_phi4_multimodal.py", line 19, in <module>
    from torchvision.transforms.v2 import functional as tvF
ModuleNotFoundError: No module named 'torchvision'
2026-07-29 20:21:23.909 Examining the path of transformers.models.pix2struct.image_processing_pix2struct_fast raised:
Traceback (most recent call last):
  File "/home/sachit/Documents/VSCProjects/optimiseGEO/venv/lib/python3.10/site-packages/streamlit/watcher/local_sources_watcher.py", line 340, in get_module_paths
    potential_paths = extract_paths(module)
  File "/home/sachit/Documents/VSCProjects/optimiseGEO/venv/lib/python3.10/site-packages/streamlit/watcher/local_sources_watcher.py", line 327, in <lambda>
    if hasattr(m, "__path__")
  File "/home/sachit/Documents/VSCProjects/optimiseGEO/venv/lib/python3.10/site-packages/transformers/__init__.py", line 862, in _getattr
    return getattr(importlib.import_module(target, __name__), name)
  File "/usr/lib/python3.10/importlib/__init__.py", line 126, in import_module
    return _bootstrap._gcd_import(name[level:], package, level)
  File "<frozen importlib._bootstrap>", line 1050, in _gcd_import
  File "<frozen importlib._bootstrap>", line 1027, in _find_and_load
  File "<frozen importlib._bootstrap>", line 1006, in _find_and_load_unlocked
  File "<frozen importlib._bootstrap>", line 688, in _load_unlocked
  File "<frozen importlib._bootstrap_external>", line 883, in exec_module
  File "<frozen importlib._bootstrap>", line 241, in _call_with_frames_removed
  File "/home/sachit/Documents/VSCProjects/optimiseGEO/venv/lib/python3.10/site-packages/transformers/models/pix2struct/image_processing_pix2struct.py", line 21, in <module>
    import torchvision.transforms.v2.functional as tvF
ModuleNotFoundError: No module named 'torchvision'
2026-07-29 20:21:23.910 Examining the path of transformers.models.pixtral.image_processing_pixtral_fast raised:
Traceback (most recent call last):
  File "/home/sachit/Documents/VSCProjects/optimiseGEO/venv/lib/python3.10/site-packages/streamlit/watcher/local_sources_watcher.py", line 340, in get_module_paths
    potential_paths = extract_paths(module)
  File "/home/sachit/Documents/VSCProjects/optimiseGEO/venv/lib/python3.10/site-packages/streamlit/watcher/local_sources_watcher.py", line 327, in <lambda>
    if hasattr(m, "__path__")
  File "/home/sachit/Documents/VSCProjects/optimiseGEO/venv/lib/python3.10/site-packages/transformers/__init__.py", line 862, in _getattr
    return getattr(importlib.import_module(target, __name__), name)
  File "/usr/lib/python3.10/importlib/__init__.py", line 126, in import_module
    return _bootstrap._gcd_import(name[level:], package, level)
  File "<frozen importlib._bootstrap>", line 1050, in _gcd_import
  File "<frozen importlib._bootstrap>", line 1027, in _find_and_load
  File "<frozen importlib._bootstrap>", line 1006, in _find_and_load_unlocked
  File "<frozen importlib._bootstrap>", line 688, in _load_unlocked
  File "<frozen importlib._bootstrap_external>", line 883, in exec_module
  File "<frozen importlib._bootstrap>", line 241, in _call_with_frames_removed
  File "/home/sachit/Documents/VSCProjects/optimiseGEO/venv/lib/python3.10/site-packages/transformers/models/pixtral/image_processing_pixtral.py", line 19, in <module>
    from torchvision.transforms.v2 import functional as tvF
ModuleNotFoundError: No module named 'torchvision'
2026-07-29 20:21:23.910 Examining the path of transformers.models.poolformer.image_processing_poolformer_fast raised:
Traceback (most recent call last):
  File "/home/sachit/Documents/VSCProjects/optimiseGEO/venv/lib/python3.10/site-packages/streamlit/watcher/local_sources_watcher.py", line 340, in get_module_paths
    potential_paths = extract_paths(module)
  File "/home/sachit/Documents/VSCProjects/optimiseGEO/venv/lib/python3.10/site-packages/streamlit/watcher/local_sources_watcher.py", line 327, in <lambda>
    if hasattr(m, "__path__")
  File "/home/sachit/Documents/VSCProjects/optimiseGEO/venv/lib/python3.10/site-packages/transformers/__init__.py", line 862, in _getattr
    return getattr(importlib.import_module(target, __name__), name)
  File "/usr/lib/python3.10/importlib/__init__.py", line 126, in import_module
    return _bootstrap._gcd_import(name[level:], package, level)
  File "<frozen importlib._bootstrap>", line 1050, in _gcd_import
  File "<frozen importlib._bootstrap>", line 1027, in _find_and_load
  File "<frozen importlib._bootstrap>", line 1006, in _find_and_load_unlocked
  File "<frozen importlib._bootstrap>", line 688, in _load_unlocked
  File "<frozen importlib._bootstrap_external>", line 883, in exec_module
  File "<frozen importlib._bootstrap>", line 241, in _call_with_frames_removed
  File "/home/sachit/Documents/VSCProjects/optimiseGEO/venv/lib/python3.10/site-packages/transformers/models/poolformer/image_processing_poolformer.py", line 17, in <module>
    from torchvision.transforms.v2 import functional as tvF
ModuleNotFoundError: No module named 'torchvision'
2026-07-29 20:21:23.911 Examining the path of transformers.models.pp_doclayout_v2.image_processing_pp_doclayout_v2_fast raised:
Traceback (most recent call last):
  File "/home/sachit/Documents/VSCProjects/optimiseGEO/venv/lib/python3.10/site-packages/streamlit/watcher/local_sources_watcher.py", line 340, in get_module_paths
    potential_paths = extract_paths(module)
  File "/home/sachit/Documents/VSCProjects/optimiseGEO/venv/lib/python3.10/site-packages/streamlit/watcher/local_sources_watcher.py", line 327, in <lambda>
    if hasattr(m, "__path__")
  File "/home/sachit/Documents/VSCProjects/optimiseGEO/venv/lib/python3.10/site-packages/transformers/__init__.py", line 862, in _getattr
    return getattr(importlib.import_module(target, __name__), name)
  File "/usr/lib/python3.10/importlib/__init__.py", line 126, in import_module
    return _bootstrap._gcd_import(name[level:], package, level)
  File "<frozen importlib._bootstrap>", line 1050, in _gcd_import
  File "<frozen importlib._bootstrap>", line 1027, in _find_and_load
  File "<frozen importlib._bootstrap>", line 1006, in _find_and_load_unlocked
  File "<frozen importlib._bootstrap>", line 688, in _load_unlocked
  File "<frozen importlib._bootstrap_external>", line 883, in exec_module
  File "<frozen importlib._bootstrap>", line 241, in _call_with_frames_removed
  File "/home/sachit/Documents/VSCProjects/optimiseGEO/venv/lib/python3.10/site-packages/transformers/models/pp_doclayout_v2/image_processing_pp_doclayout_v2.py", line 23, in <module>
    from torchvision.transforms.v2 import functional as tvF
ModuleNotFoundError: No module named 'torchvision'
2026-07-29 20:21:23.912 Examining the path of transformers.models.pp_doclayout_v3.image_processing_pp_doclayout_v3_fast raised:
Traceback (most recent call last):
  File "/home/sachit/Documents/VSCProjects/optimiseGEO/venv/lib/python3.10/site-packages/streamlit/watcher/local_sources_watcher.py", line 340, in get_module_paths
    potential_paths = extract_paths(module)
  File "/home/sachit/Documents/VSCProjects/optimiseGEO/venv/lib/python3.10/site-packages/streamlit/watcher/local_sources_watcher.py", line 327, in <lambda>
    if hasattr(m, "__path__")
  File "/home/sachit/Documents/VSCProjects/optimiseGEO/venv/lib/python3.10/site-packages/transformers/__init__.py", line 862, in _getattr
    return getattr(importlib.import_module(target, __name__), name)
  File "/usr/lib/python3.10/importlib/__init__.py", line 126, in import_module
    return _bootstrap._gcd_import(name[level:], package, level)
  File "<frozen importlib._bootstrap>", line 1050, in _gcd_import
  File "<frozen importlib._bootstrap>", line 1027, in _find_and_load
  File "<frozen importlib._bootstrap>", line 1006, in _find_and_load_unlocked
  File "<frozen importlib._bootstrap>", line 688, in _load_unlocked
  File "<frozen importlib._bootstrap_external>", line 883, in exec_module
  File "<frozen importlib._bootstrap>", line 241, in _call_with_frames_removed
  File "/home/sachit/Documents/VSCProjects/optimiseGEO/venv/lib/python3.10/site-packages/transformers/models/pp_doclayout_v3/image_processing_pp_doclayout_v3.py", line 24, in <module>
    from torchvision.transforms.v2 import functional as tvF
ModuleNotFoundError: No module named 'torchvision'
2026-07-29 20:21:23.912 Examining the path of transformers.models.pp_formulanet.image_processing_pp_formulanet_fast raised:
Traceback (most recent call last):
  File "/home/sachit/Documents/VSCProjects/optimiseGEO/venv/lib/python3.10/site-packages/streamlit/watcher/local_sources_watcher.py", line 340, in get_module_paths
    potential_paths = extract_paths(module)
  File "/home/sachit/Documents/VSCProjects/optimiseGEO/venv/lib/python3.10/site-packages/streamlit/watcher/local_sources_watcher.py", line 327, in <lambda>
    if hasattr(m, "__path__")
  File "/home/sachit/Documents/VSCProjects/optimiseGEO/venv/lib/python3.10/site-packages/transformers/__init__.py", line 862, in _getattr
    return getattr(importlib.import_module(target, __name__), name)
  File "/usr/lib/python3.10/importlib/__init__.py", line 126, in import_module
    return _bootstrap._gcd_import(name[level:], package, level)
  File "<frozen importlib._bootstrap>", line 1050, in _gcd_import
  File "<frozen importlib._bootstrap>", line 1027, in _find_and_load
  File "<frozen importlib._bootstrap>", line 1006, in _find_and_load_unlocked
  File "<frozen importlib._bootstrap>", line 688, in _load_unlocked
  File "<frozen importlib._bootstrap_external>", line 883, in exec_module
  File "<frozen importlib._bootstrap>", line 241, in _call_with_frames_removed
  File "/home/sachit/Documents/VSCProjects/optimiseGEO/venv/lib/python3.10/site-packages/transformers/models/pp_formulanet/image_processing_pp_formulanet.py", line 23, in <module>
    from torchvision.transforms.v2 import functional as tvF
ModuleNotFoundError: No module named 'torchvision'
2026-07-29 20:21:23.913 Examining the path of transformers.models.pp_lcnet.image_processing_pp_lcnet_fast raised:
Traceback (most recent call last):
  File "/home/sachit/Documents/VSCProjects/optimiseGEO/venv/lib/python3.10/site-packages/streamlit/watcher/local_sources_watcher.py", line 340, in get_module_paths
    potential_paths = extract_paths(module)
  File "/home/sachit/Documents/VSCProjects/optimiseGEO/venv/lib/python3.10/site-packages/streamlit/watcher/local_sources_watcher.py", line 327, in <lambda>
    if hasattr(m, "__path__")
  File "/home/sachit/Documents/VSCProjects/optimiseGEO/venv/lib/python3.10/site-packages/transformers/__init__.py", line 862, in _getattr
    return getattr(importlib.import_module(target, __name__), name)
  File "/usr/lib/python3.10/importlib/__init__.py", line 126, in import_module
    return _bootstrap._gcd_import(name[level:], package, level)
  File "<frozen importlib._bootstrap>", line 1050, in _gcd_import
  File "<frozen importlib._bootstrap>", line 1027, in _find_and_load
  File "<frozen importlib._bootstrap>", line 1006, in _find_and_load_unlocked
  File "<frozen importlib._bootstrap>", line 688, in _load_unlocked
  File "<frozen importlib._bootstrap_external>", line 883, in exec_module
  File "<frozen importlib._bootstrap>", line 241, in _call_with_frames_removed
  File "/home/sachit/Documents/VSCProjects/optimiseGEO/venv/lib/python3.10/site-packages/transformers/models/pp_lcnet/image_processing_pp_lcnet.py", line 24, in <module>
    import torchvision.transforms.v2.functional as tvF
ModuleNotFoundError: No module named 'torchvision'
2026-07-29 20:21:23.913 Examining the path of transformers.models.pp_ocrv5_server_det.image_processing_pp_ocrv5_server_det_fast raised:
Traceback (most recent call last):
  File "/home/sachit/Documents/VSCProjects/optimiseGEO/venv/lib/python3.10/site-packages/streamlit/watcher/local_sources_watcher.py", line 340, in get_module_paths
    potential_paths = extract_paths(module)
  File "/home/sachit/Documents/VSCProjects/optimiseGEO/venv/lib/python3.10/site-packages/streamlit/watcher/local_sources_watcher.py", line 327, in <lambda>
    if hasattr(m, "__path__")
  File "/home/sachit/Documents/VSCProjects/optimiseGEO/venv/lib/python3.10/site-packages/transformers/__init__.py", line 862, in _getattr
    return getattr(importlib.import_module(target, __name__), name)
  File "/usr/lib/python3.10/importlib/__init__.py", line 126, in import_module
    return _bootstrap._gcd_import(name[level:], package, level)
  File "<frozen importlib._bootstrap>", line 1050, in _gcd_import
  File "<frozen importlib._bootstrap>", line 1027, in _find_and_load
  File "<frozen importlib._bootstrap>", line 1006, in _find_and_load_unlocked
  File "<frozen importlib._bootstrap>", line 688, in _load_unlocked
  File "<frozen importlib._bootstrap_external>", line 883, in exec_module
  File "<frozen importlib._bootstrap>", line 241, in _call_with_frames_removed
  File "/home/sachit/Documents/VSCProjects/optimiseGEO/venv/lib/python3.10/site-packages/transformers/models/pp_ocrv5_server_det/image_processing_pp_ocrv5_server_det.py", line 25, in <module>
    import torchvision.transforms.v2.functional as tvF
ModuleNotFoundError: No module named 'torchvision'
2026-07-29 20:21:23.914 Examining the path of transformers.models.pp_ocrv5_server_rec.image_processing_pp_ocrv5_server_rec_fast raised:
Traceback (most recent call last):
  File "/home/sachit/Documents/VSCProjects/optimiseGEO/venv/lib/python3.10/site-packages/streamlit/watcher/local_sources_watcher.py", line 340, in get_module_paths
    potential_paths = extract_paths(module)
  File "/home/sachit/Documents/VSCProjects/optimiseGEO/venv/lib/python3.10/site-packages/streamlit/watcher/local_sources_watcher.py", line 327, in <lambda>
    if hasattr(m, "__path__")
  File "/home/sachit/Documents/VSCProjects/optimiseGEO/venv/lib/python3.10/site-packages/transformers/__init__.py", line 862, in _getattr
    return getattr(importlib.import_module(target, __name__), name)
  File "/usr/lib/python3.10/importlib/__init__.py", line 126, in import_module
    return _bootstrap._gcd_import(name[level:], package, level)
  File "<frozen importlib._bootstrap>", line 1050, in _gcd_import
  File "<frozen importlib._bootstrap>", line 1027, in _find_and_load
  File "<frozen importlib._bootstrap>", line 1006, in _find_and_load_unlocked
  File "<frozen importlib._bootstrap>", line 688, in _load_unlocked
  File "<frozen importlib._bootstrap_external>", line 883, in exec_module
  File "<frozen importlib._bootstrap>", line 241, in _call_with_frames_removed
  File "/home/sachit/Documents/VSCProjects/optimiseGEO/venv/lib/python3.10/site-packages/transformers/models/pp_ocrv5_server_rec/image_processing_pp_ocrv5_server_rec.py", line 24, in <module>
    import torchvision.transforms.v2.functional as tvF
ModuleNotFoundError: No module named 'torchvision'
2026-07-29 20:21:23.914 Examining the path of transformers.models.pp_ocrv6_small_rec.image_processing_pp_ocrv6_small_rec_fast raised:
Traceback (most recent call last):
  File "/home/sachit/Documents/VSCProjects/optimiseGEO/venv/lib/python3.10/site-packages/streamlit/watcher/local_sources_watcher.py", line 340, in get_module_paths
    potential_paths = extract_paths(module)
  File "/home/sachit/Documents/VSCProjects/optimiseGEO/venv/lib/python3.10/site-packages/streamlit/watcher/local_sources_watcher.py", line 327, in <lambda>
    if hasattr(m, "__path__")
  File "/home/sachit/Documents/VSCProjects/optimiseGEO/venv/lib/python3.10/site-packages/transformers/__init__.py", line 862, in _getattr
    return getattr(importlib.import_module(target, __name__), name)
  File "/usr/lib/python3.10/importlib/__init__.py", line 126, in import_module
    return _bootstrap._gcd_import(name[level:], package, level)
  File "<frozen importlib._bootstrap>", line 1050, in _gcd_import
  File "<frozen importlib._bootstrap>", line 1027, in _find_and_load
  File "<frozen importlib._bootstrap>", line 1006, in _find_and_load_unlocked
  File "<frozen importlib._bootstrap>", line 688, in _load_unlocked
  File "<frozen importlib._bootstrap_external>", line 883, in exec_module
  File "<frozen importlib._bootstrap>", line 241, in _call_with_frames_removed
  File "/home/sachit/Documents/VSCProjects/optimiseGEO/venv/lib/python3.10/site-packages/transformers/models/pp_ocrv6_small_rec/image_processing_pp_ocrv6_small_rec.py", line 24, in <module>
    import torchvision.transforms.v2.functional as tvF
ModuleNotFoundError: No module named 'torchvision'
2026-07-29 20:21:23.915 Examining the path of transformers.models.prompt_depth_anything.image_processing_prompt_depth_anything_fast raised:
Traceback (most recent call last):
  File "/home/sachit/Documents/VSCProjects/optimiseGEO/venv/lib/python3.10/site-packages/streamlit/watcher/local_sources_watcher.py", line 340, in get_module_paths
    potential_paths = extract_paths(module)
  File "/home/sachit/Documents/VSCProjects/optimiseGEO/venv/lib/python3.10/site-packages/streamlit/watcher/local_sources_watcher.py", line 327, in <lambda>
    if hasattr(m, "__path__")
  File "/home/sachit/Documents/VSCProjects/optimiseGEO/venv/lib/python3.10/site-packages/transformers/__init__.py", line 862, in _getattr
    return getattr(importlib.import_module(target, __name__), name)
  File "/usr/lib/python3.10/importlib/__init__.py", line 126, in import_module
    return _bootstrap._gcd_import(name[level:], package, level)
  File "<frozen importlib._bootstrap>", line 1050, in _gcd_import
  File "<frozen importlib._bootstrap>", line 1027, in _find_and_load
  File "<frozen importlib._bootstrap>", line 1006, in _find_and_load_unlocked
  File "<frozen importlib._bootstrap>", line 688, in _load_unlocked
  File "<frozen importlib._bootstrap_external>", line 883, in exec_module
  File "<frozen importlib._bootstrap>", line 241, in _call_with_frames_removed
  File "/home/sachit/Documents/VSCProjects/optimiseGEO/venv/lib/python3.10/site-packages/transformers/models/prompt_depth_anything/image_processing_prompt_depth_anything.py", line 42, in <module>
    from torchvision.transforms.v2 import functional as tvF
ModuleNotFoundError: No module named 'torchvision'
2026-07-29 20:21:23.915 Examining the path of transformers.models.qwen2_vl.image_processing_qwen2_vl_fast raised:
Traceback (most recent call last):
  File "/home/sachit/Documents/VSCProjects/optimiseGEO/venv/lib/python3.10/site-packages/streamlit/watcher/local_sources_watcher.py", line 340, in get_module_paths
    potential_paths = extract_paths(module)
  File "/home/sachit/Documents/VSCProjects/optimiseGEO/venv/lib/python3.10/site-packages/streamlit/watcher/local_sources_watcher.py", line 327, in <lambda>
    if hasattr(m, "__path__")
  File "/home/sachit/Documents/VSCProjects/optimiseGEO/venv/lib/python3.10/site-packages/transformers/__init__.py", line 862, in _getattr
    return getattr(importlib.import_module(target, __name__), name)
  File "/usr/lib/python3.10/importlib/__init__.py", line 126, in import_module
    return _bootstrap._gcd_import(name[level:], package, level)
  File "<frozen importlib._bootstrap>", line 1050, in _gcd_import
  File "<frozen importlib._bootstrap>", line 1027, in _find_and_load
  File "<frozen importlib._bootstrap>", line 1006, in _find_and_load_unlocked
  File "<frozen importlib._bootstrap>", line 688, in _load_unlocked
  File "<frozen importlib._bootstrap_external>", line 883, in exec_module
  File "<frozen importlib._bootstrap>", line 241, in _call_with_frames_removed
  File "/home/sachit/Documents/VSCProjects/optimiseGEO/venv/lib/python3.10/site-packages/transformers/models/qwen2_vl/image_processing_qwen2_vl.py", line 25, in <module>
    from torchvision.transforms.v2 import functional as tvF
ModuleNotFoundError: No module named 'torchvision'
2026-07-29 20:21:23.916 Examining the path of transformers.models.rf_detr.image_processing_rf_detr_fast raised:
Traceback (most recent call last):
  File "/home/sachit/Documents/VSCProjects/optimiseGEO/venv/lib/python3.10/site-packages/streamlit/watcher/local_sources_watcher.py", line 340, in get_module_paths
    potential_paths = extract_paths(module)
  File "/home/sachit/Documents/VSCProjects/optimiseGEO/venv/lib/python3.10/site-packages/streamlit/watcher/local_sources_watcher.py", line 327, in <lambda>
    if hasattr(m, "__path__")
  File "/home/sachit/Documents/VSCProjects/optimiseGEO/venv/lib/python3.10/site-packages/transformers/__init__.py", line 862, in _getattr
    return getattr(importlib.import_module(target, __name__), name)
  File "/usr/lib/python3.10/importlib/__init__.py", line 126, in import_module
    return _bootstrap._gcd_import(name[level:], package, level)
  File "<frozen importlib._bootstrap>", line 1050, in _gcd_import
  File "<frozen importlib._bootstrap>", line 1027, in _find_and_load
  File "<frozen importlib._bootstrap>", line 1006, in _find_and_load_unlocked
  File "<frozen importlib._bootstrap>", line 688, in _load_unlocked
  File "<frozen importlib._bootstrap_external>", line 883, in exec_module
  File "<frozen importlib._bootstrap>", line 241, in _call_with_frames_removed
  File "/home/sachit/Documents/VSCProjects/optimiseGEO/venv/lib/python3.10/site-packages/transformers/models/rf_detr/image_processing_rf_detr.py", line 26, in <module>
    from torchvision.transforms.v2 import functional as tvF
ModuleNotFoundError: No module named 'torchvision'
2026-07-29 20:21:23.916 Examining the path of transformers.models.rt_detr.image_processing_rt_detr_fast raised:
Traceback (most recent call last):
  File "/home/sachit/Documents/VSCProjects/optimiseGEO/venv/lib/python3.10/site-packages/streamlit/watcher/local_sources_watcher.py", line 340, in get_module_paths
    potential_paths = extract_paths(module)
  File "/home/sachit/Documents/VSCProjects/optimiseGEO/venv/lib/python3.10/site-packages/streamlit/watcher/local_sources_watcher.py", line 327, in <lambda>
    if hasattr(m, "__path__")
  File "/home/sachit/Documents/VSCProjects/optimiseGEO/venv/lib/python3.10/site-packages/transformers/__init__.py", line 862, in _getattr
    return getattr(importlib.import_module(target, __name__), name)
  File "/usr/lib/python3.10/importlib/__init__.py", line 126, in import_module
    return _bootstrap._gcd_import(name[level:], package, level)
  File "<frozen importlib._bootstrap>", line 1050, in _gcd_import
  File "<frozen importlib._bootstrap>", line 1027, in _find_and_load
  File "<frozen importlib._bootstrap>", line 1006, in _find_and_load_unlocked
  File "<frozen importlib._bootstrap>", line 688, in _load_unlocked
  File "<frozen importlib._bootstrap_external>", line 883, in exec_module
  File "<frozen importlib._bootstrap>", line 241, in _call_with_frames_removed
  File "/home/sachit/Documents/VSCProjects/optimiseGEO/venv/lib/python3.10/site-packages/transformers/models/rt_detr/image_processing_rt_detr.py", line 24, in <module>
    from torchvision.transforms.v2 import functional as tvF
ModuleNotFoundError: No module named 'torchvision'
2026-07-29 20:21:23.917 Examining the path of transformers.models.sam.image_processing_sam_fast raised:
Traceback (most recent call last):
  File "/home/sachit/Documents/VSCProjects/optimiseGEO/venv/lib/python3.10/site-packages/streamlit/watcher/local_sources_watcher.py", line 340, in get_module_paths
    potential_paths = extract_paths(module)
  File "/home/sachit/Documents/VSCProjects/optimiseGEO/venv/lib/python3.10/site-packages/streamlit/watcher/local_sources_watcher.py", line 327, in <lambda>
    if hasattr(m, "__path__")
  File "/home/sachit/Documents/VSCProjects/optimiseGEO/venv/lib/python3.10/site-packages/transformers/__init__.py", line 862, in _getattr
    return getattr(importlib.import_module(target, __name__), name)
  File "/usr/lib/python3.10/importlib/__init__.py", line 126, in import_module
    return _bootstrap._gcd_import(name[level:], package, level)
  File "<frozen importlib._bootstrap>", line 1050, in _gcd_import
  File "<frozen importlib._bootstrap>", line 1027, in _find_and_load
  File "<frozen importlib._bootstrap>", line 1006, in _find_and_load_unlocked
  File "<frozen importlib._bootstrap>", line 688, in _load_unlocked
  File "<frozen importlib._bootstrap_external>", line 883, in exec_module
  File "<frozen importlib._bootstrap>", line 241, in _call_with_frames_removed
  File "/home/sachit/Documents/VSCProjects/optimiseGEO/venv/lib/python3.10/site-packages/transformers/models/sam/image_processing_sam.py", line 25, in <module>
    from torchvision.ops.boxes import batched_nms
ModuleNotFoundError: No module named 'torchvision'
2026-07-29 20:21:23.918 Examining the path of transformers.models.sam2.image_processing_sam2_fast raised:
Traceback (most recent call last):
  File "/home/sachit/Documents/VSCProjects/optimiseGEO/venv/lib/python3.10/site-packages/streamlit/watcher/local_sources_watcher.py", line 340, in get_module_paths
    potential_paths = extract_paths(module)
  File "/home/sachit/Documents/VSCProjects/optimiseGEO/venv/lib/python3.10/site-packages/streamlit/watcher/local_sources_watcher.py", line 327, in <lambda>
    if hasattr(m, "__path__")
  File "/home/sachit/Documents/VSCProjects/optimiseGEO/venv/lib/python3.10/site-packages/transformers/__init__.py", line 862, in _getattr
    return getattr(importlib.import_module(target, __name__), name)
  File "/usr/lib/python3.10/importlib/__init__.py", line 126, in import_module
    return _bootstrap._gcd_import(name[level:], package, level)
  File "<frozen importlib._bootstrap>", line 1050, in _gcd_import
  File "<frozen importlib._bootstrap>", line 1027, in _find_and_load
  File "<frozen importlib._bootstrap>", line 1006, in _find_and_load_unlocked
  File "<frozen importlib._bootstrap>", line 688, in _load_unlocked
  File "<frozen importlib._bootstrap_external>", line 883, in exec_module
  File "<frozen importlib._bootstrap>", line 241, in _call_with_frames_removed
  File "/home/sachit/Documents/VSCProjects/optimiseGEO/venv/lib/python3.10/site-packages/transformers/models/sam2/image_processing_sam2.py", line 28, in <module>
    from torchvision.ops.boxes import batched_nms
ModuleNotFoundError: No module named 'torchvision'
2026-07-29 20:21:23.918 Examining the path of transformers.models.sam3.image_processing_sam3_fast raised:
Traceback (most recent call last):
  File "/home/sachit/Documents/VSCProjects/optimiseGEO/venv/lib/python3.10/site-packages/streamlit/watcher/local_sources_watcher.py", line 340, in get_module_paths
    potential_paths = extract_paths(module)
  File "/home/sachit/Documents/VSCProjects/optimiseGEO/venv/lib/python3.10/site-packages/streamlit/watcher/local_sources_watcher.py", line 327, in <lambda>
    if hasattr(m, "__path__")
  File "/home/sachit/Documents/VSCProjects/optimiseGEO/venv/lib/python3.10/site-packages/transformers/__init__.py", line 862, in _getattr
    return getattr(importlib.import_module(target, __name__), name)
  File "/usr/lib/python3.10/importlib/__init__.py", line 126, in import_module
    return _bootstrap._gcd_import(name[level:], package, level)
  File "<frozen importlib._bootstrap>", line 1050, in _gcd_import
  File "<frozen importlib._bootstrap>", line 1027, in _find_and_load
  File "<frozen importlib._bootstrap>", line 1006, in _find_and_load_unlocked
  File "<frozen importlib._bootstrap>", line 688, in _load_unlocked
  File "<frozen importlib._bootstrap_external>", line 883, in exec_module
  File "<frozen importlib._bootstrap>", line 241, in _call_with_frames_removed
  File "/home/sachit/Documents/VSCProjects/optimiseGEO/venv/lib/python3.10/site-packages/transformers/models/sam3/image_processing_sam3.py", line 30, in <module>
    from torchvision.ops.boxes import batched_nms
ModuleNotFoundError: No module named 'torchvision'
2026-07-29 20:21:23.919 Examining the path of transformers.models.sapiens2.image_processing_sapiens2_fast raised:
Traceback (most recent call last):
  File "/home/sachit/Documents/VSCProjects/optimiseGEO/venv/lib/python3.10/site-packages/streamlit/watcher/local_sources_watcher.py", line 340, in get_module_paths
    potential_paths = extract_paths(module)
  File "/home/sachit/Documents/VSCProjects/optimiseGEO/venv/lib/python3.10/site-packages/streamlit/watcher/local_sources_watcher.py", line 327, in <lambda>
    if hasattr(m, "__path__")
  File "/home/sachit/Documents/VSCProjects/optimiseGEO/venv/lib/python3.10/site-packages/transformers/__init__.py", line 862, in _getattr
    return getattr(importlib.import_module(target, __name__), name)
  File "/usr/lib/python3.10/importlib/__init__.py", line 126, in import_module
    return _bootstrap._gcd_import(name[level:], package, level)
  File "<frozen importlib._bootstrap>", line 1050, in _gcd_import
  File "<frozen importlib._bootstrap>", line 1027, in _find_and_load
  File "<frozen importlib._bootstrap>", line 1006, in _find_and_load_unlocked
  File "<frozen importlib._bootstrap>", line 688, in _load_unlocked
  File "<frozen importlib._bootstrap_external>", line 883, in exec_module
  File "<frozen importlib._bootstrap>", line 241, in _call_with_frames_removed
  File "/home/sachit/Documents/VSCProjects/optimiseGEO/venv/lib/python3.10/site-packages/transformers/models/sapiens2/image_processing_sapiens2.py", line 23, in <module>
    from torchvision.transforms.v2 import functional as tvF
ModuleNotFoundError: No module named 'torchvision'
2026-07-29 20:21:23.919 Examining the path of transformers.models.segformer.image_processing_segformer_fast raised:
Traceback (most recent call last):
  File "/home/sachit/Documents/VSCProjects/optimiseGEO/venv/lib/python3.10/site-packages/streamlit/watcher/local_sources_watcher.py", line 340, in get_module_paths
    potential_paths = extract_paths(module)
  File "/home/sachit/Documents/VSCProjects/optimiseGEO/venv/lib/python3.10/site-packages/streamlit/watcher/local_sources_watcher.py", line 327, in <lambda>
    if hasattr(m, "__path__")
  File "/home/sachit/Documents/VSCProjects/optimiseGEO/venv/lib/python3.10/site-packages/transformers/__init__.py", line 862, in _getattr
    return getattr(importlib.import_module(target, __name__), name)
  File "/usr/lib/python3.10/importlib/__init__.py", line 126, in import_module
    return _bootstrap._gcd_import(name[level:], package, level)
  File "<frozen importlib._bootstrap>", line 1050, in _gcd_import
  File "<frozen importlib._bootstrap>", line 1027, in _find_and_load
  File "<frozen importlib._bootstrap>", line 1006, in _find_and_load_unlocked
  File "<frozen importlib._bootstrap>", line 688, in _load_unlocked
  File "<frozen importlib._bootstrap_external>", line 883, in exec_module
  File "<frozen importlib._bootstrap>", line 241, in _call_with_frames_removed
  File "/home/sachit/Documents/VSCProjects/optimiseGEO/venv/lib/python3.10/site-packages/transformers/models/segformer/image_processing_segformer.py", line 25, in <module>
    import torchvision.transforms.v2.functional as tvF
ModuleNotFoundError: No module named 'torchvision'
2026-07-29 20:21:23.920 Examining the path of transformers.models.seggpt.image_processing_seggpt_fast raised:
Traceback (most recent call last):
  File "/home/sachit/Documents/VSCProjects/optimiseGEO/venv/lib/python3.10/site-packages/streamlit/watcher/local_sources_watcher.py", line 340, in get_module_paths
    potential_paths = extract_paths(module)
  File "/home/sachit/Documents/VSCProjects/optimiseGEO/venv/lib/python3.10/site-packages/streamlit/watcher/local_sources_watcher.py", line 327, in <lambda>
    if hasattr(m, "__path__")
  File "/home/sachit/Documents/VSCProjects/optimiseGEO/venv/lib/python3.10/site-packages/transformers/__init__.py", line 862, in _getattr
    return getattr(importlib.import_module(target, __name__), name)
  File "/usr/lib/python3.10/importlib/__init__.py", line 126, in import_module
    return _bootstrap._gcd_import(name[level:], package, level)
  File "<frozen importlib._bootstrap>", line 1050, in _gcd_import
  File "<frozen importlib._bootstrap>", line 1027, in _find_and_load
  File "<frozen importlib._bootstrap>", line 1006, in _find_and_load_unlocked
  File "<frozen importlib._bootstrap>", line 688, in _load_unlocked
  File "<frozen importlib._bootstrap_external>", line 883, in exec_module
  File "<frozen importlib._bootstrap>", line 241, in _call_with_frames_removed
  File "/home/sachit/Documents/VSCProjects/optimiseGEO/venv/lib/python3.10/site-packages/transformers/models/seggpt/image_processing_seggpt.py", line 20, in <module>
    from torchvision.transforms.v2 import functional as tvF
ModuleNotFoundError: No module named 'torchvision'
2026-07-29 20:21:23.920 Examining the path of transformers.models.siglip2.image_processing_siglip2_fast raised:
Traceback (most recent call last):
  File "/home/sachit/Documents/VSCProjects/optimiseGEO/venv/lib/python3.10/site-packages/streamlit/watcher/local_sources_watcher.py", line 340, in get_module_paths
    potential_paths = extract_paths(module)
  File "/home/sachit/Documents/VSCProjects/optimiseGEO/venv/lib/python3.10/site-packages/streamlit/watcher/local_sources_watcher.py", line 327, in <lambda>
    if hasattr(m, "__path__")
  File "/home/sachit/Documents/VSCProjects/optimiseGEO/venv/lib/python3.10/site-packages/transformers/__init__.py", line 862, in _getattr
    return getattr(importlib.import_module(target, __name__), name)
  File "/usr/lib/python3.10/importlib/__init__.py", line 126, in import_module
    return _bootstrap._gcd_import(name[level:], package, level)
  File "<frozen importlib._bootstrap>", line 1050, in _gcd_import
  File "<frozen importlib._bootstrap>", line 1027, in _find_and_load
  File "<frozen importlib._bootstrap>", line 1006, in _find_and_load_unlocked
  File "<frozen importlib._bootstrap>", line 688, in _load_unlocked
  File "<frozen importlib._bootstrap_external>", line 883, in exec_module
  File "<frozen importlib._bootstrap>", line 241, in _call_with_frames_removed
  File "/home/sachit/Documents/VSCProjects/optimiseGEO/venv/lib/python3.10/site-packages/transformers/models/siglip2/image_processing_siglip2.py", line 17, in <module>
    from torchvision.transforms.v2 import functional as tvF
ModuleNotFoundError: No module named 'torchvision'
2026-07-29 20:21:23.921 Examining the path of transformers.models.slanext.image_processing_slanext_fast raised:
Traceback (most recent call last):
  File "/home/sachit/Documents/VSCProjects/optimiseGEO/venv/lib/python3.10/site-packages/streamlit/watcher/local_sources_watcher.py", line 340, in get_module_paths
    potential_paths = extract_paths(module)
  File "/home/sachit/Documents/VSCProjects/optimiseGEO/venv/lib/python3.10/site-packages/streamlit/watcher/local_sources_watcher.py", line 327, in <lambda>
    if hasattr(m, "__path__")
  File "/home/sachit/Documents/VSCProjects/optimiseGEO/venv/lib/python3.10/site-packages/transformers/__init__.py", line 862, in _getattr
    return getattr(importlib.import_module(target, __name__), name)
  File "/usr/lib/python3.10/importlib/__init__.py", line 126, in import_module
    return _bootstrap._gcd_import(name[level:], package, level)
  File "<frozen importlib._bootstrap>", line 1050, in _gcd_import
  File "<frozen importlib._bootstrap>", line 1027, in _find_and_load
  File "<frozen importlib._bootstrap>", line 1006, in _find_and_load_unlocked
  File "<frozen importlib._bootstrap>", line 688, in _load_unlocked
  File "<frozen importlib._bootstrap_external>", line 883, in exec_module
  File "<frozen importlib._bootstrap>", line 241, in _call_with_frames_removed
  File "/home/sachit/Documents/VSCProjects/optimiseGEO/venv/lib/python3.10/site-packages/transformers/models/slanext/image_processing_slanext.py", line 23, in <module>
    import torchvision.transforms.v2.functional as tvF
ModuleNotFoundError: No module named 'torchvision'
2026-07-29 20:21:23.922 Examining the path of transformers.models.smolvlm.image_processing_smolvlm_fast raised:
Traceback (most recent call last):
  File "/home/sachit/Documents/VSCProjects/optimiseGEO/venv/lib/python3.10/site-packages/streamlit/watcher/local_sources_watcher.py", line 340, in get_module_paths
    potential_paths = extract_paths(module)
  File "/home/sachit/Documents/VSCProjects/optimiseGEO/venv/lib/python3.10/site-packages/streamlit/watcher/local_sources_watcher.py", line 327, in <lambda>
    if hasattr(m, "__path__")
  File "/home/sachit/Documents/VSCProjects/optimiseGEO/venv/lib/python3.10/site-packages/transformers/__init__.py", line 862, in _getattr
    return getattr(importlib.import_module(target, __name__), name)
  File "/usr/lib/python3.10/importlib/__init__.py", line 126, in import_module
    return _bootstrap._gcd_import(name[level:], package, level)
  File "<frozen importlib._bootstrap>", line 1050, in _gcd_import
  File "<frozen importlib._bootstrap>", line 1027, in _find_and_load
  File "<frozen importlib._bootstrap>", line 1006, in _find_and_load_unlocked
  File "<frozen importlib._bootstrap>", line 688, in _load_unlocked
  File "<frozen importlib._bootstrap_external>", line 883, in exec_module
  File "<frozen importlib._bootstrap>", line 241, in _call_with_frames_removed
  File "/home/sachit/Documents/VSCProjects/optimiseGEO/venv/lib/python3.10/site-packages/transformers/models/smolvlm/image_processing_smolvlm.py", line 27, in <module>
    from torchvision.transforms.v2 import functional as tvF
ModuleNotFoundError: No module named 'torchvision'
2026-07-29 20:21:23.922 Examining the path of transformers.models.superglue.image_processing_superglue_fast raised:
Traceback (most recent call last):
  File "/home/sachit/Documents/VSCProjects/optimiseGEO/venv/lib/python3.10/site-packages/streamlit/watcher/local_sources_watcher.py", line 340, in get_module_paths
    potential_paths = extract_paths(module)
  File "/home/sachit/Documents/VSCProjects/optimiseGEO/venv/lib/python3.10/site-packages/streamlit/watcher/local_sources_watcher.py", line 327, in <lambda>
    if hasattr(m, "__path__")
  File "/home/sachit/Documents/VSCProjects/optimiseGEO/venv/lib/python3.10/site-packages/transformers/__init__.py", line 862, in _getattr
    return getattr(importlib.import_module(target, __name__), name)
  File "/usr/lib/python3.10/importlib/__init__.py", line 126, in import_module
    return _bootstrap._gcd_import(name[level:], package, level)
  File "<frozen importlib._bootstrap>", line 1050, in _gcd_import
  File "<frozen importlib._bootstrap>", line 1027, in _find_and_load
  File "<frozen importlib._bootstrap>", line 1006, in _find_and_load_unlocked
  File "<frozen importlib._bootstrap>", line 688, in _load_unlocked
  File "<frozen importlib._bootstrap_external>", line 883, in exec_module
  File "<frozen importlib._bootstrap>", line 241, in _call_with_frames_removed
  File "/home/sachit/Documents/VSCProjects/optimiseGEO/venv/lib/python3.10/site-packages/transformers/models/superglue/image_processing_superglue.py", line 47, in <module>
    from torchvision.transforms.v2 import functional as tvF
ModuleNotFoundError: No module named 'torchvision'
2026-07-29 20:21:23.923 Examining the path of transformers.models.superpoint.image_processing_superpoint_fast raised:
Traceback (most recent call last):
  File "/home/sachit/Documents/VSCProjects/optimiseGEO/venv/lib/python3.10/site-packages/streamlit/watcher/local_sources_watcher.py", line 340, in get_module_paths
    potential_paths = extract_paths(module)
  File "/home/sachit/Documents/VSCProjects/optimiseGEO/venv/lib/python3.10/site-packages/streamlit/watcher/local_sources_watcher.py", line 327, in <lambda>
    if hasattr(m, "__path__")
  File "/home/sachit/Documents/VSCProjects/optimiseGEO/venv/lib/python3.10/site-packages/transformers/__init__.py", line 862, in _getattr
    return getattr(importlib.import_module(target, __name__), name)
  File "/usr/lib/python3.10/importlib/__init__.py", line 126, in import_module
    return _bootstrap._gcd_import(name[level:], package, level)
  File "<frozen importlib._bootstrap>", line 1050, in _gcd_import
  File "<frozen importlib._bootstrap>", line 1027, in _find_and_load
  File "<frozen importlib._bootstrap>", line 1006, in _find_and_load_unlocked
  File "<frozen importlib._bootstrap>", line 688, in _load_unlocked
  File "<frozen importlib._bootstrap_external>", line 883, in exec_module
  File "<frozen importlib._bootstrap>", line 241, in _call_with_frames_removed
  File "/home/sachit/Documents/VSCProjects/optimiseGEO/venv/lib/python3.10/site-packages/transformers/models/superpoint/image_processing_superpoint.py", line 31, in <module>
    from torchvision.transforms.v2 import functional as tvF
ModuleNotFoundError: No module named 'torchvision'
2026-07-29 20:21:23.923 Examining the path of transformers.models.swin2sr.image_processing_swin2sr_fast raised:
Traceback (most recent call last):
  File "/home/sachit/Documents/VSCProjects/optimiseGEO/venv/lib/python3.10/site-packages/streamlit/watcher/local_sources_watcher.py", line 340, in get_module_paths
    potential_paths = extract_paths(module)
  File "/home/sachit/Documents/VSCProjects/optimiseGEO/venv/lib/python3.10/site-packages/streamlit/watcher/local_sources_watcher.py", line 327, in <lambda>
    if hasattr(m, "__path__")
  File "/home/sachit/Documents/VSCProjects/optimiseGEO/venv/lib/python3.10/site-packages/transformers/__init__.py", line 862, in _getattr
    return getattr(importlib.import_module(target, __name__), name)
  File "/usr/lib/python3.10/importlib/__init__.py", line 126, in import_module
    return _bootstrap._gcd_import(name[level:], package, level)
  File "<frozen importlib._bootstrap>", line 1050, in _gcd_import
  File "<frozen importlib._bootstrap>", line 1027, in _find_and_load
  File "<frozen importlib._bootstrap>", line 1006, in _find_and_load_unlocked
  File "<frozen importlib._bootstrap>", line 688, in _load_unlocked
  File "<frozen importlib._bootstrap_external>", line 883, in exec_module
  File "<frozen importlib._bootstrap>", line 241, in _call_with_frames_removed
  File "/home/sachit/Documents/VSCProjects/optimiseGEO/venv/lib/python3.10/site-packages/transformers/models/swin2sr/image_processing_swin2sr.py", line 17, in <module>
    from torchvision.transforms.v2 import functional as tvF
ModuleNotFoundError: No module named 'torchvision'
2026-07-29 20:21:23.924 Examining the path of transformers.models.textnet.image_processing_textnet_fast raised:
Traceback (most recent call last):
  File "/home/sachit/Documents/VSCProjects/optimiseGEO/venv/lib/python3.10/site-packages/streamlit/watcher/local_sources_watcher.py", line 340, in get_module_paths
    potential_paths = extract_paths(module)
  File "/home/sachit/Documents/VSCProjects/optimiseGEO/venv/lib/python3.10/site-packages/streamlit/watcher/local_sources_watcher.py", line 327, in <lambda>
    if hasattr(m, "__path__")
  File "/home/sachit/Documents/VSCProjects/optimiseGEO/venv/lib/python3.10/site-packages/transformers/__init__.py", line 862, in _getattr
    return getattr(importlib.import_module(target, __name__), name)
  File "/usr/lib/python3.10/importlib/__init__.py", line 126, in import_module
    return _bootstrap._gcd_import(name[level:], package, level)
  File "<frozen importlib._bootstrap>", line 1050, in _gcd_import
  File "<frozen importlib._bootstrap>", line 1027, in _find_and_load
  File "<frozen importlib._bootstrap>", line 1006, in _find_and_load_unlocked
  File "<frozen importlib._bootstrap>", line 688, in _load_unlocked
  File "<frozen importlib._bootstrap_external>", line 883, in exec_module
  File "<frozen importlib._bootstrap>", line 241, in _call_with_frames_removed
  File "/home/sachit/Documents/VSCProjects/optimiseGEO/venv/lib/python3.10/site-packages/transformers/models/textnet/image_processing_textnet.py", line 17, in <module>
    from torchvision.transforms.v2 import functional as tvF
ModuleNotFoundError: No module named 'torchvision'
2026-07-29 20:21:23.924 Examining the path of transformers.models.tvp.image_processing_tvp_fast raised:
Traceback (most recent call last):
  File "/home/sachit/Documents/VSCProjects/optimiseGEO/venv/lib/python3.10/site-packages/streamlit/watcher/local_sources_watcher.py", line 340, in get_module_paths
    potential_paths = extract_paths(module)
  File "/home/sachit/Documents/VSCProjects/optimiseGEO/venv/lib/python3.10/site-packages/streamlit/watcher/local_sources_watcher.py", line 327, in <lambda>
    if hasattr(m, "__path__")
  File "/home/sachit/Documents/VSCProjects/optimiseGEO/venv/lib/python3.10/site-packages/transformers/__init__.py", line 862, in _getattr
    return getattr(importlib.import_module(target, __name__), name)
  File "/usr/lib/python3.10/importlib/__init__.py", line 126, in import_module
    return _bootstrap._gcd_import(name[level:], package, level)
  File "<frozen importlib._bootstrap>", line 1050, in _gcd_import
  File "<frozen importlib._bootstrap>", line 1027, in _find_and_load
  File "<frozen importlib._bootstrap>", line 1006, in _find_and_load_unlocked
  File "<frozen importlib._bootstrap>", line 688, in _load_unlocked
  File "<frozen importlib._bootstrap_external>", line 883, in exec_module
  File "<frozen importlib._bootstrap>", line 241, in _call_with_frames_removed
  File "/home/sachit/Documents/VSCProjects/optimiseGEO/venv/lib/python3.10/site-packages/transformers/models/tvp/image_processing_tvp.py", line 17, in <module>
    from torchvision.transforms.v2 import functional as tvF
ModuleNotFoundError: No module named 'torchvision'
2026-07-29 20:21:23.925 Examining the path of transformers.models.videomae.image_processing_videomae_fast raised:
Traceback (most recent call last):
  File "/home/sachit/Documents/VSCProjects/optimiseGEO/venv/lib/python3.10/site-packages/streamlit/watcher/local_sources_watcher.py", line 340, in get_module_paths
    potential_paths = extract_paths(module)
  File "/home/sachit/Documents/VSCProjects/optimiseGEO/venv/lib/python3.10/site-packages/streamlit/watcher/local_sources_watcher.py", line 327, in <lambda>
    if hasattr(m, "__path__")
  File "/home/sachit/Documents/VSCProjects/optimiseGEO/venv/lib/python3.10/site-packages/transformers/__init__.py", line 862, in _getattr
    return getattr(importlib.import_module(target, __name__), name)
  File "/usr/lib/python3.10/importlib/__init__.py", line 126, in import_module
    return _bootstrap._gcd_import(name[level:], package, level)
  File "<frozen importlib._bootstrap>", line 1050, in _gcd_import
  File "<frozen importlib._bootstrap>", line 1027, in _find_and_load
  File "<frozen importlib._bootstrap>", line 1006, in _find_and_load_unlocked
  File "<frozen importlib._bootstrap>", line 688, in _load_unlocked
  File "<frozen importlib._bootstrap_external>", line 883, in exec_module
  File "<frozen importlib._bootstrap>", line 241, in _call_with_frames_removed
  File "/home/sachit/Documents/VSCProjects/optimiseGEO/venv/lib/python3.10/site-packages/transformers/models/videomae/image_processing_videomae.py", line 17, in <module>
    from torchvision.transforms.v2 import functional as tvF
ModuleNotFoundError: No module named 'torchvision'
2026-07-29 20:21:23.925 Examining the path of transformers.models.vilt.image_processing_vilt_fast raised:
Traceback (most recent call last):
  File "/home/sachit/Documents/VSCProjects/optimiseGEO/venv/lib/python3.10/site-packages/streamlit/watcher/local_sources_watcher.py", line 340, in get_module_paths
    potential_paths = extract_paths(module)
  File "/home/sachit/Documents/VSCProjects/optimiseGEO/venv/lib/python3.10/site-packages/streamlit/watcher/local_sources_watcher.py", line 327, in <lambda>
    if hasattr(m, "__path__")
  File "/home/sachit/Documents/VSCProjects/optimiseGEO/venv/lib/python3.10/site-packages/transformers/__init__.py", line 862, in _getattr
    return getattr(importlib.import_module(target, __name__), name)
  File "/usr/lib/python3.10/importlib/__init__.py", line 126, in import_module
    return _bootstrap._gcd_import(name[level:], package, level)
  File "<frozen importlib._bootstrap>", line 1050, in _gcd_import
  File "<frozen importlib._bootstrap>", line 1027, in _find_and_load
  File "<frozen importlib._bootstrap>", line 1006, in _find_and_load_unlocked
  File "<frozen importlib._bootstrap>", line 688, in _load_unlocked
  File "<frozen importlib._bootstrap_external>", line 883, in exec_module
  File "<frozen importlib._bootstrap>", line 241, in _call_with_frames_removed
  File "/home/sachit/Documents/VSCProjects/optimiseGEO/venv/lib/python3.10/site-packages/transformers/models/vilt/image_processing_vilt.py", line 17, in <module>
    from torchvision.transforms.v2 import functional as tvF
ModuleNotFoundError: No module named 'torchvision'
2026-07-29 20:21:23.926 Examining the path of transformers.models.vitmatte.image_processing_vitmatte_fast raised:
Traceback (most recent call last):
  File "/home/sachit/Documents/VSCProjects/optimiseGEO/venv/lib/python3.10/site-packages/streamlit/watcher/local_sources_watcher.py", line 340, in get_module_paths
    potential_paths = extract_paths(module)
  File "/home/sachit/Documents/VSCProjects/optimiseGEO/venv/lib/python3.10/site-packages/streamlit/watcher/local_sources_watcher.py", line 327, in <lambda>
    if hasattr(m, "__path__")
  File "/home/sachit/Documents/VSCProjects/optimiseGEO/venv/lib/python3.10/site-packages/transformers/__init__.py", line 862, in _getattr
    return getattr(importlib.import_module(target, __name__), name)
  File "/usr/lib/python3.10/importlib/__init__.py", line 126, in import_module
    return _bootstrap._gcd_import(name[level:], package, level)
  File "<frozen importlib._bootstrap>", line 1050, in _gcd_import
  File "<frozen importlib._bootstrap>", line 1027, in _find_and_load
  File "<frozen importlib._bootstrap>", line 1006, in _find_and_load_unlocked
  File "<frozen importlib._bootstrap>", line 688, in _load_unlocked
  File "<frozen importlib._bootstrap_external>", line 883, in exec_module
  File "<frozen importlib._bootstrap>", line 241, in _call_with_frames_removed
  File "/home/sachit/Documents/VSCProjects/optimiseGEO/venv/lib/python3.10/site-packages/transformers/models/vitmatte/image_processing_vitmatte.py", line 19, in <module>
    from torchvision.transforms.v2 import functional as tvF
ModuleNotFoundError: No module named 'torchvision'
2026-07-29 20:21:23.926 Examining the path of transformers.models.vitpose.image_processing_vitpose_fast raised:
Traceback (most recent call last):
  File "/home/sachit/Documents/VSCProjects/optimiseGEO/venv/lib/python3.10/site-packages/streamlit/watcher/local_sources_watcher.py", line 340, in get_module_paths
    potential_paths = extract_paths(module)
  File "/home/sachit/Documents/VSCProjects/optimiseGEO/venv/lib/python3.10/site-packages/streamlit/watcher/local_sources_watcher.py", line 327, in <lambda>
    if hasattr(m, "__path__")
  File "/home/sachit/Documents/VSCProjects/optimiseGEO/venv/lib/python3.10/site-packages/transformers/__init__.py", line 862, in _getattr
    return getattr(importlib.import_module(target, __name__), name)
  File "/usr/lib/python3.10/importlib/__init__.py", line 126, in import_module
    return _bootstrap._gcd_import(name[level:], package, level)
  File "<frozen importlib._bootstrap>", line 1050, in _gcd_import
  File "<frozen importlib._bootstrap>", line 1027, in _find_and_load
  File "<frozen importlib._bootstrap>", line 1006, in _find_and_load_unlocked
  File "<frozen importlib._bootstrap>", line 688, in _load_unlocked
  File "<frozen importlib._bootstrap_external>", line 883, in exec_module
  File "<frozen importlib._bootstrap>", line 241, in _call_with_frames_removed
  File "/home/sachit/Documents/VSCProjects/optimiseGEO/venv/lib/python3.10/site-packages/transformers/models/vitpose/image_processing_vitpose.py", line 22, in <module>
    from torchvision.transforms.v2 import functional as tvF
ModuleNotFoundError: No module named 'torchvision'
2026-07-29 20:21:23.927 Examining the path of transformers.models.yolos.image_processing_yolos_fast raised:
Traceback (most recent call last):
  File "/home/sachit/Documents/VSCProjects/optimiseGEO/venv/lib/python3.10/site-packages/streamlit/watcher/local_sources_watcher.py", line 340, in get_module_paths
    potential_paths = extract_paths(module)
  File "/home/sachit/Documents/VSCProjects/optimiseGEO/venv/lib/python3.10/site-packages/streamlit/watcher/local_sources_watcher.py", line 327, in <lambda>
    if hasattr(m, "__path__")
  File "/home/sachit/Documents/VSCProjects/optimiseGEO/venv/lib/python3.10/site-packages/transformers/__init__.py", line 862, in _getattr
    return getattr(importlib.import_module(target, __name__), name)
  File "/usr/lib/python3.10/importlib/__init__.py", line 126, in import_module
    return _bootstrap._gcd_import(name[level:], package, level)
  File "<frozen importlib._bootstrap>", line 1050, in _gcd_import
  File "<frozen importlib._bootstrap>", line 1027, in _find_and_load
  File "<frozen importlib._bootstrap>", line 1006, in _find_and_load_unlocked
  File "<frozen importlib._bootstrap>", line 688, in _load_unlocked
  File "<frozen importlib._bootstrap_external>", line 883, in exec_module
  File "<frozen importlib._bootstrap>", line 241, in _call_with_frames_removed
  File "/home/sachit/Documents/VSCProjects/optimiseGEO/venv/lib/python3.10/site-packages/transformers/models/yolos/image_processing_yolos.py", line 12, in <module>
    from torchvision.io import read_image
ModuleNotFoundError: No module named 'torchvision'
2026-07-29 20:21:23.927 Examining the path of transformers.models.zoedepth.image_processing_zoedepth_fast raised:
Traceback (most recent call last):
  File "/home/sachit/Documents/VSCProjects/optimiseGEO/venv/lib/python3.10/site-packages/streamlit/watcher/local_sources_watcher.py", line 340, in get_module_paths
    potential_paths = extract_paths(module)
  File "/home/sachit/Documents/VSCProjects/optimiseGEO/venv/lib/python3.10/site-packages/streamlit/watcher/local_sources_watcher.py", line 327, in <lambda>
    if hasattr(m, "__path__")
  File "/home/sachit/Documents/VSCProjects/optimiseGEO/venv/lib/python3.10/site-packages/transformers/__init__.py", line 862, in _getattr
    return getattr(importlib.import_module(target, __name__), name)
  File "/usr/lib/python3.10/importlib/__init__.py", line 126, in import_module
    return _bootstrap._gcd_import(name[level:], package, level)
  File "<frozen importlib._bootstrap>", line 1050, in _gcd_import
  File "<frozen importlib._bootstrap>", line 1027, in _find_and_load
  File "<frozen importlib._bootstrap>", line 1006, in _find_and_load_unlocked
  File "<frozen importlib._bootstrap>", line 688, in _load_unlocked
  File "<frozen importlib._bootstrap_external>", line 883, in exec_module
  File "<frozen importlib._bootstrap>", line 241, in _call_with_frames_removed
  File "/home/sachit/Documents/VSCProjects/optimiseGEO/venv/lib/python3.10/site-packages/transformers/models/zoedepth/image_processing_zoedepth.py", line 43, in <module>
    from torchvision.transforms.v2 import functional as tvF
ModuleNotFoundError: No module named 'torchvision'
Loading weights:   0%|          | 0/103 [00:00<?, ?it/s]Loading weights: 100%|██████████| 103/103 [00:00<00:00, 7793.71it/s]
2026-07-29 20:21:44.776 Examining the path of transformers.models.aria.image_processing_aria_fast raised:
Traceback (most recent call last):
  File "/home/sachit/Documents/VSCProjects/optimiseGEO/venv/lib/python3.10/site-packages/streamlit/watcher/local_sources_watcher.py", line 340, in get_module_paths
    potential_paths = extract_paths(module)
  File "/home/sachit/Documents/VSCProjects/optimiseGEO/venv/lib/python3.10/site-packages/streamlit/watcher/local_sources_watcher.py", line 327, in <lambda>
    if hasattr(m, "__path__")
  File "/home/sachit/Documents/VSCProjects/optimiseGEO/venv/lib/python3.10/site-packages/transformers/__init__.py", line 862, in _getattr
    return getattr(importlib.import_module(target, __name__), name)
  File "/usr/lib/python3.10/importlib/__init__.py", line 126, in import_module
    return _bootstrap._gcd_import(name[level:], package, level)
  File "<frozen importlib._bootstrap>", line 1050, in _gcd_import
  File "<frozen importlib._bootstrap>", line 1027, in _find_and_load
  File "<frozen importlib._bootstrap>", line 1006, in _find_and_load_unlocked
  File "<frozen importlib._bootstrap>", line 688, in _load_unlocked
  File "<frozen importlib._bootstrap_external>", line 883, in exec_module
  File "<frozen importlib._bootstrap>", line 241, in _call_with_frames_removed
  File "/home/sachit/Documents/VSCProjects/optimiseGEO/venv/lib/python3.10/site-packages/transformers/models/aria/image_processing_aria.py", line 23, in <module>
    from torchvision.transforms.v2 import functional as tvF
ModuleNotFoundError: No module named 'torchvision'
2026-07-29 20:21:44.776 Examining the path of transformers.models.beit.image_processing_beit_fast raised:
Traceback (most recent call last):
  File "/home/sachit/Documents/VSCProjects/optimiseGEO/venv/lib/python3.10/site-packages/streamlit/watcher/local_sources_watcher.py", line 340, in get_module_paths
    potential_paths = extract_paths(module)
  File "/home/sachit/Documents/VSCProjects/optimiseGEO/venv/lib/python3.10/site-packages/streamlit/watcher/local_sources_watcher.py", line 327, in <lambda>
    if hasattr(m, "__path__")
  File "/home/sachit/Documents/VSCProjects/optimiseGEO/venv/lib/python3.10/site-packages/transformers/__init__.py", line 862, in _getattr
    return getattr(importlib.import_module(target, __name__), name)
  File "/usr/lib/python3.10/importlib/__init__.py", line 126, in import_module
    return _bootstrap._gcd_import(name[level:], package, level)
  File "<frozen importlib._bootstrap>", line 1050, in _gcd_import
  File "<frozen importlib._bootstrap>", line 1027, in _find_and_load
  File "<frozen importlib._bootstrap>", line 1006, in _find_and_load_unlocked
  File "<frozen importlib._bootstrap>", line 688, in _load_unlocked
  File "<frozen importlib._bootstrap_external>", line 883, in exec_module
  File "<frozen importlib._bootstrap>", line 241, in _call_with_frames_removed
  File "/home/sachit/Documents/VSCProjects/optimiseGEO/venv/lib/python3.10/site-packages/transformers/models/beit/image_processing_beit.py", line 20, in <module>
    from torchvision.transforms.v2 import functional as tvF
ModuleNotFoundError: No module named 'torchvision'
2026-07-29 20:21:44.777 Examining the path of transformers.models.bridgetower.image_processing_bridgetower_fast raised:
Traceback (most recent call last):
  File "/home/sachit/Documents/VSCProjects/optimiseGEO/venv/lib/python3.10/site-packages/streamlit/watcher/local_sources_watcher.py", line 340, in get_module_paths
    potential_paths = extract_paths(module)
  File "/home/sachit/Documents/VSCProjects/optimiseGEO/venv/lib/python3.10/site-packages/streamlit/watcher/local_sources_watcher.py", line 327, in <lambda>
    if hasattr(m, "__path__")
  File "/home/sachit/Documents/VSCProjects/optimiseGEO/venv/lib/python3.10/site-packages/transformers/__init__.py", line 862, in _getattr
    return getattr(importlib.import_module(target, __name__), name)
  File "/usr/lib/python3.10/importlib/__init__.py", line 126, in import_module
    return _bootstrap._gcd_import(name[level:], package, level)
  File "<frozen importlib._bootstrap>", line 1050, in _gcd_import
  File "<frozen importlib._bootstrap>", line 1027, in _find_and_load
  File "<frozen importlib._bootstrap>", line 1006, in _find_and_load_unlocked
  File "<frozen importlib._bootstrap>", line 688, in _load_unlocked
  File "<frozen importlib._bootstrap_external>", line 883, in exec_module
  File "<frozen importlib._bootstrap>", line 241, in _call_with_frames_removed
  File "/home/sachit/Documents/VSCProjects/optimiseGEO/venv/lib/python3.10/site-packages/transformers/models/bridgetower/image_processing_bridgetower.py", line 20, in <module>
    from torchvision.transforms.v2 import functional as tvF
ModuleNotFoundError: No module named 'torchvision'
2026-07-29 20:21:44.778 Examining the path of transformers.models.chmv2.image_processing_chmv2_fast raised:
Traceback (most recent call last):
  File "/home/sachit/Documents/VSCProjects/optimiseGEO/venv/lib/python3.10/site-packages/streamlit/watcher/local_sources_watcher.py", line 340, in get_module_paths
    potential_paths = extract_paths(module)
  File "/home/sachit/Documents/VSCProjects/optimiseGEO/venv/lib/python3.10/site-packages/streamlit/watcher/local_sources_watcher.py", line 327, in <lambda>
    if hasattr(m, "__path__")
  File "/home/sachit/Documents/VSCProjects/optimiseGEO/venv/lib/python3.10/site-packages/transformers/__init__.py", line 862, in _getattr
    return getattr(importlib.import_module(target, __name__), name)
  File "/usr/lib/python3.10/importlib/__init__.py", line 126, in import_module
    return _bootstrap._gcd_import(name[level:], package, level)
  File "<frozen importlib._bootstrap>", line 1050, in _gcd_import
  File "<frozen importlib._bootstrap>", line 1027, in _find_and_load
  File "<frozen importlib._bootstrap>", line 1006, in _find_and_load_unlocked
  File "<frozen importlib._bootstrap>", line 688, in _load_unlocked
  File "<frozen importlib._bootstrap_external>", line 883, in exec_module
  File "<frozen importlib._bootstrap>", line 241, in _call_with_frames_removed
  File "/home/sachit/Documents/VSCProjects/optimiseGEO/venv/lib/python3.10/site-packages/transformers/models/chmv2/image_processing_chmv2.py", line 27, in <module>
    from torchvision.transforms.v2 import functional as tvF
ModuleNotFoundError: No module named 'torchvision'
2026-07-29 20:21:44.778 Examining the path of transformers.models.cohere2_vision.image_processing_cohere2_vision_fast raised:
Traceback (most recent call last):
  File "/home/sachit/Documents/VSCProjects/optimiseGEO/venv/lib/python3.10/site-packages/streamlit/watcher/local_sources_watcher.py", line 340, in get_module_paths
    potential_paths = extract_paths(module)
  File "/home/sachit/Documents/VSCProjects/optimiseGEO/venv/lib/python3.10/site-packages/streamlit/watcher/local_sources_watcher.py", line 327, in <lambda>
    if hasattr(m, "__path__")
  File "/home/sachit/Documents/VSCProjects/optimiseGEO/venv/lib/python3.10/site-packages/transformers/__init__.py", line 862, in _getattr
    return getattr(importlib.import_module(target, __name__), name)
  File "/usr/lib/python3.10/importlib/__init__.py", line 126, in import_module
    return _bootstrap._gcd_import(name[level:], package, level)
  File "<frozen importlib._bootstrap>", line 1050, in _gcd_import
  File "<frozen importlib._bootstrap>", line 1027, in _find_and_load
  File "<frozen importlib._bootstrap>", line 1006, in _find_and_load_unlocked
  File "<frozen importlib._bootstrap>", line 688, in _load_unlocked
  File "<frozen importlib._bootstrap_external>", line 883, in exec_module
  File "<frozen importlib._bootstrap>", line 241, in _call_with_frames_removed
  File "/home/sachit/Documents/VSCProjects/optimiseGEO/venv/lib/python3.10/site-packages/transformers/models/cohere2_vision/image_processing_cohere2_vision.py", line 25, in <module>
    from torchvision.transforms.v2 import functional as tvF
ModuleNotFoundError: No module named 'torchvision'
2026-07-29 20:21:44.779 Examining the path of transformers.models.conditional_detr.image_processing_conditional_detr_fast raised:
Traceback (most recent call last):
  File "/home/sachit/Documents/VSCProjects/optimiseGEO/venv/lib/python3.10/site-packages/streamlit/watcher/local_sources_watcher.py", line 340, in get_module_paths
    potential_paths = extract_paths(module)
  File "/home/sachit/Documents/VSCProjects/optimiseGEO/venv/lib/python3.10/site-packages/streamlit/watcher/local_sources_watcher.py", line 327, in <lambda>
    if hasattr(m, "__path__")
  File "/home/sachit/Documents/VSCProjects/optimiseGEO/venv/lib/python3.10/site-packages/transformers/__init__.py", line 862, in _getattr
    return getattr(importlib.import_module(target, __name__), name)
  File "/usr/lib/python3.10/importlib/__init__.py", line 126, in import_module
    return _bootstrap._gcd_import(name[level:], package, level)
  File "<frozen importlib._bootstrap>", line 1050, in _gcd_import
  File "<frozen importlib._bootstrap>", line 1027, in _find_and_load
  File "<frozen importlib._bootstrap>", line 1006, in _find_and_load_unlocked
  File "<frozen importlib._bootstrap>", line 688, in _load_unlocked
  File "<frozen importlib._bootstrap_external>", line 883, in exec_module
  File "<frozen importlib._bootstrap>", line 241, in _call_with_frames_removed
  File "/home/sachit/Documents/VSCProjects/optimiseGEO/venv/lib/python3.10/site-packages/transformers/models/conditional_detr/image_processing_conditional_detr.py", line 27, in <module>
    from torchvision.io import read_image
ModuleNotFoundError: No module named 'torchvision'
2026-07-29 20:21:44.780 Examining the path of transformers.models.convnext.image_processing_convnext_fast raised:
Traceback (most recent call last):
  File "/home/sachit/Documents/VSCProjects/optimiseGEO/venv/lib/python3.10/site-packages/streamlit/watcher/local_sources_watcher.py", line 340, in get_module_paths
    potential_paths = extract_paths(module)
  File "/home/sachit/Documents/VSCProjects/optimiseGEO/venv/lib/python3.10/site-packages/streamlit/watcher/local_sources_watcher.py", line 327, in <lambda>
    if hasattr(m, "__path__")
  File "/home/sachit/Documents/VSCProjects/optimiseGEO/venv/lib/python3.10/site-packages/transformers/__init__.py", line 862, in _getattr
    return getattr(importlib.import_module(target, __name__), name)
  File "/usr/lib/python3.10/importlib/__init__.py", line 126, in import_module
    return _bootstrap._gcd_import(name[level:], package, level)
  File "<frozen importlib._bootstrap>", line 1050, in _gcd_import
  File "<frozen importlib._bootstrap>", line 1027, in _find_and_load
  File "<frozen importlib._bootstrap>", line 1006, in _find_and_load_unlocked
  File "<frozen importlib._bootstrap>", line 688, in _load_unlocked
  File "<frozen importlib._bootstrap_external>", line 883, in exec_module
  File "<frozen importlib._bootstrap>", line 241, in _call_with_frames_removed
  File "/home/sachit/Documents/VSCProjects/optimiseGEO/venv/lib/python3.10/site-packages/transformers/models/convnext/image_processing_convnext.py", line 17, in <module>
    from torchvision.transforms.v2 import functional as tvF
ModuleNotFoundError: No module named 'torchvision'
2026-07-29 20:21:44.780 Examining the path of transformers.models.deepseek_ocr2.image_processing_deepseek_ocr2_fast raised:
Traceback (most recent call last):
  File "/home/sachit/Documents/VSCProjects/optimiseGEO/venv/lib/python3.10/site-packages/streamlit/watcher/local_sources_watcher.py", line 340, in get_module_paths
    potential_paths = extract_paths(module)
  File "/home/sachit/Documents/VSCProjects/optimiseGEO/venv/lib/python3.10/site-packages/streamlit/watcher/local_sources_watcher.py", line 327, in <lambda>
    if hasattr(m, "__path__")
  File "/home/sachit/Documents/VSCProjects/optimiseGEO/venv/lib/python3.10/site-packages/transformers/__init__.py", line 862, in _getattr
    return getattr(importlib.import_module(target, __name__), name)
  File "/usr/lib/python3.10/importlib/__init__.py", line 126, in import_module
    return _bootstrap._gcd_import(name[level:], package, level)
  File "<frozen importlib._bootstrap>", line 1050, in _gcd_import
  File "<frozen importlib._bootstrap>", line 1027, in _find_and_load
  File "<frozen importlib._bootstrap>", line 1006, in _find_and_load_unlocked
  File "<frozen importlib._bootstrap>", line 688, in _load_unlocked
  File "<frozen importlib._bootstrap_external>", line 883, in exec_module
  File "<frozen importlib._bootstrap>", line 241, in _call_with_frames_removed
  File "/home/sachit/Documents/VSCProjects/optimiseGEO/venv/lib/python3.10/site-packages/transformers/models/deepseek_ocr2/image_processing_deepseek_ocr2.py", line 24, in <module>
    from torchvision.transforms.v2 import functional as tvF
ModuleNotFoundError: No module named 'torchvision'
2026-07-29 20:21:44.781 Examining the path of transformers.models.deepseek_vl.image_processing_deepseek_vl_fast raised:
Traceback (most recent call last):
  File "/home/sachit/Documents/VSCProjects/optimiseGEO/venv/lib/python3.10/site-packages/streamlit/watcher/local_sources_watcher.py", line 340, in get_module_paths
    potential_paths = extract_paths(module)
  File "/home/sachit/Documents/VSCProjects/optimiseGEO/venv/lib/python3.10/site-packages/streamlit/watcher/local_sources_watcher.py", line 327, in <lambda>
    if hasattr(m, "__path__")
  File "/home/sachit/Documents/VSCProjects/optimiseGEO/venv/lib/python3.10/site-packages/transformers/__init__.py", line 862, in _getattr
    return getattr(importlib.import_module(target, __name__), name)
  File "/usr/lib/python3.10/importlib/__init__.py", line 126, in import_module
    return _bootstrap._gcd_import(name[level:], package, level)
  File "<frozen importlib._bootstrap>", line 1050, in _gcd_import
  File "<frozen importlib._bootstrap>", line 1027, in _find_and_load
  File "<frozen importlib._bootstrap>", line 1006, in _find_and_load_unlocked
  File "<frozen importlib._bootstrap>", line 688, in _load_unlocked
  File "<frozen importlib._bootstrap_external>", line 883, in exec_module
  File "<frozen importlib._bootstrap>", line 241, in _call_with_frames_removed
  File "/home/sachit/Documents/VSCProjects/optimiseGEO/venv/lib/python3.10/site-packages/transformers/models/deepseek_vl/image_processing_deepseek_vl.py", line 23, in <module>
    import torchvision.transforms.v2.functional as tvF
ModuleNotFoundError: No module named 'torchvision'
2026-07-29 20:21:44.781 Examining the path of transformers.models.deepseek_vl_hybrid.image_processing_deepseek_vl_hybrid_fast raised:
Traceback (most recent call last):
  File "/home/sachit/Documents/VSCProjects/optimiseGEO/venv/lib/python3.10/site-packages/streamlit/watcher/local_sources_watcher.py", line 340, in get_module_paths
    potential_paths = extract_paths(module)
  File "/home/sachit/Documents/VSCProjects/optimiseGEO/venv/lib/python3.10/site-packages/streamlit/watcher/local_sources_watcher.py", line 327, in <lambda>
    if hasattr(m, "__path__")
  File "/home/sachit/Documents/VSCProjects/optimiseGEO/venv/lib/python3.10/site-packages/transformers/__init__.py", line 862, in _getattr
    return getattr(importlib.import_module(target, __name__), name)
  File "/usr/lib/python3.10/importlib/__init__.py", line 126, in import_module
    return _bootstrap._gcd_import(name[level:], package, level)
  File "<frozen importlib._bootstrap>", line 1050, in _gcd_import
  File "<frozen importlib._bootstrap>", line 1027, in _find_and_load
  File "<frozen importlib._bootstrap>", line 1006, in _find_and_load_unlocked
  File "<frozen importlib._bootstrap>", line 688, in _load_unlocked
  File "<frozen importlib._bootstrap_external>", line 883, in exec_module
  File "<frozen importlib._bootstrap>", line 241, in _call_with_frames_removed
  File "/home/sachit/Documents/VSCProjects/optimiseGEO/venv/lib/python3.10/site-packages/transformers/models/deepseek_vl_hybrid/image_processing_deepseek_vl_hybrid.py", line 25, in <module>
    import torchvision.transforms.v2.functional as tvF
ModuleNotFoundError: No module named 'torchvision'
2026-07-29 20:21:44.782 Examining the path of transformers.models.deformable_detr.image_processing_deformable_detr_fast raised:
Traceback (most recent call last):
  File "/home/sachit/Documents/VSCProjects/optimiseGEO/venv/lib/python3.10/site-packages/streamlit/watcher/local_sources_watcher.py", line 340, in get_module_paths
    potential_paths = extract_paths(module)
  File "/home/sachit/Documents/VSCProjects/optimiseGEO/venv/lib/python3.10/site-packages/streamlit/watcher/local_sources_watcher.py", line 327, in <lambda>
    if hasattr(m, "__path__")
  File "/home/sachit/Documents/VSCProjects/optimiseGEO/venv/lib/python3.10/site-packages/transformers/__init__.py", line 862, in _getattr
    return getattr(importlib.import_module(target, __name__), name)
  File "/usr/lib/python3.10/importlib/__init__.py", line 126, in import_module
    return _bootstrap._gcd_import(name[level:], package, level)
  File "<frozen importlib._bootstrap>", line 1050, in _gcd_import
  File "<frozen importlib._bootstrap>", line 1027, in _find_and_load
  File "<frozen importlib._bootstrap>", line 1006, in _find_and_load_unlocked
  File "<frozen importlib._bootstrap>", line 688, in _load_unlocked
  File "<frozen importlib._bootstrap_external>", line 883, in exec_module
  File "<frozen importlib._bootstrap>", line 241, in _call_with_frames_removed
  File "/home/sachit/Documents/VSCProjects/optimiseGEO/venv/lib/python3.10/site-packages/transformers/models/deformable_detr/image_processing_deformable_detr.py", line 25, in <module>
    from torchvision.io import read_image
ModuleNotFoundError: No module named 'torchvision'
2026-07-29 20:21:44.783 Examining the path of transformers.models.depth_pro.image_processing_depth_pro_fast raised:
Traceback (most recent call last):
  File "/home/sachit/Documents/VSCProjects/optimiseGEO/venv/lib/python3.10/site-packages/streamlit/watcher/local_sources_watcher.py", line 340, in get_module_paths
    potential_paths = extract_paths(module)
  File "/home/sachit/Documents/VSCProjects/optimiseGEO/venv/lib/python3.10/site-packages/streamlit/watcher/local_sources_watcher.py", line 327, in <lambda>
    if hasattr(m, "__path__")
  File "/home/sachit/Documents/VSCProjects/optimiseGEO/venv/lib/python3.10/site-packages/transformers/__init__.py", line 862, in _getattr
    return getattr(importlib.import_module(target, __name__), name)
  File "/usr/lib/python3.10/importlib/__init__.py", line 126, in import_module
    return _bootstrap._gcd_import(name[level:], package, level)
  File "<frozen importlib._bootstrap>", line 1050, in _gcd_import
  File "<frozen importlib._bootstrap>", line 1027, in _find_and_load
  File "<frozen importlib._bootstrap>", line 1006, in _find_and_load_unlocked
  File "<frozen importlib._bootstrap>", line 688, in _load_unlocked
  File "<frozen importlib._bootstrap_external>", line 883, in exec_module
  File "<frozen importlib._bootstrap>", line 241, in _call_with_frames_removed
  File "/home/sachit/Documents/VSCProjects/optimiseGEO/venv/lib/python3.10/site-packages/transformers/models/depth_pro/image_processing_depth_pro.py", line 19, in <module>
    from torchvision.transforms.v2 import functional as tvF
ModuleNotFoundError: No module named 'torchvision'
2026-07-29 20:21:44.783 Examining the path of transformers.models.detr.image_processing_detr_fast raised:
Traceback (most recent call last):
  File "/home/sachit/Documents/VSCProjects/optimiseGEO/venv/lib/python3.10/site-packages/streamlit/watcher/local_sources_watcher.py", line 340, in get_module_paths
    potential_paths = extract_paths(module)
  File "/home/sachit/Documents/VSCProjects/optimiseGEO/venv/lib/python3.10/site-packages/streamlit/watcher/local_sources_watcher.py", line 327, in <lambda>
    if hasattr(m, "__path__")
  File "/home/sachit/Documents/VSCProjects/optimiseGEO/venv/lib/python3.10/site-packages/transformers/__init__.py", line 862, in _getattr
    return getattr(importlib.import_module(target, __name__), name)
  File "/usr/lib/python3.10/importlib/__init__.py", line 126, in import_module
    return _bootstrap._gcd_import(name[level:], package, level)
  File "<frozen importlib._bootstrap>", line 1050, in _gcd_import
  File "<frozen importlib._bootstrap>", line 1027, in _find_and_load
  File "<frozen importlib._bootstrap>", line 1006, in _find_and_load_unlocked
  File "<frozen importlib._bootstrap>", line 688, in _load_unlocked
  File "<frozen importlib._bootstrap_external>", line 883, in exec_module
  File "<frozen importlib._bootstrap>", line 241, in _call_with_frames_removed
  File "/home/sachit/Documents/VSCProjects/optimiseGEO/venv/lib/python3.10/site-packages/transformers/models/detr/image_processing_detr.py", line 22, in <module>
    from torchvision.io import read_image
ModuleNotFoundError: No module named 'torchvision'
2026-07-29 20:21:44.784 Examining the path of transformers.models.dinov3_vit.image_processing_dinov3_vit_fast raised:
Traceback (most recent call last):
  File "/home/sachit/Documents/VSCProjects/optimiseGEO/venv/lib/python3.10/site-packages/streamlit/watcher/local_sources_watcher.py", line 340, in get_module_paths
    potential_paths = extract_paths(module)
  File "/home/sachit/Documents/VSCProjects/optimiseGEO/venv/lib/python3.10/site-packages/streamlit/watcher/local_sources_watcher.py", line 327, in <lambda>
    if hasattr(m, "__path__")
  File "/home/sachit/Documents/VSCProjects/optimiseGEO/venv/lib/python3.10/site-packages/transformers/__init__.py", line 862, in _getattr
    return getattr(importlib.import_module(target, __name__), name)
  File "/usr/lib/python3.10/importlib/__init__.py", line 126, in import_module
    return _bootstrap._gcd_import(name[level:], package, level)
  File "<frozen importlib._bootstrap>", line 1050, in _gcd_import
  File "<frozen importlib._bootstrap>", line 1027, in _find_and_load
  File "<frozen importlib._bootstrap>", line 1006, in _find_and_load_unlocked
  File "<frozen importlib._bootstrap>", line 688, in _load_unlocked
  File "<frozen importlib._bootstrap_external>", line 883, in exec_module
  File "<frozen importlib._bootstrap>", line 241, in _call_with_frames_removed
  File "/home/sachit/Documents/VSCProjects/optimiseGEO/venv/lib/python3.10/site-packages/transformers/models/dinov3_vit/image_processing_dinov3_vit.py", line 17, in <module>
    from torchvision.transforms.v2 import functional as tvF
ModuleNotFoundError: No module named 'torchvision'
2026-07-29 20:21:44.784 Examining the path of transformers.models.donut.image_processing_donut_fast raised:
Traceback (most recent call last):
  File "/home/sachit/Documents/VSCProjects/optimiseGEO/venv/lib/python3.10/site-packages/streamlit/watcher/local_sources_watcher.py", line 340, in get_module_paths
    potential_paths = extract_paths(module)
  File "/home/sachit/Documents/VSCProjects/optimiseGEO/venv/lib/python3.10/site-packages/streamlit/watcher/local_sources_watcher.py", line 327, in <lambda>
    if hasattr(m, "__path__")
  File "/home/sachit/Documents/VSCProjects/optimiseGEO/venv/lib/python3.10/site-packages/transformers/__init__.py", line 862, in _getattr
    return getattr(importlib.import_module(target, __name__), name)
  File "/usr/lib/python3.10/importlib/__init__.py", line 126, in import_module
    return _bootstrap._gcd_import(name[level:], package, level)
  File "<frozen importlib._bootstrap>", line 1050, in _gcd_import
  File "<frozen importlib._bootstrap>", line 1027, in _find_and_load
  File "<frozen importlib._bootstrap>", line 1006, in _find_and_load_unlocked
  File "<frozen importlib._bootstrap>", line 688, in _load_unlocked
  File "<frozen importlib._bootstrap_external>", line 883, in exec_module
  File "<frozen importlib._bootstrap>", line 241, in _call_with_frames_removed
  File "/home/sachit/Documents/VSCProjects/optimiseGEO/venv/lib/python3.10/site-packages/transformers/models/donut/image_processing_donut.py", line 17, in <module>
    from torchvision.transforms.v2 import functional as tvF
ModuleNotFoundError: No module named 'torchvision'
2026-07-29 20:21:44.784 Examining the path of transformers.models.dpt.image_processing_dpt_fast raised:
Traceback (most recent call last):
  File "/home/sachit/Documents/VSCProjects/optimiseGEO/venv/lib/python3.10/site-packages/streamlit/watcher/local_sources_watcher.py", line 340, in get_module_paths
    potential_paths = extract_paths(module)
  File "/home/sachit/Documents/VSCProjects/optimiseGEO/venv/lib/python3.10/site-packages/streamlit/watcher/local_sources_watcher.py", line 327, in <lambda>
    if hasattr(m, "__path__")
  File "/home/sachit/Documents/VSCProjects/optimiseGEO/venv/lib/python3.10/site-packages/transformers/__init__.py", line 862, in _getattr
    return getattr(importlib.import_module(target, __name__), name)
  File "/usr/lib/python3.10/importlib/__init__.py", line 126, in import_module
    return _bootstrap._gcd_import(name[level:], package, level)
  File "<frozen importlib._bootstrap>", line 1050, in _gcd_import
  File "<frozen importlib._bootstrap>", line 1027, in _find_and_load
  File "<frozen importlib._bootstrap>", line 1006, in _find_and_load_unlocked
  File "<frozen importlib._bootstrap>", line 688, in _load_unlocked
  File "<frozen importlib._bootstrap_external>", line 883, in exec_module
  File "<frozen importlib._bootstrap>", line 241, in _call_with_frames_removed
  File "/home/sachit/Documents/VSCProjects/optimiseGEO/venv/lib/python3.10/site-packages/transformers/models/dpt/image_processing_dpt.py", line 28, in <module>
    from torchvision.transforms.v2 import functional as tvF
ModuleNotFoundError: No module named 'torchvision'
2026-07-29 20:21:44.785 Examining the path of transformers.models.efficientloftr.image_processing_efficientloftr_fast raised:
Traceback (most recent call last):
  File "/home/sachit/Documents/VSCProjects/optimiseGEO/venv/lib/python3.10/site-packages/streamlit/watcher/local_sources_watcher.py", line 340, in get_module_paths
    potential_paths = extract_paths(module)
  File "/home/sachit/Documents/VSCProjects/optimiseGEO/venv/lib/python3.10/site-packages/streamlit/watcher/local_sources_watcher.py", line 327, in <lambda>
    if hasattr(m, "__path__")
  File "/home/sachit/Documents/VSCProjects/optimiseGEO/venv/lib/python3.10/site-packages/transformers/__init__.py", line 862, in _getattr
    return getattr(importlib.import_module(target, __name__), name)
  File "/usr/lib/python3.10/importlib/__init__.py", line 126, in import_module
    return _bootstrap._gcd_import(name[level:], package, level)
  File "<frozen importlib._bootstrap>", line 1050, in _gcd_import
  File "<frozen importlib._bootstrap>", line 1027, in _find_and_load
  File "<frozen importlib._bootstrap>", line 1006, in _find_and_load_unlocked
  File "<frozen importlib._bootstrap>", line 688, in _load_unlocked
  File "<frozen importlib._bootstrap_external>", line 883, in exec_module
  File "<frozen importlib._bootstrap>", line 241, in _call_with_frames_removed
  File "/home/sachit/Documents/VSCProjects/optimiseGEO/venv/lib/python3.10/site-packages/transformers/models/efficientloftr/image_processing_efficientloftr.py", line 10, in <module>
    from torchvision.transforms.v2 import functional as tvF
ModuleNotFoundError: No module named 'torchvision'
2026-07-29 20:21:44.786 Examining the path of transformers.models.efficientnet.image_processing_efficientnet_fast raised:
Traceback (most recent call last):
  File "/home/sachit/Documents/VSCProjects/optimiseGEO/venv/lib/python3.10/site-packages/streamlit/watcher/local_sources_watcher.py", line 340, in get_module_paths
    potential_paths = extract_paths(module)
  File "/home/sachit/Documents/VSCProjects/optimiseGEO/venv/lib/python3.10/site-packages/streamlit/watcher/local_sources_watcher.py", line 327, in <lambda>
    if hasattr(m, "__path__")
  File "/home/sachit/Documents/VSCProjects/optimiseGEO/venv/lib/python3.10/site-packages/transformers/__init__.py", line 862, in _getattr
    return getattr(importlib.import_module(target, __name__), name)
  File "/usr/lib/python3.10/importlib/__init__.py", line 126, in import_module
    return _bootstrap._gcd_import(name[level:], package, level)
  File "<frozen importlib._bootstrap>", line 1050, in _gcd_import
  File "<frozen importlib._bootstrap>", line 1027, in _find_and_load
  File "<frozen importlib._bootstrap>", line 1006, in _find_and_load_unlocked
  File "<frozen importlib._bootstrap>", line 688, in _load_unlocked
  File "<frozen importlib._bootstrap_external>", line 883, in exec_module
  File "<frozen importlib._bootstrap>", line 241, in _call_with_frames_removed
  File "/home/sachit/Documents/VSCProjects/optimiseGEO/venv/lib/python3.10/site-packages/transformers/models/efficientnet/image_processing_efficientnet.py", line 20, in <module>
    from torchvision.transforms.v2 import functional as tvF
ModuleNotFoundError: No module named 'torchvision'
2026-07-29 20:21:44.787 Examining the path of transformers.models.eomt.image_processing_eomt_fast raised:
Traceback (most recent call last):
  File "/home/sachit/Documents/VSCProjects/optimiseGEO/venv/lib/python3.10/site-packages/streamlit/watcher/local_sources_watcher.py", line 340, in get_module_paths
    potential_paths = extract_paths(module)
  File "/home/sachit/Documents/VSCProjects/optimiseGEO/venv/lib/python3.10/site-packages/streamlit/watcher/local_sources_watcher.py", line 327, in <lambda>
    if hasattr(m, "__path__")
  File "/home/sachit/Documents/VSCProjects/optimiseGEO/venv/lib/python3.10/site-packages/transformers/__init__.py", line 862, in _getattr
    return getattr(importlib.import_module(target, __name__), name)
  File "/usr/lib/python3.10/importlib/__init__.py", line 126, in import_module
    return _bootstrap._gcd_import(name[level:], package, level)
  File "<frozen importlib._bootstrap>", line 1050, in _gcd_import
  File "<frozen importlib._bootstrap>", line 1027, in _find_and_load
  File "<frozen importlib._bootstrap>", line 1006, in _find_and_load_unlocked
  File "<frozen importlib._bootstrap>", line 688, in _load_unlocked
  File "<frozen importlib._bootstrap_external>", line 883, in exec_module
  File "<frozen importlib._bootstrap>", line 241, in _call_with_frames_removed
  File "/home/sachit/Documents/VSCProjects/optimiseGEO/venv/lib/python3.10/site-packages/transformers/models/eomt/image_processing_eomt.py", line 20, in <module>
    from torchvision.transforms.v2 import functional as tvF
ModuleNotFoundError: No module named 'torchvision'
2026-07-29 20:21:44.787 Examining the path of transformers.models.ernie4_5_vl_moe.image_processing_ernie4_5_vl_moe_fast raised:
Traceback (most recent call last):
  File "/home/sachit/Documents/VSCProjects/optimiseGEO/venv/lib/python3.10/site-packages/streamlit/watcher/local_sources_watcher.py", line 340, in get_module_paths
    potential_paths = extract_paths(module)
  File "/home/sachit/Documents/VSCProjects/optimiseGEO/venv/lib/python3.10/site-packages/streamlit/watcher/local_sources_watcher.py", line 327, in <lambda>
    if hasattr(m, "__path__")
  File "/home/sachit/Documents/VSCProjects/optimiseGEO/venv/lib/python3.10/site-packages/transformers/__init__.py", line 862, in _getattr
    return getattr(importlib.import_module(target, __name__), name)
  File "/usr/lib/python3.10/importlib/__init__.py", line 126, in import_module
    return _bootstrap._gcd_import(name[level:], package, level)
  File "<frozen importlib._bootstrap>", line 1050, in _gcd_import
  File "<frozen importlib._bootstrap>", line 1027, in _find_and_load
  File "<frozen importlib._bootstrap>", line 1006, in _find_and_load_unlocked
  File "<frozen importlib._bootstrap>", line 688, in _load_unlocked
  File "<frozen importlib._bootstrap_external>", line 883, in exec_module
  File "<frozen importlib._bootstrap>", line 241, in _call_with_frames_removed
  File "/home/sachit/Documents/VSCProjects/optimiseGEO/venv/lib/python3.10/site-packages/transformers/models/ernie4_5_vl_moe/image_processing_ernie4_5_vl_moe.py", line 23, in <module>
    from torchvision.transforms.v2 import functional as tvF
ModuleNotFoundError: No module named 'torchvision'
2026-07-29 20:21:44.788 Examining the path of transformers.models.flava.image_processing_flava_fast raised:
Traceback (most recent call last):
  File "/home/sachit/Documents/VSCProjects/optimiseGEO/venv/lib/python3.10/site-packages/streamlit/watcher/local_sources_watcher.py", line 340, in get_module_paths
    potential_paths = extract_paths(module)
  File "/home/sachit/Documents/VSCProjects/optimiseGEO/venv/lib/python3.10/site-packages/streamlit/watcher/local_sources_watcher.py", line 327, in <lambda>
    if hasattr(m, "__path__")
  File "/home/sachit/Documents/VSCProjects/optimiseGEO/venv/lib/python3.10/site-packages/transformers/__init__.py", line 862, in _getattr
    return getattr(importlib.import_module(target, __name__), name)
  File "/usr/lib/python3.10/importlib/__init__.py", line 126, in import_module
    return _bootstrap._gcd_import(name[level:], package, level)
  File "<frozen importlib._bootstrap>", line 1050, in _gcd_import
  File "<frozen importlib._bootstrap>", line 1027, in _find_and_load
  File "<frozen importlib._bootstrap>", line 1006, in _find_and_load_unlocked
  File "<frozen importlib._bootstrap>", line 688, in _load_unlocked
  File "<frozen importlib._bootstrap_external>", line 883, in exec_module
  File "<frozen importlib._bootstrap>", line 241, in _call_with_frames_removed
  File "/home/sachit/Documents/VSCProjects/optimiseGEO/venv/lib/python3.10/site-packages/transformers/models/flava/image_processing_flava.py", line 23, in <module>
    from torchvision.transforms.v2 import functional as tvF
ModuleNotFoundError: No module named 'torchvision'
2026-07-29 20:21:44.788 Examining the path of transformers.models.fuyu.image_processing_fuyu_fast raised:
Traceback (most recent call last):
  File "/home/sachit/Documents/VSCProjects/optimiseGEO/venv/lib/python3.10/site-packages/streamlit/watcher/local_sources_watcher.py", line 340, in get_module_paths
    potential_paths = extract_paths(module)
  File "/home/sachit/Documents/VSCProjects/optimiseGEO/venv/lib/python3.10/site-packages/streamlit/watcher/local_sources_watcher.py", line 327, in <lambda>
    if hasattr(m, "__path__")
  File "/home/sachit/Documents/VSCProjects/optimiseGEO/venv/lib/python3.10/site-packages/transformers/__init__.py", line 862, in _getattr
    return getattr(importlib.import_module(target, __name__), name)
  File "/usr/lib/python3.10/importlib/__init__.py", line 126, in import_module
    return _bootstrap._gcd_import(name[level:], package, level)
  File "<frozen importlib._bootstrap>", line 1050, in _gcd_import
  File "<frozen importlib._bootstrap>", line 1027, in _find_and_load
  File "<frozen importlib._bootstrap>", line 1006, in _find_and_load_unlocked
  File "<frozen importlib._bootstrap>", line 688, in _load_unlocked
  File "<frozen importlib._bootstrap_external>", line 883, in exec_module
  File "<frozen importlib._bootstrap>", line 241, in _call_with_frames_removed
  File "/home/sachit/Documents/VSCProjects/optimiseGEO/venv/lib/python3.10/site-packages/transformers/models/fuyu/image_processing_fuyu.py", line 19, in <module>
    from torchvision.transforms.v2 import functional as tvF
ModuleNotFoundError: No module named 'torchvision'
2026-07-29 20:21:44.789 Examining the path of transformers.models.gemma3.image_processing_gemma3_fast raised:
Traceback (most recent call last):
  File "/home/sachit/Documents/VSCProjects/optimiseGEO/venv/lib/python3.10/site-packages/streamlit/watcher/local_sources_watcher.py", line 340, in get_module_paths
    potential_paths = extract_paths(module)
  File "/home/sachit/Documents/VSCProjects/optimiseGEO/venv/lib/python3.10/site-packages/streamlit/watcher/local_sources_watcher.py", line 327, in <lambda>
    if hasattr(m, "__path__")
  File "/home/sachit/Documents/VSCProjects/optimiseGEO/venv/lib/python3.10/site-packages/transformers/__init__.py", line 862, in _getattr
    return getattr(importlib.import_module(target, __name__), name)
  File "/usr/lib/python3.10/importlib/__init__.py", line 126, in import_module
    return _bootstrap._gcd_import(name[level:], package, level)
  File "<frozen importlib._bootstrap>", line 1050, in _gcd_import
  File "<frozen importlib._bootstrap>", line 1027, in _find_and_load
  File "<frozen importlib._bootstrap>", line 1006, in _find_and_load_unlocked
  File "<frozen importlib._bootstrap>", line 688, in _load_unlocked
  File "<frozen importlib._bootstrap_external>", line 883, in exec_module
  File "<frozen importlib._bootstrap>", line 241, in _call_with_frames_removed
  File "/home/sachit/Documents/VSCProjects/optimiseGEO/venv/lib/python3.10/site-packages/transformers/models/gemma3/image_processing_gemma3.py", line 20, in <module>
    from torchvision.transforms.v2 import functional as tvF
ModuleNotFoundError: No module named 'torchvision'
2026-07-29 20:21:44.789 Examining the path of transformers.models.gemma4.image_processing_gemma4_fast raised:
Traceback (most recent call last):
  File "/home/sachit/Documents/VSCProjects/optimiseGEO/venv/lib/python3.10/site-packages/streamlit/watcher/local_sources_watcher.py", line 340, in get_module_paths
    potential_paths = extract_paths(module)
  File "/home/sachit/Documents/VSCProjects/optimiseGEO/venv/lib/python3.10/site-packages/streamlit/watcher/local_sources_watcher.py", line 327, in <lambda>
    if hasattr(m, "__path__")
  File "/home/sachit/Documents/VSCProjects/optimiseGEO/venv/lib/python3.10/site-packages/transformers/__init__.py", line 862, in _getattr
    return getattr(importlib.import_module(target, __name__), name)
  File "/usr/lib/python3.10/importlib/__init__.py", line 126, in import_module
    return _bootstrap._gcd_import(name[level:], package, level)
  File "<frozen importlib._bootstrap>", line 1050, in _gcd_import
  File "<frozen importlib._bootstrap>", line 1027, in _find_and_load
  File "<frozen importlib._bootstrap>", line 1006, in _find_and_load_unlocked
  File "<frozen importlib._bootstrap>", line 688, in _load_unlocked
  File "<frozen importlib._bootstrap_external>", line 883, in exec_module
  File "<frozen importlib._bootstrap>", line 241, in _call_with_frames_removed
  File "/home/sachit/Documents/VSCProjects/optimiseGEO/venv/lib/python3.10/site-packages/transformers/models/gemma4/image_processing_gemma4.py", line 17, in <module>
    from torchvision.transforms.v2 import functional as tvF
ModuleNotFoundError: No module named 'torchvision'
2026-07-29 20:21:44.790 Examining the path of transformers.models.gemma4_unified.image_processing_gemma4_unified_fast raised:
Traceback (most recent call last):
  File "/home/sachit/Documents/VSCProjects/optimiseGEO/venv/lib/python3.10/site-packages/streamlit/watcher/local_sources_watcher.py", line 340, in get_module_paths
    potential_paths = extract_paths(module)
  File "/home/sachit/Documents/VSCProjects/optimiseGEO/venv/lib/python3.10/site-packages/streamlit/watcher/local_sources_watcher.py", line 327, in <lambda>
    if hasattr(m, "__path__")
  File "/home/sachit/Documents/VSCProjects/optimiseGEO/venv/lib/python3.10/site-packages/transformers/__init__.py", line 862, in _getattr
    return getattr(importlib.import_module(target, __name__), name)
  File "/usr/lib/python3.10/importlib/__init__.py", line 126, in import_module
    return _bootstrap._gcd_import(name[level:], package, level)
  File "<frozen importlib._bootstrap>", line 1050, in _gcd_import
  File "<frozen importlib._bootstrap>", line 1027, in _find_and_load
  File "<frozen importlib._bootstrap>", line 1006, in _find_and_load_unlocked
  File "<frozen importlib._bootstrap>", line 688, in _load_unlocked
  File "<frozen importlib._bootstrap_external>", line 883, in exec_module
  File "<frozen importlib._bootstrap>", line 241, in _call_with_frames_removed
  File "/home/sachit/Documents/VSCProjects/optimiseGEO/venv/lib/python3.10/site-packages/transformers/models/gemma4_unified/image_processing_gemma4_unified.py", line 23, in <module>
    from torchvision.transforms.v2 import functional as tvF
ModuleNotFoundError: No module named 'torchvision'
2026-07-29 20:21:44.791 Examining the path of transformers.models.glm46v.image_processing_glm46v_fast raised:
Traceback (most recent call last):
  File "/home/sachit/Documents/VSCProjects/optimiseGEO/venv/lib/python3.10/site-packages/streamlit/watcher/local_sources_watcher.py", line 340, in get_module_paths
    potential_paths = extract_paths(module)
  File "/home/sachit/Documents/VSCProjects/optimiseGEO/venv/lib/python3.10/site-packages/streamlit/watcher/local_sources_watcher.py", line 327, in <lambda>
    if hasattr(m, "__path__")
  File "/home/sachit/Documents/VSCProjects/optimiseGEO/venv/lib/python3.10/site-packages/transformers/__init__.py", line 862, in _getattr
    return getattr(importlib.import_module(target, __name__), name)
  File "/usr/lib/python3.10/importlib/__init__.py", line 126, in import_module
    return _bootstrap._gcd_import(name[level:], package, level)
  File "<frozen importlib._bootstrap>", line 1050, in _gcd_import
  File "<frozen importlib._bootstrap>", line 1027, in _find_and_load
  File "<frozen importlib._bootstrap>", line 1006, in _find_and_load_unlocked
  File "<frozen importlib._bootstrap>", line 688, in _load_unlocked
  File "<frozen importlib._bootstrap_external>", line 883, in exec_module
  File "<frozen importlib._bootstrap>", line 241, in _call_with_frames_removed
  File "/home/sachit/Documents/VSCProjects/optimiseGEO/venv/lib/python3.10/site-packages/transformers/models/glm46v/image_processing_glm46v.py", line 25, in <module>
    from torchvision.transforms.v2 import functional as tvF
ModuleNotFoundError: No module named 'torchvision'
2026-07-29 20:21:44.791 Examining the path of transformers.models.glm4v.image_processing_glm4v_fast raised:
Traceback (most recent call last):
  File "/home/sachit/Documents/VSCProjects/optimiseGEO/venv/lib/python3.10/site-packages/streamlit/watcher/local_sources_watcher.py", line 340, in get_module_paths
    potential_paths = extract_paths(module)
  File "/home/sachit/Documents/VSCProjects/optimiseGEO/venv/lib/python3.10/site-packages/streamlit/watcher/local_sources_watcher.py", line 327, in <lambda>
    if hasattr(m, "__path__")
  File "/home/sachit/Documents/VSCProjects/optimiseGEO/venv/lib/python3.10/site-packages/transformers/__init__.py", line 862, in _getattr
    return getattr(importlib.import_module(target, __name__), name)
  File "/usr/lib/python3.10/importlib/__init__.py", line 126, in import_module
    return _bootstrap._gcd_import(name[level:], package, level)
  File "<frozen importlib._bootstrap>", line 1050, in _gcd_import
  File "<frozen importlib._bootstrap>", line 1027, in _find_and_load
  File "<frozen importlib._bootstrap>", line 1006, in _find_and_load_unlocked
  File "<frozen importlib._bootstrap>", line 688, in _load_unlocked
  File "<frozen importlib._bootstrap_external>", line 883, in exec_module
  File "<frozen importlib._bootstrap>", line 241, in _call_with_frames_removed
  File "/home/sachit/Documents/VSCProjects/optimiseGEO/venv/lib/python3.10/site-packages/transformers/models/glm4v/image_processing_glm4v.py", line 19, in <module>
    from torchvision.transforms.v2 import functional as tvF
ModuleNotFoundError: No module named 'torchvision'
2026-07-29 20:21:44.792 Examining the path of transformers.models.glm_image.image_processing_glm_image_fast raised:
Traceback (most recent call last):
  File "/home/sachit/Documents/VSCProjects/optimiseGEO/venv/lib/python3.10/site-packages/streamlit/watcher/local_sources_watcher.py", line 340, in get_module_paths
    potential_paths = extract_paths(module)
  File "/home/sachit/Documents/VSCProjects/optimiseGEO/venv/lib/python3.10/site-packages/streamlit/watcher/local_sources_watcher.py", line 327, in <lambda>
    if hasattr(m, "__path__")
  File "/home/sachit/Documents/VSCProjects/optimiseGEO/venv/lib/python3.10/site-packages/transformers/__init__.py", line 862, in _getattr
    return getattr(importlib.import_module(target, __name__), name)
  File "/usr/lib/python3.10/importlib/__init__.py", line 126, in import_module
    return _bootstrap._gcd_import(name[level:], package, level)
  File "<frozen importlib._bootstrap>", line 1050, in _gcd_import
  File "<frozen importlib._bootstrap>", line 1027, in _find_and_load
  File "<frozen importlib._bootstrap>", line 1006, in _find_and_load_unlocked
  File "<frozen importlib._bootstrap>", line 688, in _load_unlocked
  File "<frozen importlib._bootstrap_external>", line 883, in exec_module
  File "<frozen importlib._bootstrap>", line 241, in _call_with_frames_removed
  File "/home/sachit/Documents/VSCProjects/optimiseGEO/venv/lib/python3.10/site-packages/transformers/models/glm_image/image_processing_glm_image.py", line 25, in <module>
    from torchvision.transforms.v2 import functional as tvF
ModuleNotFoundError: No module named 'torchvision'
2026-07-29 20:21:44.792 Examining the path of transformers.models.glmga.image_processing_glmga_fast raised:
Traceback (most recent call last):
  File "/home/sachit/Documents/VSCProjects/optimiseGEO/venv/lib/python3.10/site-packages/streamlit/watcher/local_sources_watcher.py", line 340, in get_module_paths
    potential_paths = extract_paths(module)
  File "/home/sachit/Documents/VSCProjects/optimiseGEO/venv/lib/python3.10/site-packages/streamlit/watcher/local_sources_watcher.py", line 327, in <lambda>
    if hasattr(m, "__path__")
  File "/home/sachit/Documents/VSCProjects/optimiseGEO/venv/lib/python3.10/site-packages/transformers/__init__.py", line 862, in _getattr
    return getattr(importlib.import_module(target, __name__), name)
  File "/usr/lib/python3.10/importlib/__init__.py", line 126, in import_module
    return _bootstrap._gcd_import(name[level:], package, level)
  File "<frozen importlib._bootstrap>", line 1050, in _gcd_import
  File "<frozen importlib._bootstrap>", line 1027, in _find_and_load
  File "<frozen importlib._bootstrap>", line 1006, in _find_and_load_unlocked
  File "<frozen importlib._bootstrap>", line 688, in _load_unlocked
  File "<frozen importlib._bootstrap_external>", line 883, in exec_module
  File "<frozen importlib._bootstrap>", line 241, in _call_with_frames_removed
  File "/home/sachit/Documents/VSCProjects/optimiseGEO/venv/lib/python3.10/site-packages/transformers/models/glmga/image_processing_glmga.py", line 24, in <module>
    from torchvision.transforms.v2 import functional as tvF
ModuleNotFoundError: No module named 'torchvision'
2026-07-29 20:21:44.792 Examining the path of transformers.models.glpn.image_processing_glpn_fast raised:
Traceback (most recent call last):
  File "/home/sachit/Documents/VSCProjects/optimiseGEO/venv/lib/python3.10/site-packages/streamlit/watcher/local_sources_watcher.py", line 340, in get_module_paths
    potential_paths = extract_paths(module)
  File "/home/sachit/Documents/VSCProjects/optimiseGEO/venv/lib/python3.10/site-packages/streamlit/watcher/local_sources_watcher.py", line 327, in <lambda>
    if hasattr(m, "__path__")
  File "/home/sachit/Documents/VSCProjects/optimiseGEO/venv/lib/python3.10/site-packages/transformers/__init__.py", line 862, in _getattr
    return getattr(importlib.import_module(target, __name__), name)
  File "/usr/lib/python3.10/importlib/__init__.py", line 126, in import_module
    return _bootstrap._gcd_import(name[level:], package, level)
  File "<frozen importlib._bootstrap>", line 1050, in _gcd_import
  File "<frozen importlib._bootstrap>", line 1027, in _find_and_load
  File "<frozen importlib._bootstrap>", line 1006, in _find_and_load_unlocked
  File "<frozen importlib._bootstrap>", line 688, in _load_unlocked
  File "<frozen importlib._bootstrap_external>", line 883, in exec_module
  File "<frozen importlib._bootstrap>", line 241, in _call_with_frames_removed
  File "/home/sachit/Documents/VSCProjects/optimiseGEO/venv/lib/python3.10/site-packages/transformers/models/glpn/image_processing_glpn.py", line 34, in <module>
    from torchvision.transforms.v2 import functional as tvF
ModuleNotFoundError: No module named 'torchvision'
2026-07-29 20:21:44.793 Examining the path of transformers.models.got_ocr2.image_processing_got_ocr2_fast raised:
Traceback (most recent call last):
  File "/home/sachit/Documents/VSCProjects/optimiseGEO/venv/lib/python3.10/site-packages/streamlit/watcher/local_sources_watcher.py", line 340, in get_module_paths
    potential_paths = extract_paths(module)
  File "/home/sachit/Documents/VSCProjects/optimiseGEO/venv/lib/python3.10/site-packages/streamlit/watcher/local_sources_watcher.py", line 327, in <lambda>
    if hasattr(m, "__path__")
  File "/home/sachit/Documents/VSCProjects/optimiseGEO/venv/lib/python3.10/site-packages/transformers/__init__.py", line 862, in _getattr
    return getattr(importlib.import_module(target, __name__), name)
  File "/usr/lib/python3.10/importlib/__init__.py", line 126, in import_module
    return _bootstrap._gcd_import(name[level:], package, level)
  File "<frozen importlib._bootstrap>", line 1050, in _gcd_import
  File "<frozen importlib._bootstrap>", line 1027, in _find_and_load
  File "<frozen importlib._bootstrap>", line 1006, in _find_and_load_unlocked
  File "<frozen importlib._bootstrap>", line 688, in _load_unlocked
  File "<frozen importlib._bootstrap_external>", line 883, in exec_module
  File "<frozen importlib._bootstrap>", line 241, in _call_with_frames_removed
  File "/home/sachit/Documents/VSCProjects/optimiseGEO/venv/lib/python3.10/site-packages/transformers/models/got_ocr2/image_processing_got_ocr2.py", line 19, in <module>
    from torchvision.transforms.v2 import functional as tvF
ModuleNotFoundError: No module named 'torchvision'
2026-07-29 20:21:44.793 Examining the path of transformers.models.grounding_dino.image_processing_grounding_dino_fast raised:
Traceback (most recent call last):
  File "/home/sachit/Documents/VSCProjects/optimiseGEO/venv/lib/python3.10/site-packages/streamlit/watcher/local_sources_watcher.py", line 340, in get_module_paths
    potential_paths = extract_paths(module)
  File "/home/sachit/Documents/VSCProjects/optimiseGEO/venv/lib/python3.10/site-packages/streamlit/watcher/local_sources_watcher.py", line 327, in <lambda>
    if hasattr(m, "__path__")
  File "/home/sachit/Documents/VSCProjects/optimiseGEO/venv/lib/python3.10/site-packages/transformers/__init__.py", line 862, in _getattr
    return getattr(importlib.import_module(target, __name__), name)
  File "/usr/lib/python3.10/importlib/__init__.py", line 126, in import_module
    return _bootstrap._gcd_import(name[level:], package, level)
  File "<frozen importlib._bootstrap>", line 1050, in _gcd_import
  File "<frozen importlib._bootstrap>", line 1027, in _find_and_load
  File "<frozen importlib._bootstrap>", line 1006, in _find_and_load_unlocked
  File "<frozen importlib._bootstrap>", line 688, in _load_unlocked
  File "<frozen importlib._bootstrap_external>", line 883, in exec_module
  File "<frozen importlib._bootstrap>", line 241, in _call_with_frames_removed
  File "/home/sachit/Documents/VSCProjects/optimiseGEO/venv/lib/python3.10/site-packages/transformers/models/grounding_dino/image_processing_grounding_dino.py", line 30, in <module>
    from torchvision.io import read_image
ModuleNotFoundError: No module named 'torchvision'
2026-07-29 20:21:44.794 Examining the path of transformers.models.hunyuan_vl.image_processing_hunyuan_vl_fast raised:
Traceback (most recent call last):
  File "/home/sachit/Documents/VSCProjects/optimiseGEO/venv/lib/python3.10/site-packages/streamlit/watcher/local_sources_watcher.py", line 340, in get_module_paths
    potential_paths = extract_paths(module)
  File "/home/sachit/Documents/VSCProjects/optimiseGEO/venv/lib/python3.10/site-packages/streamlit/watcher/local_sources_watcher.py", line 327, in <lambda>
    if hasattr(m, "__path__")
  File "/home/sachit/Documents/VSCProjects/optimiseGEO/venv/lib/python3.10/site-packages/transformers/__init__.py", line 862, in _getattr
    return getattr(importlib.import_module(target, __name__), name)
  File "/usr/lib/python3.10/importlib/__init__.py", line 126, in import_module
    return _bootstrap._gcd_import(name[level:], package, level)
  File "<frozen importlib._bootstrap>", line 1050, in _gcd_import
  File "<frozen importlib._bootstrap>", line 1027, in _find_and_load
  File "<frozen importlib._bootstrap>", line 1006, in _find_and_load_unlocked
  File "<frozen importlib._bootstrap>", line 688, in _load_unlocked
  File "<frozen importlib._bootstrap_external>", line 883, in exec_module
  File "<frozen importlib._bootstrap>", line 241, in _call_with_frames_removed
  File "/home/sachit/Documents/VSCProjects/optimiseGEO/venv/lib/python3.10/site-packages/transformers/models/hunyuan_vl/image_processing_hunyuan_vl.py", line 25, in <module>
    from torchvision.transforms.v2 import functional as tvF
ModuleNotFoundError: No module named 'torchvision'
2026-07-29 20:21:44.795 Examining the path of transformers.models.idefics2.image_processing_idefics2_fast raised:
Traceback (most recent call last):
  File "/home/sachit/Documents/VSCProjects/optimiseGEO/venv/lib/python3.10/site-packages/streamlit/watcher/local_sources_watcher.py", line 340, in get_module_paths
    potential_paths = extract_paths(module)
  File "/home/sachit/Documents/VSCProjects/optimiseGEO/venv/lib/python3.10/site-packages/streamlit/watcher/local_sources_watcher.py", line 327, in <lambda>
    if hasattr(m, "__path__")
  File "/home/sachit/Documents/VSCProjects/optimiseGEO/venv/lib/python3.10/site-packages/transformers/__init__.py", line 862, in _getattr
    return getattr(importlib.import_module(target, __name__), name)
  File "/usr/lib/python3.10/importlib/__init__.py", line 126, in import_module
    return _bootstrap._gcd_import(name[level:], package, level)
  File "<frozen importlib._bootstrap>", line 1050, in _gcd_import
  File "<frozen importlib._bootstrap>", line 1027, in _find_and_load
  File "<frozen importlib._bootstrap>", line 1006, in _find_and_load_unlocked
  File "<frozen importlib._bootstrap>", line 688, in _load_unlocked
  File "<frozen importlib._bootstrap_external>", line 883, in exec_module
  File "<frozen importlib._bootstrap>", line 241, in _call_with_frames_removed
  File "/home/sachit/Documents/VSCProjects/optimiseGEO/venv/lib/python3.10/site-packages/transformers/models/idefics2/image_processing_idefics2.py", line 37, in <module>
    from torchvision.transforms.v2 import functional as tvF
ModuleNotFoundError: No module named 'torchvision'
2026-07-29 20:21:44.795 Examining the path of transformers.models.idefics3.image_processing_idefics3_fast raised:
Traceback (most recent call last):
  File "/home/sachit/Documents/VSCProjects/optimiseGEO/venv/lib/python3.10/site-packages/streamlit/watcher/local_sources_watcher.py", line 340, in get_module_paths
    potential_paths = extract_paths(module)
  File "/home/sachit/Documents/VSCProjects/optimiseGEO/venv/lib/python3.10/site-packages/streamlit/watcher/local_sources_watcher.py", line 327, in <lambda>
    if hasattr(m, "__path__")
  File "/home/sachit/Documents/VSCProjects/optimiseGEO/venv/lib/python3.10/site-packages/transformers/__init__.py", line 862, in _getattr
    return getattr(importlib.import_module(target, __name__), name)
  File "/usr/lib/python3.10/importlib/__init__.py", line 126, in import_module
    return _bootstrap._gcd_import(name[level:], package, level)
  File "<frozen importlib._bootstrap>", line 1050, in _gcd_import
  File "<frozen importlib._bootstrap>", line 1027, in _find_and_load
  File "<frozen importlib._bootstrap>", line 1006, in _find_and_load_unlocked
  File "<frozen importlib._bootstrap>", line 688, in _load_unlocked
  File "<frozen importlib._bootstrap_external>", line 883, in exec_module
  File "<frozen importlib._bootstrap>", line 241, in _call_with_frames_removed
  File "/home/sachit/Documents/VSCProjects/optimiseGEO/venv/lib/python3.10/site-packages/transformers/models/idefics3/image_processing_idefics3.py", line 20, in <module>
    from torchvision.transforms.v2 import functional as tvF
ModuleNotFoundError: No module named 'torchvision'
2026-07-29 20:21:44.796 Examining the path of transformers.models.imagegpt.image_processing_imagegpt_fast raised:
Traceback (most recent call last):
  File "/home/sachit/Documents/VSCProjects/optimiseGEO/venv/lib/python3.10/site-packages/streamlit/watcher/local_sources_watcher.py", line 340, in get_module_paths
    potential_paths = extract_paths(module)
  File "/home/sachit/Documents/VSCProjects/optimiseGEO/venv/lib/python3.10/site-packages/streamlit/watcher/local_sources_watcher.py", line 327, in <lambda>
    if hasattr(m, "__path__")
  File "/home/sachit/Documents/VSCProjects/optimiseGEO/venv/lib/python3.10/site-packages/transformers/__init__.py", line 862, in _getattr
    return getattr(importlib.import_module(target, __name__), name)
  File "/usr/lib/python3.10/importlib/__init__.py", line 126, in import_module
    return _bootstrap._gcd_import(name[level:], package, level)
  File "<frozen importlib._bootstrap>", line 1050, in _gcd_import
  File "<frozen importlib._bootstrap>", line 1027, in _find_and_load
  File "<frozen importlib._bootstrap>", line 1006, in _find_and_load_unlocked
  File "<frozen importlib._bootstrap>", line 688, in _load_unlocked
  File "<frozen importlib._bootstrap_external>", line 883, in exec_module
  File "<frozen importlib._bootstrap>", line 241, in _call_with_frames_removed
  File "/home/sachit/Documents/VSCProjects/optimiseGEO/venv/lib/python3.10/site-packages/transformers/models/imagegpt/image_processing_imagegpt.py", line 20, in <module>
    from torchvision.transforms.v2 import functional as tvF
ModuleNotFoundError: No module named 'torchvision'
2026-07-29 20:21:44.796 Examining the path of transformers.models.inkling.image_processing_inkling_fast raised:
Traceback (most recent call last):
  File "/home/sachit/Documents/VSCProjects/optimiseGEO/venv/lib/python3.10/site-packages/streamlit/watcher/local_sources_watcher.py", line 340, in get_module_paths
    potential_paths = extract_paths(module)
  File "/home/sachit/Documents/VSCProjects/optimiseGEO/venv/lib/python3.10/site-packages/streamlit/watcher/local_sources_watcher.py", line 327, in <lambda>
    if hasattr(m, "__path__")
  File "/home/sachit/Documents/VSCProjects/optimiseGEO/venv/lib/python3.10/site-packages/transformers/__init__.py", line 862, in _getattr
    return getattr(importlib.import_module(target, __name__), name)
  File "/usr/lib/python3.10/importlib/__init__.py", line 126, in import_module
    return _bootstrap._gcd_import(name[level:], package, level)
  File "<frozen importlib._bootstrap>", line 1050, in _gcd_import
  File "<frozen importlib._bootstrap>", line 1027, in _find_and_load
  File "<frozen importlib._bootstrap>", line 1006, in _find_and_load_unlocked
  File "<frozen importlib._bootstrap>", line 688, in _load_unlocked
  File "<frozen importlib._bootstrap_external>", line 883, in exec_module
  File "<frozen importlib._bootstrap>", line 241, in _call_with_frames_removed
  File "/home/sachit/Documents/VSCProjects/optimiseGEO/venv/lib/python3.10/site-packages/transformers/models/inkling/image_processing_inkling.py", line 19, in <module>
    from torchvision.transforms.v2 import functional as tvF
ModuleNotFoundError: No module named 'torchvision'
2026-07-29 20:21:44.796 Examining the path of transformers.models.janus.image_processing_janus_fast raised:
Traceback (most recent call last):
  File "/home/sachit/Documents/VSCProjects/optimiseGEO/venv/lib/python3.10/site-packages/streamlit/watcher/local_sources_watcher.py", line 340, in get_module_paths
    potential_paths = extract_paths(module)
  File "/home/sachit/Documents/VSCProjects/optimiseGEO/venv/lib/python3.10/site-packages/streamlit/watcher/local_sources_watcher.py", line 327, in <lambda>
    if hasattr(m, "__path__")
  File "/home/sachit/Documents/VSCProjects/optimiseGEO/venv/lib/python3.10/site-packages/transformers/__init__.py", line 862, in _getattr
    return getattr(importlib.import_module(target, __name__), name)
  File "/usr/lib/python3.10/importlib/__init__.py", line 126, in import_module
    return _bootstrap._gcd_import(name[level:], package, level)
  File "<frozen importlib._bootstrap>", line 1050, in _gcd_import
  File "<frozen importlib._bootstrap>", line 1027, in _find_and_load
  File "<frozen importlib._bootstrap>", line 1006, in _find_and_load_unlocked
  File "<frozen importlib._bootstrap>", line 688, in _load_unlocked
  File "<frozen importlib._bootstrap_external>", line 883, in exec_module
  File "<frozen importlib._bootstrap>", line 241, in _call_with_frames_removed
  File "/home/sachit/Documents/VSCProjects/optimiseGEO/venv/lib/python3.10/site-packages/transformers/models/janus/image_processing_janus.py", line 17, in <module>
    import torchvision.transforms.v2.functional as tvF
ModuleNotFoundError: No module named 'torchvision'
2026-07-29 20:21:44.797 Examining the path of transformers.models.kimi_k25.image_processing_kimi_k25_fast raised:
Traceback (most recent call last):
  File "/home/sachit/Documents/VSCProjects/optimiseGEO/venv/lib/python3.10/site-packages/streamlit/watcher/local_sources_watcher.py", line 340, in get_module_paths
    potential_paths = extract_paths(module)
  File "/home/sachit/Documents/VSCProjects/optimiseGEO/venv/lib/python3.10/site-packages/streamlit/watcher/local_sources_watcher.py", line 327, in <lambda>
    if hasattr(m, "__path__")
  File "/home/sachit/Documents/VSCProjects/optimiseGEO/venv/lib/python3.10/site-packages/transformers/__init__.py", line 862, in _getattr
    return getattr(importlib.import_module(target, __name__), name)
  File "/usr/lib/python3.10/importlib/__init__.py", line 126, in import_module
    return _bootstrap._gcd_import(name[level:], package, level)
  File "<frozen importlib._bootstrap>", line 1050, in _gcd_import
  File "<frozen importlib._bootstrap>", line 1027, in _find_and_load
  File "<frozen importlib._bootstrap>", line 1006, in _find_and_load_unlocked
  File "<frozen importlib._bootstrap>", line 688, in _load_unlocked
  File "<frozen importlib._bootstrap_external>", line 883, in exec_module
  File "<frozen importlib._bootstrap>", line 241, in _call_with_frames_removed
  File "/home/sachit/Documents/VSCProjects/optimiseGEO/venv/lib/python3.10/site-packages/transformers/models/kimi_k25/image_processing_kimi_k25.py", line 19, in <module>
    from torchvision.transforms.v2 import functional as tvF
ModuleNotFoundError: No module named 'torchvision'
2026-07-29 20:21:44.797 Examining the path of transformers.models.layoutlmv2.image_processing_layoutlmv2_fast raised:
Traceback (most recent call last):
  File "/home/sachit/Documents/VSCProjects/optimiseGEO/venv/lib/python3.10/site-packages/streamlit/watcher/local_sources_watcher.py", line 340, in get_module_paths
    potential_paths = extract_paths(module)
  File "/home/sachit/Documents/VSCProjects/optimiseGEO/venv/lib/python3.10/site-packages/streamlit/watcher/local_sources_watcher.py", line 327, in <lambda>
    if hasattr(m, "__path__")
  File "/home/sachit/Documents/VSCProjects/optimiseGEO/venv/lib/python3.10/site-packages/transformers/__init__.py", line 862, in _getattr
    return getattr(importlib.import_module(target, __name__), name)
  File "/usr/lib/python3.10/importlib/__init__.py", line 126, in import_module
    return _bootstrap._gcd_import(name[level:], package, level)
  File "<frozen importlib._bootstrap>", line 1050, in _gcd_import
  File "<frozen importlib._bootstrap>", line 1027, in _find_and_load
  File "<frozen importlib._bootstrap>", line 1006, in _find_and_load_unlocked
  File "<frozen importlib._bootstrap>", line 688, in _load_unlocked
  File "<frozen importlib._bootstrap_external>", line 883, in exec_module
  File "<frozen importlib._bootstrap>", line 241, in _call_with_frames_removed
  File "/home/sachit/Documents/VSCProjects/optimiseGEO/venv/lib/python3.10/site-packages/transformers/models/layoutlmv2/image_processing_layoutlmv2.py", line 36, in <module>
    from torchvision.transforms.v2 import functional as tvF
ModuleNotFoundError: No module named 'torchvision'
2026-07-29 20:21:44.798 Examining the path of transformers.models.layoutlmv3.image_processing_layoutlmv3_fast raised:
Traceback (most recent call last):
  File "/home/sachit/Documents/VSCProjects/optimiseGEO/venv/lib/python3.10/site-packages/streamlit/watcher/local_sources_watcher.py", line 340, in get_module_paths
    potential_paths = extract_paths(module)
  File "/home/sachit/Documents/VSCProjects/optimiseGEO/venv/lib/python3.10/site-packages/streamlit/watcher/local_sources_watcher.py", line 327, in <lambda>
    if hasattr(m, "__path__")
  File "/home/sachit/Documents/VSCProjects/optimiseGEO/venv/lib/python3.10/site-packages/transformers/__init__.py", line 862, in _getattr
    return getattr(importlib.import_module(target, __name__), name)
  File "/usr/lib/python3.10/importlib/__init__.py", line 126, in import_module
    return _bootstrap._gcd_import(name[level:], package, level)
  File "<frozen importlib._bootstrap>", line 1050, in _gcd_import
  File "<frozen importlib._bootstrap>", line 1027, in _find_and_load
  File "<frozen importlib._bootstrap>", line 1006, in _find_and_load_unlocked
  File "<frozen importlib._bootstrap>", line 688, in _load_unlocked
  File "<frozen importlib._bootstrap_external>", line 883, in exec_module
  File "<frozen importlib._bootstrap>", line 241, in _call_with_frames_removed
  File "/home/sachit/Documents/VSCProjects/optimiseGEO/venv/lib/python3.10/site-packages/transformers/models/layoutlmv3/image_processing_layoutlmv3.py", line 42, in <module>
    from torchvision.transforms.v2 import functional as tvF
ModuleNotFoundError: No module named 'torchvision'
2026-07-29 20:21:44.798 Examining the path of transformers.models.levit.image_processing_levit_fast raised:
Traceback (most recent call last):
  File "/home/sachit/Documents/VSCProjects/optimiseGEO/venv/lib/python3.10/site-packages/streamlit/watcher/local_sources_watcher.py", line 340, in get_module_paths
    potential_paths = extract_paths(module)
  File "/home/sachit/Documents/VSCProjects/optimiseGEO/venv/lib/python3.10/site-packages/streamlit/watcher/local_sources_watcher.py", line 327, in <lambda>
    if hasattr(m, "__path__")
  File "/home/sachit/Documents/VSCProjects/optimiseGEO/venv/lib/python3.10/site-packages/transformers/__init__.py", line 862, in _getattr
    return getattr(importlib.import_module(target, __name__), name)
  File "/usr/lib/python3.10/importlib/__init__.py", line 126, in import_module
    return _bootstrap._gcd_import(name[level:], package, level)
  File "<frozen importlib._bootstrap>", line 1050, in _gcd_import
  File "<frozen importlib._bootstrap>", line 1027, in _find_and_load
  File "<frozen importlib._bootstrap>", line 1006, in _find_and_load_unlocked
  File "<frozen importlib._bootstrap>", line 688, in _load_unlocked
  File "<frozen importlib._bootstrap_external>", line 883, in exec_module
  File "<frozen importlib._bootstrap>", line 241, in _call_with_frames_removed
  File "/home/sachit/Documents/VSCProjects/optimiseGEO/venv/lib/python3.10/site-packages/transformers/models/levit/image_processing_levit.py", line 17, in <module>
    from torchvision.transforms.v2 import functional as tvF
ModuleNotFoundError: No module named 'torchvision'
2026-07-29 20:21:44.799 Examining the path of transformers.models.lfm2_vl.image_processing_lfm2_vl_fast raised:
Traceback (most recent call last):
  File "/home/sachit/Documents/VSCProjects/optimiseGEO/venv/lib/python3.10/site-packages/streamlit/watcher/local_sources_watcher.py", line 340, in get_module_paths
    potential_paths = extract_paths(module)
  File "/home/sachit/Documents/VSCProjects/optimiseGEO/venv/lib/python3.10/site-packages/streamlit/watcher/local_sources_watcher.py", line 327, in <lambda>
    if hasattr(m, "__path__")
  File "/home/sachit/Documents/VSCProjects/optimiseGEO/venv/lib/python3.10/site-packages/transformers/__init__.py", line 862, in _getattr
    return getattr(importlib.import_module(target, __name__), name)
  File "/usr/lib/python3.10/importlib/__init__.py", line 126, in import_module
    return _bootstrap._gcd_import(name[level:], package, level)
  File "<frozen importlib._bootstrap>", line 1050, in _gcd_import
  File "<frozen importlib._bootstrap>", line 1027, in _find_and_load
  File "<frozen importlib._bootstrap>", line 1006, in _find_and_load_unlocked
  File "<frozen importlib._bootstrap>", line 688, in _load_unlocked
  File "<frozen importlib._bootstrap_external>", line 883, in exec_module
  File "<frozen importlib._bootstrap>", line 241, in _call_with_frames_removed
  File "/home/sachit/Documents/VSCProjects/optimiseGEO/venv/lib/python3.10/site-packages/transformers/models/lfm2_vl/image_processing_lfm2_vl.py", line 18, in <module>
    from torchvision.transforms.v2 import functional as tvF
ModuleNotFoundError: No module named 'torchvision'
2026-07-29 20:21:44.799 Examining the path of transformers.models.lightglue.image_processing_lightglue_fast raised:
Traceback (most recent call last):
  File "/home/sachit/Documents/VSCProjects/optimiseGEO/venv/lib/python3.10/site-packages/streamlit/watcher/local_sources_watcher.py", line 340, in get_module_paths
    potential_paths = extract_paths(module)
  File "/home/sachit/Documents/VSCProjects/optimiseGEO/venv/lib/python3.10/site-packages/streamlit/watcher/local_sources_watcher.py", line 327, in <lambda>
    if hasattr(m, "__path__")
  File "/home/sachit/Documents/VSCProjects/optimiseGEO/venv/lib/python3.10/site-packages/transformers/__init__.py", line 862, in _getattr
    return getattr(importlib.import_module(target, __name__), name)
  File "/usr/lib/python3.10/importlib/__init__.py", line 126, in import_module
    return _bootstrap._gcd_import(name[level:], package, level)
  File "<frozen importlib._bootstrap>", line 1050, in _gcd_import
  File "<frozen importlib._bootstrap>", line 1027, in _find_and_load
  File "<frozen importlib._bootstrap>", line 1006, in _find_and_load_unlocked
  File "<frozen importlib._bootstrap>", line 688, in _load_unlocked
  File "<frozen importlib._bootstrap_external>", line 883, in exec_module
  File "<frozen importlib._bootstrap>", line 241, in _call_with_frames_removed
  File "/home/sachit/Documents/VSCProjects/optimiseGEO/venv/lib/python3.10/site-packages/transformers/models/lightglue/image_processing_lightglue.py", line 24, in <module>
    from torchvision.transforms.v2 import functional as tvF
ModuleNotFoundError: No module named 'torchvision'
2026-07-29 20:21:44.800 Examining the path of transformers.models.llama4.image_processing_llama4_fast raised:
Traceback (most recent call last):
  File "/home/sachit/Documents/VSCProjects/optimiseGEO/venv/lib/python3.10/site-packages/streamlit/watcher/local_sources_watcher.py", line 340, in get_module_paths
    potential_paths = extract_paths(module)
  File "/home/sachit/Documents/VSCProjects/optimiseGEO/venv/lib/python3.10/site-packages/streamlit/watcher/local_sources_watcher.py", line 327, in <lambda>
    if hasattr(m, "__path__")
  File "/home/sachit/Documents/VSCProjects/optimiseGEO/venv/lib/python3.10/site-packages/transformers/__init__.py", line 862, in _getattr
    return getattr(importlib.import_module(target, __name__), name)
  File "/usr/lib/python3.10/importlib/__init__.py", line 126, in import_module
    return _bootstrap._gcd_import(name[level:], package, level)
  File "<frozen importlib._bootstrap>", line 1050, in _gcd_import
  File "<frozen importlib._bootstrap>", line 1027, in _find_and_load
  File "<frozen importlib._bootstrap>", line 1006, in _find_and_load_unlocked
  File "<frozen importlib._bootstrap>", line 688, in _load_unlocked
  File "<frozen importlib._bootstrap_external>", line 883, in exec_module
  File "<frozen importlib._bootstrap>", line 241, in _call_with_frames_removed
  File "/home/sachit/Documents/VSCProjects/optimiseGEO/venv/lib/python3.10/site-packages/transformers/models/llama4/image_processing_llama4.py", line 21, in <module>
    from torchvision.transforms.v2 import functional as tvF
ModuleNotFoundError: No module named 'torchvision'
2026-07-29 20:21:44.800 Examining the path of transformers.models.llava.image_processing_llava_fast raised:
Traceback (most recent call last):
  File "/home/sachit/Documents/VSCProjects/optimiseGEO/venv/lib/python3.10/site-packages/streamlit/watcher/local_sources_watcher.py", line 340, in get_module_paths
    potential_paths = extract_paths(module)
  File "/home/sachit/Documents/VSCProjects/optimiseGEO/venv/lib/python3.10/site-packages/streamlit/watcher/local_sources_watcher.py", line 327, in <lambda>
    if hasattr(m, "__path__")
  File "/home/sachit/Documents/VSCProjects/optimiseGEO/venv/lib/python3.10/site-packages/transformers/__init__.py", line 862, in _getattr
    return getattr(importlib.import_module(target, __name__), name)
  File "/usr/lib/python3.10/importlib/__init__.py", line 126, in import_module
    return _bootstrap._gcd_import(name[level:], package, level)
  File "<frozen importlib._bootstrap>", line 1050, in _gcd_import
  File "<frozen importlib._bootstrap>", line 1027, in _find_and_load
  File "<frozen importlib._bootstrap>", line 1006, in _find_and_load_unlocked
  File "<frozen importlib._bootstrap>", line 688, in _load_unlocked
  File "<frozen importlib._bootstrap_external>", line 883, in exec_module
  File "<frozen importlib._bootstrap>", line 241, in _call_with_frames_removed
  File "/home/sachit/Documents/VSCProjects/optimiseGEO/venv/lib/python3.10/site-packages/transformers/models/llava/image_processing_llava.py", line 19, in <module>
    from torchvision.transforms.v2 import functional as tvF
ModuleNotFoundError: No module named 'torchvision'
2026-07-29 20:21:44.801 Examining the path of transformers.models.llava_next.image_processing_llava_next_fast raised:
Traceback (most recent call last):
  File "/home/sachit/Documents/VSCProjects/optimiseGEO/venv/lib/python3.10/site-packages/streamlit/watcher/local_sources_watcher.py", line 340, in get_module_paths
    potential_paths = extract_paths(module)
  File "/home/sachit/Documents/VSCProjects/optimiseGEO/venv/lib/python3.10/site-packages/streamlit/watcher/local_sources_watcher.py", line 327, in <lambda>
    if hasattr(m, "__path__")
  File "/home/sachit/Documents/VSCProjects/optimiseGEO/venv/lib/python3.10/site-packages/transformers/__init__.py", line 862, in _getattr
    return getattr(importlib.import_module(target, __name__), name)
  File "/usr/lib/python3.10/importlib/__init__.py", line 126, in import_module
    return _bootstrap._gcd_import(name[level:], package, level)
  File "<frozen importlib._bootstrap>", line 1050, in _gcd_import
  File "<frozen importlib._bootstrap>", line 1027, in _find_and_load
  File "<frozen importlib._bootstrap>", line 1006, in _find_and_load_unlocked
  File "<frozen importlib._bootstrap>", line 688, in _load_unlocked
  File "<frozen importlib._bootstrap_external>", line 883, in exec_module
  File "<frozen importlib._bootstrap>", line 241, in _call_with_frames_removed
  File "/home/sachit/Documents/VSCProjects/optimiseGEO/venv/lib/python3.10/site-packages/transformers/models/llava_next/image_processing_llava_next.py", line 19, in <module>
    from torchvision.transforms.v2 import functional as tvF
ModuleNotFoundError: No module named 'torchvision'
2026-07-29 20:21:44.801 Examining the path of transformers.models.llava_onevision.image_processing_llava_onevision_fast raised:
Traceback (most recent call last):
  File "/home/sachit/Documents/VSCProjects/optimiseGEO/venv/lib/python3.10/site-packages/streamlit/watcher/local_sources_watcher.py", line 340, in get_module_paths
    potential_paths = extract_paths(module)
  File "/home/sachit/Documents/VSCProjects/optimiseGEO/venv/lib/python3.10/site-packages/streamlit/watcher/local_sources_watcher.py", line 327, in <lambda>
    if hasattr(m, "__path__")
  File "/home/sachit/Documents/VSCProjects/optimiseGEO/venv/lib/python3.10/site-packages/transformers/__init__.py", line 862, in _getattr
    return getattr(importlib.import_module(target, __name__), name)
  File "/usr/lib/python3.10/importlib/__init__.py", line 126, in import_module
    return _bootstrap._gcd_import(name[level:], package, level)
  File "<frozen importlib._bootstrap>", line 1050, in _gcd_import
  File "<frozen importlib._bootstrap>", line 1027, in _find_and_load
  File "<frozen importlib._bootstrap>", line 1006, in _find_and_load_unlocked
  File "<frozen importlib._bootstrap>", line 688, in _load_unlocked
  File "<frozen importlib._bootstrap_external>", line 883, in exec_module
  File "<frozen importlib._bootstrap>", line 241, in _call_with_frames_removed
  File "/home/sachit/Documents/VSCProjects/optimiseGEO/venv/lib/python3.10/site-packages/transformers/models/llava_onevision/image_processing_llava_onevision.py", line 24, in <module>
    import torchvision.transforms.v2.functional as tvF
ModuleNotFoundError: No module named 'torchvision'
2026-07-29 20:21:44.802 Examining the path of transformers.models.mask2former.image_processing_mask2former_fast raised:
Traceback (most recent call last):
  File "/home/sachit/Documents/VSCProjects/optimiseGEO/venv/lib/python3.10/site-packages/streamlit/watcher/local_sources_watcher.py", line 340, in get_module_paths
    potential_paths = extract_paths(module)
  File "/home/sachit/Documents/VSCProjects/optimiseGEO/venv/lib/python3.10/site-packages/streamlit/watcher/local_sources_watcher.py", line 327, in <lambda>
    if hasattr(m, "__path__")
  File "/home/sachit/Documents/VSCProjects/optimiseGEO/venv/lib/python3.10/site-packages/transformers/__init__.py", line 862, in _getattr
    return getattr(importlib.import_module(target, __name__), name)
  File "/usr/lib/python3.10/importlib/__init__.py", line 126, in import_module
    return _bootstrap._gcd_import(name[level:], package, level)
  File "<frozen importlib._bootstrap>", line 1050, in _gcd_import
  File "<frozen importlib._bootstrap>", line 1027, in _find_and_load
  File "<frozen importlib._bootstrap>", line 1006, in _find_and_load_unlocked
  File "<frozen importlib._bootstrap>", line 688, in _load_unlocked
  File "<frozen importlib._bootstrap_external>", line 883, in exec_module
  File "<frozen importlib._bootstrap>", line 241, in _call_with_frames_removed
  File "/home/sachit/Documents/VSCProjects/optimiseGEO/venv/lib/python3.10/site-packages/transformers/models/mask2former/image_processing_mask2former.py", line 27, in <module>
    from torchvision.transforms.v2 import functional as tvF
ModuleNotFoundError: No module named 'torchvision'
2026-07-29 20:21:44.802 Examining the path of transformers.models.maskformer.image_processing_maskformer_fast raised:
Traceback (most recent call last):
  File "/home/sachit/Documents/VSCProjects/optimiseGEO/venv/lib/python3.10/site-packages/streamlit/watcher/local_sources_watcher.py", line 340, in get_module_paths
    potential_paths = extract_paths(module)
  File "/home/sachit/Documents/VSCProjects/optimiseGEO/venv/lib/python3.10/site-packages/streamlit/watcher/local_sources_watcher.py", line 327, in <lambda>
    if hasattr(m, "__path__")
  File "/home/sachit/Documents/VSCProjects/optimiseGEO/venv/lib/python3.10/site-packages/transformers/__init__.py", line 862, in _getattr
    return getattr(importlib.import_module(target, __name__), name)
  File "/usr/lib/python3.10/importlib/__init__.py", line 126, in import_module
    return _bootstrap._gcd_import(name[level:], package, level)
  File "<frozen importlib._bootstrap>", line 1050, in _gcd_import
  File "<frozen importlib._bootstrap>", line 1027, in _find_and_load
  File "<frozen importlib._bootstrap>", line 1006, in _find_and_load_unlocked
  File "<frozen importlib._bootstrap>", line 688, in _load_unlocked
  File "<frozen importlib._bootstrap_external>", line 883, in exec_module
  File "<frozen importlib._bootstrap>", line 241, in _call_with_frames_removed
  File "/home/sachit/Documents/VSCProjects/optimiseGEO/venv/lib/python3.10/site-packages/transformers/models/maskformer/image_processing_maskformer.py", line 22, in <module>
    from torchvision.transforms.v2 import functional as tvF
ModuleNotFoundError: No module named 'torchvision'
2026-07-29 20:21:44.803 Examining the path of transformers.models.minimax_m3_vl.image_processing_minimax_m3_vl_fast raised:
Traceback (most recent call last):
  File "/home/sachit/Documents/VSCProjects/optimiseGEO/venv/lib/python3.10/site-packages/streamlit/watcher/local_sources_watcher.py", line 340, in get_module_paths
    potential_paths = extract_paths(module)
  File "/home/sachit/Documents/VSCProjects/optimiseGEO/venv/lib/python3.10/site-packages/streamlit/watcher/local_sources_watcher.py", line 327, in <lambda>
    if hasattr(m, "__path__")
  File "/home/sachit/Documents/VSCProjects/optimiseGEO/venv/lib/python3.10/site-packages/transformers/__init__.py", line 862, in _getattr
    return getattr(importlib.import_module(target, __name__), name)
  File "/usr/lib/python3.10/importlib/__init__.py", line 126, in import_module
    return _bootstrap._gcd_import(name[level:], package, level)
  File "<frozen importlib._bootstrap>", line 1050, in _gcd_import
  File "<frozen importlib._bootstrap>", line 1027, in _find_and_load
  File "<frozen importlib._bootstrap>", line 1006, in _find_and_load_unlocked
  File "<frozen importlib._bootstrap>", line 688, in _load_unlocked
  File "<frozen importlib._bootstrap_external>", line 883, in exec_module
  File "<frozen importlib._bootstrap>", line 241, in _call_with_frames_removed
  File "/home/sachit/Documents/VSCProjects/optimiseGEO/venv/lib/python3.10/site-packages/transformers/models/minimax_m3_vl/image_processing_minimax_m3_vl.py", line 18, in <module>
    from torchvision.transforms.v2 import functional as tvF
ModuleNotFoundError: No module named 'torchvision'
2026-07-29 20:21:44.803 Examining the path of transformers.models.mllama.image_processing_mllama_fast raised:
Traceback (most recent call last):
  File "/home/sachit/Documents/VSCProjects/optimiseGEO/venv/lib/python3.10/site-packages/streamlit/watcher/local_sources_watcher.py", line 340, in get_module_paths
    potential_paths = extract_paths(module)
  File "/home/sachit/Documents/VSCProjects/optimiseGEO/venv/lib/python3.10/site-packages/streamlit/watcher/local_sources_watcher.py", line 327, in <lambda>
    if hasattr(m, "__path__")
  File "/home/sachit/Documents/VSCProjects/optimiseGEO/venv/lib/python3.10/site-packages/transformers/__init__.py", line 862, in _getattr
    return getattr(importlib.import_module(target, __name__), name)
  File "/usr/lib/python3.10/importlib/__init__.py", line 126, in import_module
    return _bootstrap._gcd_import(name[level:], package, level)
  File "<frozen importlib._bootstrap>", line 1050, in _gcd_import
  File "<frozen importlib._bootstrap>", line 1027, in _find_and_load
  File "<frozen importlib._bootstrap>", line 1006, in _find_and_load_unlocked
  File "<frozen importlib._bootstrap>", line 688, in _load_unlocked
  File "<frozen importlib._bootstrap_external>", line 883, in exec_module
  File "<frozen importlib._bootstrap>", line 241, in _call_with_frames_removed
  File "/home/sachit/Documents/VSCProjects/optimiseGEO/venv/lib/python3.10/site-packages/transformers/models/mllama/image_processing_mllama.py", line 40, in <module>
    from torchvision.transforms.v2 import functional as tvF
ModuleNotFoundError: No module named 'torchvision'
2026-07-29 20:21:44.804 Examining the path of transformers.models.mobilenet_v2.image_processing_mobilenet_v2_fast raised:
Traceback (most recent call last):
  File "/home/sachit/Documents/VSCProjects/optimiseGEO/venv/lib/python3.10/site-packages/streamlit/watcher/local_sources_watcher.py", line 340, in get_module_paths
    potential_paths = extract_paths(module)
  File "/home/sachit/Documents/VSCProjects/optimiseGEO/venv/lib/python3.10/site-packages/streamlit/watcher/local_sources_watcher.py", line 327, in <lambda>
    if hasattr(m, "__path__")
  File "/home/sachit/Documents/VSCProjects/optimiseGEO/venv/lib/python3.10/site-packages/transformers/__init__.py", line 862, in _getattr
    return getattr(importlib.import_module(target, __name__), name)
  File "/usr/lib/python3.10/importlib/__init__.py", line 126, in import_module
    return _bootstrap._gcd_import(name[level:], package, level)
  File "<frozen importlib._bootstrap>", line 1050, in _gcd_import
  File "<frozen importlib._bootstrap>", line 1027, in _find_and_load
  File "<frozen importlib._bootstrap>", line 1006, in _find_and_load_unlocked
  File "<frozen importlib._bootstrap>", line 688, in _load_unlocked
  File "<frozen importlib._bootstrap_external>", line 883, in exec_module
  File "<frozen importlib._bootstrap>", line 241, in _call_with_frames_removed
  File "/home/sachit/Documents/VSCProjects/optimiseGEO/venv/lib/python3.10/site-packages/transformers/models/mobilenet_v2/image_processing_mobilenet_v2.py", line 19, in <module>
    from torchvision.transforms.v2 import functional as tvF
ModuleNotFoundError: No module named 'torchvision'
2026-07-29 20:21:44.805 Examining the path of transformers.models.mobilevit.image_processing_mobilevit_fast raised:
Traceback (most recent call last):
  File "/home/sachit/Documents/VSCProjects/optimiseGEO/venv/lib/python3.10/site-packages/streamlit/watcher/local_sources_watcher.py", line 340, in get_module_paths
    potential_paths = extract_paths(module)
  File "/home/sachit/Documents/VSCProjects/optimiseGEO/venv/lib/python3.10/site-packages/streamlit/watcher/local_sources_watcher.py", line 327, in <lambda>
    if hasattr(m, "__path__")
  File "/home/sachit/Documents/VSCProjects/optimiseGEO/venv/lib/python3.10/site-packages/transformers/__init__.py", line 862, in _getattr
    return getattr(importlib.import_module(target, __name__), name)
  File "/usr/lib/python3.10/importlib/__init__.py", line 126, in import_module
    return _bootstrap._gcd_import(name[level:], package, level)
  File "<frozen importlib._bootstrap>", line 1050, in _gcd_import
  File "<frozen importlib._bootstrap>", line 1027, in _find_and_load
  File "<frozen importlib._bootstrap>", line 1006, in _find_and_load_unlocked
  File "<frozen importlib._bootstrap>", line 688, in _load_unlocked
  File "<frozen importlib._bootstrap_external>", line 883, in exec_module
  File "<frozen importlib._bootstrap>", line 241, in _call_with_frames_removed
  File "/home/sachit/Documents/VSCProjects/optimiseGEO/venv/lib/python3.10/site-packages/transformers/models/mobilevit/image_processing_mobilevit.py", line 19, in <module>
    from torchvision.transforms.v2 import functional as tvF
ModuleNotFoundError: No module named 'torchvision'
2026-07-29 20:21:44.805 Examining the path of transformers.models.nougat.image_processing_nougat_fast raised:
Traceback (most recent call last):
  File "/home/sachit/Documents/VSCProjects/optimiseGEO/venv/lib/python3.10/site-packages/streamlit/watcher/local_sources_watcher.py", line 340, in get_module_paths
    potential_paths = extract_paths(module)
  File "/home/sachit/Documents/VSCProjects/optimiseGEO/venv/lib/python3.10/site-packages/streamlit/watcher/local_sources_watcher.py", line 327, in <lambda>
    if hasattr(m, "__path__")
  File "/home/sachit/Documents/VSCProjects/optimiseGEO/venv/lib/python3.10/site-packages/transformers/__init__.py", line 862, in _getattr
    return getattr(importlib.import_module(target, __name__), name)
  File "/usr/lib/python3.10/importlib/__init__.py", line 126, in import_module
    return _bootstrap._gcd_import(name[level:], package, level)
  File "<frozen importlib._bootstrap>", line 1050, in _gcd_import
  File "<frozen importlib._bootstrap>", line 1027, in _find_and_load
  File "<frozen importlib._bootstrap>", line 1006, in _find_and_load_unlocked
  File "<frozen importlib._bootstrap>", line 688, in _load_unlocked
  File "<frozen importlib._bootstrap_external>", line 883, in exec_module
  File "<frozen importlib._bootstrap>", line 241, in _call_with_frames_removed
  File "/home/sachit/Documents/VSCProjects/optimiseGEO/venv/lib/python3.10/site-packages/transformers/models/nougat/image_processing_nougat.py", line 17, in <module>
    from torchvision.transforms.v2 import functional as tvF
ModuleNotFoundError: No module named 'torchvision'
2026-07-29 20:21:44.806 Examining the path of transformers.models.oneformer.image_processing_oneformer_fast raised:
Traceback (most recent call last):
  File "/home/sachit/Documents/VSCProjects/optimiseGEO/venv/lib/python3.10/site-packages/streamlit/watcher/local_sources_watcher.py", line 340, in get_module_paths
    potential_paths = extract_paths(module)
  File "/home/sachit/Documents/VSCProjects/optimiseGEO/venv/lib/python3.10/site-packages/streamlit/watcher/local_sources_watcher.py", line 327, in <lambda>
    if hasattr(m, "__path__")
  File "/home/sachit/Documents/VSCProjects/optimiseGEO/venv/lib/python3.10/site-packages/transformers/__init__.py", line 862, in _getattr
    return getattr(importlib.import_module(target, __name__), name)
  File "/usr/lib/python3.10/importlib/__init__.py", line 126, in import_module
    return _bootstrap._gcd_import(name[level:], package, level)
  File "<frozen importlib._bootstrap>", line 1050, in _gcd_import
  File "<frozen importlib._bootstrap>", line 1027, in _find_and_load
  File "<frozen importlib._bootstrap>", line 1006, in _find_and_load_unlocked
  File "<frozen importlib._bootstrap>", line 688, in _load_unlocked
  File "<frozen importlib._bootstrap_external>", line 883, in exec_module
  File "<frozen importlib._bootstrap>", line 241, in _call_with_frames_removed
  File "/home/sachit/Documents/VSCProjects/optimiseGEO/venv/lib/python3.10/site-packages/transformers/models/oneformer/image_processing_oneformer.py", line 23, in <module>
    from torchvision.transforms.v2 import functional as tvF
ModuleNotFoundError: No module named 'torchvision'
2026-07-29 20:21:44.806 Examining the path of transformers.models.ovis2.image_processing_ovis2_fast raised:
Traceback (most recent call last):
  File "/home/sachit/Documents/VSCProjects/optimiseGEO/venv/lib/python3.10/site-packages/streamlit/watcher/local_sources_watcher.py", line 340, in get_module_paths
    potential_paths = extract_paths(module)
  File "/home/sachit/Documents/VSCProjects/optimiseGEO/venv/lib/python3.10/site-packages/streamlit/watcher/local_sources_watcher.py", line 327, in <lambda>
    if hasattr(m, "__path__")
  File "/home/sachit/Documents/VSCProjects/optimiseGEO/venv/lib/python3.10/site-packages/transformers/__init__.py", line 862, in _getattr
    return getattr(importlib.import_module(target, __name__), name)
  File "/usr/lib/python3.10/importlib/__init__.py", line 126, in import_module
    return _bootstrap._gcd_import(name[level:], package, level)
  File "<frozen importlib._bootstrap>", line 1050, in _gcd_import
  File "<frozen importlib._bootstrap>", line 1027, in _find_and_load
  File "<frozen importlib._bootstrap>", line 1006, in _find_and_load_unlocked
  File "<frozen importlib._bootstrap>", line 688, in _load_unlocked
  File "<frozen importlib._bootstrap_external>", line 883, in exec_module
  File "<frozen importlib._bootstrap>", line 241, in _call_with_frames_removed
  File "/home/sachit/Documents/VSCProjects/optimiseGEO/venv/lib/python3.10/site-packages/transformers/models/ovis2/image_processing_ovis2.py", line 19, in <module>
    from torchvision.transforms.v2 import functional as tvF
ModuleNotFoundError: No module named 'torchvision'
2026-07-29 20:21:44.807 Examining the path of transformers.models.owlv2.image_processing_owlv2_fast raised:
Traceback (most recent call last):
  File "/home/sachit/Documents/VSCProjects/optimiseGEO/venv/lib/python3.10/site-packages/streamlit/watcher/local_sources_watcher.py", line 340, in get_module_paths
    potential_paths = extract_paths(module)
  File "/home/sachit/Documents/VSCProjects/optimiseGEO/venv/lib/python3.10/site-packages/streamlit/watcher/local_sources_watcher.py", line 327, in <lambda>
    if hasattr(m, "__path__")
  File "/home/sachit/Documents/VSCProjects/optimiseGEO/venv/lib/python3.10/site-packages/transformers/__init__.py", line 862, in _getattr
    return getattr(importlib.import_module(target, __name__), name)
  File "/usr/lib/python3.10/importlib/__init__.py", line 126, in import_module
    return _bootstrap._gcd_import(name[level:], package, level)
  File "<frozen importlib._bootstrap>", line 1050, in _gcd_import
  File "<frozen importlib._bootstrap>", line 1027, in _find_and_load
  File "<frozen importlib._bootstrap>", line 1006, in _find_and_load_unlocked
  File "<frozen importlib._bootstrap>", line 688, in _load_unlocked
  File "<frozen importlib._bootstrap_external>", line 883, in exec_module
  File "<frozen importlib._bootstrap>", line 241, in _call_with_frames_removed
  File "/home/sachit/Documents/VSCProjects/optimiseGEO/venv/lib/python3.10/site-packages/transformers/models/owlv2/image_processing_owlv2.py", line 25, in <module>
    import torchvision.transforms.v2.functional as tvF
ModuleNotFoundError: No module named 'torchvision'
2026-07-29 20:21:44.807 Examining the path of transformers.models.perceiver.image_processing_perceiver_fast raised:
Traceback (most recent call last):
  File "/home/sachit/Documents/VSCProjects/optimiseGEO/venv/lib/python3.10/site-packages/streamlit/watcher/local_sources_watcher.py", line 340, in get_module_paths
    potential_paths = extract_paths(module)
  File "/home/sachit/Documents/VSCProjects/optimiseGEO/venv/lib/python3.10/site-packages/streamlit/watcher/local_sources_watcher.py", line 327, in <lambda>
    if hasattr(m, "__path__")
  File "/home/sachit/Documents/VSCProjects/optimiseGEO/venv/lib/python3.10/site-packages/transformers/__init__.py", line 862, in _getattr
    return getattr(importlib.import_module(target, __name__), name)
  File "/usr/lib/python3.10/importlib/__init__.py", line 126, in import_module
    return _bootstrap._gcd_import(name[level:], package, level)
  File "<frozen importlib._bootstrap>", line 1050, in _gcd_import
  File "<frozen importlib._bootstrap>", line 1027, in _find_and_load
  File "<frozen importlib._bootstrap>", line 1006, in _find_and_load_unlocked
  File "<frozen importlib._bootstrap>", line 688, in _load_unlocked
  File "<frozen importlib._bootstrap_external>", line 883, in exec_module
  File "<frozen importlib._bootstrap>", line 241, in _call_with_frames_removed
  File "/home/sachit/Documents/VSCProjects/optimiseGEO/venv/lib/python3.10/site-packages/transformers/models/perceiver/image_processing_perceiver.py", line 17, in <module>
    from torchvision.transforms.v2 import functional as tvF
ModuleNotFoundError: No module named 'torchvision'
2026-07-29 20:21:44.808 Examining the path of transformers.models.perception_lm.image_processing_perception_lm_fast raised:
Traceback (most recent call last):
  File "/home/sachit/Documents/VSCProjects/optimiseGEO/venv/lib/python3.10/site-packages/streamlit/watcher/local_sources_watcher.py", line 340, in get_module_paths
    potential_paths = extract_paths(module)
  File "/home/sachit/Documents/VSCProjects/optimiseGEO/venv/lib/python3.10/site-packages/streamlit/watcher/local_sources_watcher.py", line 327, in <lambda>
    if hasattr(m, "__path__")
  File "/home/sachit/Documents/VSCProjects/optimiseGEO/venv/lib/python3.10/site-packages/transformers/__init__.py", line 862, in _getattr
    return getattr(importlib.import_module(target, __name__), name)
  File "/usr/lib/python3.10/importlib/__init__.py", line 126, in import_module
    return _bootstrap._gcd_import(name[level:], package, level)
  File "<frozen importlib._bootstrap>", line 1050, in _gcd_import
  File "<frozen importlib._bootstrap>", line 1027, in _find_and_load
  File "<frozen importlib._bootstrap>", line 1006, in _find_and_load_unlocked
  File "<frozen importlib._bootstrap>", line 688, in _load_unlocked
  File "<frozen importlib._bootstrap_external>", line 883, in exec_module
  File "<frozen importlib._bootstrap>", line 241, in _call_with_frames_removed
  File "/home/sachit/Documents/VSCProjects/optimiseGEO/venv/lib/python3.10/site-packages/transformers/models/perception_lm/image_processing_perception_lm.py", line 19, in <module>
    from torchvision.transforms.v2 import functional as tvF
ModuleNotFoundError: No module named 'torchvision'
2026-07-29 20:21:44.808 Examining the path of transformers.models.phi4_multimodal.image_processing_phi4_multimodal_fast raised:
Traceback (most recent call last):
  File "/home/sachit/Documents/VSCProjects/optimiseGEO/venv/lib/python3.10/site-packages/streamlit/watcher/local_sources_watcher.py", line 340, in get_module_paths
    potential_paths = extract_paths(module)
  File "/home/sachit/Documents/VSCProjects/optimiseGEO/venv/lib/python3.10/site-packages/streamlit/watcher/local_sources_watcher.py", line 327, in <lambda>
    if hasattr(m, "__path__")
  File "/home/sachit/Documents/VSCProjects/optimiseGEO/venv/lib/python3.10/site-packages/transformers/__init__.py", line 862, in _getattr
    return getattr(importlib.import_module(target, __name__), name)
  File "/usr/lib/python3.10/importlib/__init__.py", line 126, in import_module
    return _bootstrap._gcd_import(name[level:], package, level)
  File "<frozen importlib._bootstrap>", line 1050, in _gcd_import
  File "<frozen importlib._bootstrap>", line 1027, in _find_and_load
  File "<frozen importlib._bootstrap>", line 1006, in _find_and_load_unlocked
  File "<frozen importlib._bootstrap>", line 688, in _load_unlocked
  File "<frozen importlib._bootstrap_external>", line 883, in exec_module
  File "<frozen importlib._bootstrap>", line 241, in _call_with_frames_removed
  File "/home/sachit/Documents/VSCProjects/optimiseGEO/venv/lib/python3.10/site-packages/transformers/models/phi4_multimodal/image_processing_phi4_multimodal.py", line 19, in <module>
    from torchvision.transforms.v2 import functional as tvF
ModuleNotFoundError: No module named 'torchvision'
2026-07-29 20:21:44.809 Examining the path of transformers.models.pix2struct.image_processing_pix2struct_fast raised:
Traceback (most recent call last):
  File "/home/sachit/Documents/VSCProjects/optimiseGEO/venv/lib/python3.10/site-packages/streamlit/watcher/local_sources_watcher.py", line 340, in get_module_paths
    potential_paths = extract_paths(module)
  File "/home/sachit/Documents/VSCProjects/optimiseGEO/venv/lib/python3.10/site-packages/streamlit/watcher/local_sources_watcher.py", line 327, in <lambda>
    if hasattr(m, "__path__")
  File "/home/sachit/Documents/VSCProjects/optimiseGEO/venv/lib/python3.10/site-packages/transformers/__init__.py", line 862, in _getattr
    return getattr(importlib.import_module(target, __name__), name)
  File "/usr/lib/python3.10/importlib/__init__.py", line 126, in import_module
    return _bootstrap._gcd_import(name[level:], package, level)
  File "<frozen importlib._bootstrap>", line 1050, in _gcd_import
  File "<frozen importlib._bootstrap>", line 1027, in _find_and_load
  File "<frozen importlib._bootstrap>", line 1006, in _find_and_load_unlocked
  File "<frozen importlib._bootstrap>", line 688, in _load_unlocked
  File "<frozen importlib._bootstrap_external>", line 883, in exec_module
  File "<frozen importlib._bootstrap>", line 241, in _call_with_frames_removed
  File "/home/sachit/Documents/VSCProjects/optimiseGEO/venv/lib/python3.10/site-packages/transformers/models/pix2struct/image_processing_pix2struct.py", line 21, in <module>
    import torchvision.transforms.v2.functional as tvF
ModuleNotFoundError: No module named 'torchvision'
2026-07-29 20:21:44.809 Examining the path of transformers.models.pixtral.image_processing_pixtral_fast raised:
Traceback (most recent call last):
  File "/home/sachit/Documents/VSCProjects/optimiseGEO/venv/lib/python3.10/site-packages/streamlit/watcher/local_sources_watcher.py", line 340, in get_module_paths
    potential_paths = extract_paths(module)
  File "/home/sachit/Documents/VSCProjects/optimiseGEO/venv/lib/python3.10/site-packages/streamlit/watcher/local_sources_watcher.py", line 327, in <lambda>
    if hasattr(m, "__path__")
  File "/home/sachit/Documents/VSCProjects/optimiseGEO/venv/lib/python3.10/site-packages/transformers/__init__.py", line 862, in _getattr
    return getattr(importlib.import_module(target, __name__), name)
  File "/usr/lib/python3.10/importlib/__init__.py", line 126, in import_module
    return _bootstrap._gcd_import(name[level:], package, level)
  File "<frozen importlib._bootstrap>", line 1050, in _gcd_import
  File "<frozen importlib._bootstrap>", line 1027, in _find_and_load
  File "<frozen importlib._bootstrap>", line 1006, in _find_and_load_unlocked
  File "<frozen importlib._bootstrap>", line 688, in _load_unlocked
  File "<frozen importlib._bootstrap_external>", line 883, in exec_module
  File "<frozen importlib._bootstrap>", line 241, in _call_with_frames_removed
  File "/home/sachit/Documents/VSCProjects/optimiseGEO/venv/lib/python3.10/site-packages/transformers/models/pixtral/image_processing_pixtral.py", line 19, in <module>
    from torchvision.transforms.v2 import functional as tvF
ModuleNotFoundError: No module named 'torchvision'
2026-07-29 20:21:44.810 Examining the path of transformers.models.poolformer.image_processing_poolformer_fast raised:
Traceback (most recent call last):
  File "/home/sachit/Documents/VSCProjects/optimiseGEO/venv/lib/python3.10/site-packages/streamlit/watcher/local_sources_watcher.py", line 340, in get_module_paths
    potential_paths = extract_paths(module)
  File "/home/sachit/Documents/VSCProjects/optimiseGEO/venv/lib/python3.10/site-packages/streamlit/watcher/local_sources_watcher.py", line 327, in <lambda>
    if hasattr(m, "__path__")
  File "/home/sachit/Documents/VSCProjects/optimiseGEO/venv/lib/python3.10/site-packages/transformers/__init__.py", line 862, in _getattr
    return getattr(importlib.import_module(target, __name__), name)
  File "/usr/lib/python3.10/importlib/__init__.py", line 126, in import_module
    return _bootstrap._gcd_import(name[level:], package, level)
  File "<frozen importlib._bootstrap>", line 1050, in _gcd_import
  File "<frozen importlib._bootstrap>", line 1027, in _find_and_load
  File "<frozen importlib._bootstrap>", line 1006, in _find_and_load_unlocked
  File "<frozen importlib._bootstrap>", line 688, in _load_unlocked
  File "<frozen importlib._bootstrap_external>", line 883, in exec_module
  File "<frozen importlib._bootstrap>", line 241, in _call_with_frames_removed
  File "/home/sachit/Documents/VSCProjects/optimiseGEO/venv/lib/python3.10/site-packages/transformers/models/poolformer/image_processing_poolformer.py", line 17, in <module>
    from torchvision.transforms.v2 import functional as tvF
ModuleNotFoundError: No module named 'torchvision'
2026-07-29 20:21:44.810 Examining the path of transformers.models.pp_doclayout_v2.image_processing_pp_doclayout_v2_fast raised:
Traceback (most recent call last):
  File "/home/sachit/Documents/VSCProjects/optimiseGEO/venv/lib/python3.10/site-packages/streamlit/watcher/local_sources_watcher.py", line 340, in get_module_paths
    potential_paths = extract_paths(module)
  File "/home/sachit/Documents/VSCProjects/optimiseGEO/venv/lib/python3.10/site-packages/streamlit/watcher/local_sources_watcher.py", line 327, in <lambda>
    if hasattr(m, "__path__")
  File "/home/sachit/Documents/VSCProjects/optimiseGEO/venv/lib/python3.10/site-packages/transformers/__init__.py", line 862, in _getattr
    return getattr(importlib.import_module(target, __name__), name)
  File "/usr/lib/python3.10/importlib/__init__.py", line 126, in import_module
    return _bootstrap._gcd_import(name[level:], package, level)
  File "<frozen importlib._bootstrap>", line 1050, in _gcd_import
  File "<frozen importlib._bootstrap>", line 1027, in _find_and_load
  File "<frozen importlib._bootstrap>", line 1006, in _find_and_load_unlocked
  File "<frozen importlib._bootstrap>", line 688, in _load_unlocked
  File "<frozen importlib._bootstrap_external>", line 883, in exec_module
  File "<frozen importlib._bootstrap>", line 241, in _call_with_frames_removed
  File "/home/sachit/Documents/VSCProjects/optimiseGEO/venv/lib/python3.10/site-packages/transformers/models/pp_doclayout_v2/image_processing_pp_doclayout_v2.py", line 23, in <module>
    from torchvision.transforms.v2 import functional as tvF
ModuleNotFoundError: No module named 'torchvision'
2026-07-29 20:21:44.811 Examining the path of transformers.models.pp_doclayout_v3.image_processing_pp_doclayout_v3_fast raised:
Traceback (most recent call last):
  File "/home/sachit/Documents/VSCProjects/optimiseGEO/venv/lib/python3.10/site-packages/streamlit/watcher/local_sources_watcher.py", line 340, in get_module_paths
    potential_paths = extract_paths(module)
  File "/home/sachit/Documents/VSCProjects/optimiseGEO/venv/lib/python3.10/site-packages/streamlit/watcher/local_sources_watcher.py", line 327, in <lambda>
    if hasattr(m, "__path__")
  File "/home/sachit/Documents/VSCProjects/optimiseGEO/venv/lib/python3.10/site-packages/transformers/__init__.py", line 862, in _getattr
    return getattr(importlib.import_module(target, __name__), name)
  File "/usr/lib/python3.10/importlib/__init__.py", line 126, in import_module
    return _bootstrap._gcd_import(name[level:], package, level)
  File "<frozen importlib._bootstrap>", line 1050, in _gcd_import
  File "<frozen importlib._bootstrap>", line 1027, in _find_and_load
  File "<frozen importlib._bootstrap>", line 1006, in _find_and_load_unlocked
  File "<frozen importlib._bootstrap>", line 688, in _load_unlocked
  File "<frozen importlib._bootstrap_external>", line 883, in exec_module
  File "<frozen importlib._bootstrap>", line 241, in _call_with_frames_removed
  File "/home/sachit/Documents/VSCProjects/optimiseGEO/venv/lib/python3.10/site-packages/transformers/models/pp_doclayout_v3/image_processing_pp_doclayout_v3.py", line 24, in <module>
    from torchvision.transforms.v2 import functional as tvF
ModuleNotFoundError: No module named 'torchvision'
2026-07-29 20:21:44.812 Examining the path of transformers.models.pp_formulanet.image_processing_pp_formulanet_fast raised:
Traceback (most recent call last):
  File "/home/sachit/Documents/VSCProjects/optimiseGEO/venv/lib/python3.10/site-packages/streamlit/watcher/local_sources_watcher.py", line 340, in get_module_paths
    potential_paths = extract_paths(module)
  File "/home/sachit/Documents/VSCProjects/optimiseGEO/venv/lib/python3.10/site-packages/streamlit/watcher/local_sources_watcher.py", line 327, in <lambda>
    if hasattr(m, "__path__")
  File "/home/sachit/Documents/VSCProjects/optimiseGEO/venv/lib/python3.10/site-packages/transformers/__init__.py", line 862, in _getattr
    return getattr(importlib.import_module(target, __name__), name)
  File "/usr/lib/python3.10/importlib/__init__.py", line 126, in import_module
    return _bootstrap._gcd_import(name[level:], package, level)
  File "<frozen importlib._bootstrap>", line 1050, in _gcd_import
  File "<frozen importlib._bootstrap>", line 1027, in _find_and_load
  File "<frozen importlib._bootstrap>", line 1006, in _find_and_load_unlocked
  File "<frozen importlib._bootstrap>", line 688, in _load_unlocked
  File "<frozen importlib._bootstrap_external>", line 883, in exec_module
  File "<frozen importlib._bootstrap>", line 241, in _call_with_frames_removed
  File "/home/sachit/Documents/VSCProjects/optimiseGEO/venv/lib/python3.10/site-packages/transformers/models/pp_formulanet/image_processing_pp_formulanet.py", line 23, in <module>
    from torchvision.transforms.v2 import functional as tvF
ModuleNotFoundError: No module named 'torchvision'
2026-07-29 20:21:44.812 Examining the path of transformers.models.pp_lcnet.image_processing_pp_lcnet_fast raised:
Traceback (most recent call last):
  File "/home/sachit/Documents/VSCProjects/optimiseGEO/venv/lib/python3.10/site-packages/streamlit/watcher/local_sources_watcher.py", line 340, in get_module_paths
    potential_paths = extract_paths(module)
  File "/home/sachit/Documents/VSCProjects/optimiseGEO/venv/lib/python3.10/site-packages/streamlit/watcher/local_sources_watcher.py", line 327, in <lambda>
    if hasattr(m, "__path__")
  File "/home/sachit/Documents/VSCProjects/optimiseGEO/venv/lib/python3.10/site-packages/transformers/__init__.py", line 862, in _getattr
    return getattr(importlib.import_module(target, __name__), name)
  File "/usr/lib/python3.10/importlib/__init__.py", line 126, in import_module
    return _bootstrap._gcd_import(name[level:], package, level)
  File "<frozen importlib._bootstrap>", line 1050, in _gcd_import
  File "<frozen importlib._bootstrap>", line 1027, in _find_and_load
  File "<frozen importlib._bootstrap>", line 1006, in _find_and_load_unlocked
  File "<frozen importlib._bootstrap>", line 688, in _load_unlocked
  File "<frozen importlib._bootstrap_external>", line 883, in exec_module
  File "<frozen importlib._bootstrap>", line 241, in _call_with_frames_removed
  File "/home/sachit/Documents/VSCProjects/optimiseGEO/venv/lib/python3.10/site-packages/transformers/models/pp_lcnet/image_processing_pp_lcnet.py", line 24, in <module>
    import torchvision.transforms.v2.functional as tvF
ModuleNotFoundError: No module named 'torchvision'
2026-07-29 20:21:44.813 Examining the path of transformers.models.pp_ocrv5_server_det.image_processing_pp_ocrv5_server_det_fast raised:
Traceback (most recent call last):
  File "/home/sachit/Documents/VSCProjects/optimiseGEO/venv/lib/python3.10/site-packages/streamlit/watcher/local_sources_watcher.py", line 340, in get_module_paths
    potential_paths = extract_paths(module)
  File "/home/sachit/Documents/VSCProjects/optimiseGEO/venv/lib/python3.10/site-packages/streamlit/watcher/local_sources_watcher.py", line 327, in <lambda>
    if hasattr(m, "__path__")
  File "/home/sachit/Documents/VSCProjects/optimiseGEO/venv/lib/python3.10/site-packages/transformers/__init__.py", line 862, in _getattr
    return getattr(importlib.import_module(target, __name__), name)
  File "/usr/lib/python3.10/importlib/__init__.py", line 126, in import_module
    return _bootstrap._gcd_import(name[level:], package, level)
  File "<frozen importlib._bootstrap>", line 1050, in _gcd_import
  File "<frozen importlib._bootstrap>", line 1027, in _find_and_load
  File "<frozen importlib._bootstrap>", line 1006, in _find_and_load_unlocked
  File "<frozen importlib._bootstrap>", line 688, in _load_unlocked
  File "<frozen importlib._bootstrap_external>", line 883, in exec_module
  File "<frozen importlib._bootstrap>", line 241, in _call_with_frames_removed
  File "/home/sachit/Documents/VSCProjects/optimiseGEO/venv/lib/python3.10/site-packages/transformers/models/pp_ocrv5_server_det/image_processing_pp_ocrv5_server_det.py", line 25, in <module>
    import torchvision.transforms.v2.functional as tvF
ModuleNotFoundError: No module named 'torchvision'
2026-07-29 20:21:44.814 Examining the path of transformers.models.pp_ocrv5_server_rec.image_processing_pp_ocrv5_server_rec_fast raised:
Traceback (most recent call last):
  File "/home/sachit/Documents/VSCProjects/optimiseGEO/venv/lib/python3.10/site-packages/streamlit/watcher/local_sources_watcher.py", line 340, in get_module_paths
    potential_paths = extract_paths(module)
  File "/home/sachit/Documents/VSCProjects/optimiseGEO/venv/lib/python3.10/site-packages/streamlit/watcher/local_sources_watcher.py", line 327, in <lambda>
    if hasattr(m, "__path__")
  File "/home/sachit/Documents/VSCProjects/optimiseGEO/venv/lib/python3.10/site-packages/transformers/__init__.py", line 862, in _getattr
    return getattr(importlib.import_module(target, __name__), name)
  File "/usr/lib/python3.10/importlib/__init__.py", line 126, in import_module
    return _bootstrap._gcd_import(name[level:], package, level)
  File "<frozen importlib._bootstrap>", line 1050, in _gcd_import
  File "<frozen importlib._bootstrap>", line 1027, in _find_and_load
  File "<frozen importlib._bootstrap>", line 1006, in _find_and_load_unlocked
  File "<frozen importlib._bootstrap>", line 688, in _load_unlocked
  File "<frozen importlib._bootstrap_external>", line 883, in exec_module
  File "<frozen importlib._bootstrap>", line 241, in _call_with_frames_removed
  File "/home/sachit/Documents/VSCProjects/optimiseGEO/venv/lib/python3.10/site-packages/transformers/models/pp_ocrv5_server_rec/image_processing_pp_ocrv5_server_rec.py", line 24, in <module>
    import torchvision.transforms.v2.functional as tvF
ModuleNotFoundError: No module named 'torchvision'
2026-07-29 20:21:44.814 Examining the path of transformers.models.pp_ocrv6_small_rec.image_processing_pp_ocrv6_small_rec_fast raised:
Traceback (most recent call last):
  File "/home/sachit/Documents/VSCProjects/optimiseGEO/venv/lib/python3.10/site-packages/streamlit/watcher/local_sources_watcher.py", line 340, in get_module_paths
    potential_paths = extract_paths(module)
  File "/home/sachit/Documents/VSCProjects/optimiseGEO/venv/lib/python3.10/site-packages/streamlit/watcher/local_sources_watcher.py", line 327, in <lambda>
    if hasattr(m, "__path__")
  File "/home/sachit/Documents/VSCProjects/optimiseGEO/venv/lib/python3.10/site-packages/transformers/__init__.py", line 862, in _getattr
    return getattr(importlib.import_module(target, __name__), name)
  File "/usr/lib/python3.10/importlib/__init__.py", line 126, in import_module
    return _bootstrap._gcd_import(name[level:], package, level)
  File "<frozen importlib._bootstrap>", line 1050, in _gcd_import
  File "<frozen importlib._bootstrap>", line 1027, in _find_and_load
  File "<frozen importlib._bootstrap>", line 1006, in _find_and_load_unlocked
  File "<frozen importlib._bootstrap>", line 688, in _load_unlocked
  File "<frozen importlib._bootstrap_external>", line 883, in exec_module
  File "<frozen importlib._bootstrap>", line 241, in _call_with_frames_removed
  File "/home/sachit/Documents/VSCProjects/optimiseGEO/venv/lib/python3.10/site-packages/transformers/models/pp_ocrv6_small_rec/image_processing_pp_ocrv6_small_rec.py", line 24, in <module>
    import torchvision.transforms.v2.functional as tvF
ModuleNotFoundError: No module named 'torchvision'
2026-07-29 20:21:44.815 Examining the path of transformers.models.prompt_depth_anything.image_processing_prompt_depth_anything_fast raised:
Traceback (most recent call last):
  File "/home/sachit/Documents/VSCProjects/optimiseGEO/venv/lib/python3.10/site-packages/streamlit/watcher/local_sources_watcher.py", line 340, in get_module_paths
    potential_paths = extract_paths(module)
  File "/home/sachit/Documents/VSCProjects/optimiseGEO/venv/lib/python3.10/site-packages/streamlit/watcher/local_sources_watcher.py", line 327, in <lambda>
    if hasattr(m, "__path__")
  File "/home/sachit/Documents/VSCProjects/optimiseGEO/venv/lib/python3.10/site-packages/transformers/__init__.py", line 862, in _getattr
    return getattr(importlib.import_module(target, __name__), name)
  File "/usr/lib/python3.10/importlib/__init__.py", line 126, in import_module
    return _bootstrap._gcd_import(name[level:], package, level)
  File "<frozen importlib._bootstrap>", line 1050, in _gcd_import
  File "<frozen importlib._bootstrap>", line 1027, in _find_and_load
  File "<frozen importlib._bootstrap>", line 1006, in _find_and_load_unlocked
  File "<frozen importlib._bootstrap>", line 688, in _load_unlocked
  File "<frozen importlib._bootstrap_external>", line 883, in exec_module
  File "<frozen importlib._bootstrap>", line 241, in _call_with_frames_removed
  File "/home/sachit/Documents/VSCProjects/optimiseGEO/venv/lib/python3.10/site-packages/transformers/models/prompt_depth_anything/image_processing_prompt_depth_anything.py", line 42, in <module>
    from torchvision.transforms.v2 import functional as tvF
ModuleNotFoundError: No module named 'torchvision'
2026-07-29 20:21:44.815 Examining the path of transformers.models.qwen2_vl.image_processing_qwen2_vl_fast raised:
Traceback (most recent call last):
  File "/home/sachit/Documents/VSCProjects/optimiseGEO/venv/lib/python3.10/site-packages/streamlit/watcher/local_sources_watcher.py", line 340, in get_module_paths
    potential_paths = extract_paths(module)
  File "/home/sachit/Documents/VSCProjects/optimiseGEO/venv/lib/python3.10/site-packages/streamlit/watcher/local_sources_watcher.py", line 327, in <lambda>
    if hasattr(m, "__path__")
  File "/home/sachit/Documents/VSCProjects/optimiseGEO/venv/lib/python3.10/site-packages/transformers/__init__.py", line 862, in _getattr
    return getattr(importlib.import_module(target, __name__), name)
  File "/usr/lib/python3.10/importlib/__init__.py", line 126, in import_module
    return _bootstrap._gcd_import(name[level:], package, level)
  File "<frozen importlib._bootstrap>", line 1050, in _gcd_import
  File "<frozen importlib._bootstrap>", line 1027, in _find_and_load
  File "<frozen importlib._bootstrap>", line 1006, in _find_and_load_unlocked
  File "<frozen importlib._bootstrap>", line 688, in _load_unlocked
  File "<frozen importlib._bootstrap_external>", line 883, in exec_module
  File "<frozen importlib._bootstrap>", line 241, in _call_with_frames_removed
  File "/home/sachit/Documents/VSCProjects/optimiseGEO/venv/lib/python3.10/site-packages/transformers/models/qwen2_vl/image_processing_qwen2_vl.py", line 25, in <module>
    from torchvision.transforms.v2 import functional as tvF
ModuleNotFoundError: No module named 'torchvision'
2026-07-29 20:21:44.816 Examining the path of transformers.models.rf_detr.image_processing_rf_detr_fast raised:
Traceback (most recent call last):
  File "/home/sachit/Documents/VSCProjects/optimiseGEO/venv/lib/python3.10/site-packages/streamlit/watcher/local_sources_watcher.py", line 340, in get_module_paths
    potential_paths = extract_paths(module)
  File "/home/sachit/Documents/VSCProjects/optimiseGEO/venv/lib/python3.10/site-packages/streamlit/watcher/local_sources_watcher.py", line 327, in <lambda>
    if hasattr(m, "__path__")
  File "/home/sachit/Documents/VSCProjects/optimiseGEO/venv/lib/python3.10/site-packages/transformers/__init__.py", line 862, in _getattr
    return getattr(importlib.import_module(target, __name__), name)
  File "/usr/lib/python3.10/importlib/__init__.py", line 126, in import_module
    return _bootstrap._gcd_import(name[level:], package, level)
  File "<frozen importlib._bootstrap>", line 1050, in _gcd_import
  File "<frozen importlib._bootstrap>", line 1027, in _find_and_load
  File "<frozen importlib._bootstrap>", line 1006, in _find_and_load_unlocked
  File "<frozen importlib._bootstrap>", line 688, in _load_unlocked
  File "<frozen importlib._bootstrap_external>", line 883, in exec_module
  File "<frozen importlib._bootstrap>", line 241, in _call_with_frames_removed
  File "/home/sachit/Documents/VSCProjects/optimiseGEO/venv/lib/python3.10/site-packages/transformers/models/rf_detr/image_processing_rf_detr.py", line 26, in <module>
    from torchvision.transforms.v2 import functional as tvF
ModuleNotFoundError: No module named 'torchvision'
2026-07-29 20:21:44.816 Examining the path of transformers.models.rt_detr.image_processing_rt_detr_fast raised:
Traceback (most recent call last):
  File "/home/sachit/Documents/VSCProjects/optimiseGEO/venv/lib/python3.10/site-packages/streamlit/watcher/local_sources_watcher.py", line 340, in get_module_paths
    potential_paths = extract_paths(module)
  File "/home/sachit/Documents/VSCProjects/optimiseGEO/venv/lib/python3.10/site-packages/streamlit/watcher/local_sources_watcher.py", line 327, in <lambda>
    if hasattr(m, "__path__")
  File "/home/sachit/Documents/VSCProjects/optimiseGEO/venv/lib/python3.10/site-packages/transformers/__init__.py", line 862, in _getattr
    return getattr(importlib.import_module(target, __name__), name)
  File "/usr/lib/python3.10/importlib/__init__.py", line 126, in import_module
    return _bootstrap._gcd_import(name[level:], package, level)
  File "<frozen importlib._bootstrap>", line 1050, in _gcd_import
  File "<frozen importlib._bootstrap>", line 1027, in _find_and_load
  File "<frozen importlib._bootstrap>", line 1006, in _find_and_load_unlocked
  File "<frozen importlib._bootstrap>", line 688, in _load_unlocked
  File "<frozen importlib._bootstrap_external>", line 883, in exec_module
  File "<frozen importlib._bootstrap>", line 241, in _call_with_frames_removed
  File "/home/sachit/Documents/VSCProjects/optimiseGEO/venv/lib/python3.10/site-packages/transformers/models/rt_detr/image_processing_rt_detr.py", line 24, in <module>
    from torchvision.transforms.v2 import functional as tvF
ModuleNotFoundError: No module named 'torchvision'
2026-07-29 20:21:44.817 Examining the path of transformers.models.sam.image_processing_sam_fast raised:
Traceback (most recent call last):
  File "/home/sachit/Documents/VSCProjects/optimiseGEO/venv/lib/python3.10/site-packages/streamlit/watcher/local_sources_watcher.py", line 340, in get_module_paths
    potential_paths = extract_paths(module)
  File "/home/sachit/Documents/VSCProjects/optimiseGEO/venv/lib/python3.10/site-packages/streamlit/watcher/local_sources_watcher.py", line 327, in <lambda>
    if hasattr(m, "__path__")
  File "/home/sachit/Documents/VSCProjects/optimiseGEO/venv/lib/python3.10/site-packages/transformers/__init__.py", line 862, in _getattr
    return getattr(importlib.import_module(target, __name__), name)
  File "/usr/lib/python3.10/importlib/__init__.py", line 126, in import_module
    return _bootstrap._gcd_import(name[level:], package, level)
  File "<frozen importlib._bootstrap>", line 1050, in _gcd_import
  File "<frozen importlib._bootstrap>", line 1027, in _find_and_load
  File "<frozen importlib._bootstrap>", line 1006, in _find_and_load_unlocked
  File "<frozen importlib._bootstrap>", line 688, in _load_unlocked
  File "<frozen importlib._bootstrap_external>", line 883, in exec_module
  File "<frozen importlib._bootstrap>", line 241, in _call_with_frames_removed
  File "/home/sachit/Documents/VSCProjects/optimiseGEO/venv/lib/python3.10/site-packages/transformers/models/sam/image_processing_sam.py", line 25, in <module>
    from torchvision.ops.boxes import batched_nms
ModuleNotFoundError: No module named 'torchvision'
2026-07-29 20:21:44.818 Examining the path of transformers.models.sam2.image_processing_sam2_fast raised:
Traceback (most recent call last):
  File "/home/sachit/Documents/VSCProjects/optimiseGEO/venv/lib/python3.10/site-packages/streamlit/watcher/local_sources_watcher.py", line 340, in get_module_paths
    potential_paths = extract_paths(module)
  File "/home/sachit/Documents/VSCProjects/optimiseGEO/venv/lib/python3.10/site-packages/streamlit/watcher/local_sources_watcher.py", line 327, in <lambda>
    if hasattr(m, "__path__")
  File "/home/sachit/Documents/VSCProjects/optimiseGEO/venv/lib/python3.10/site-packages/transformers/__init__.py", line 862, in _getattr
    return getattr(importlib.import_module(target, __name__), name)
  File "/usr/lib/python3.10/importlib/__init__.py", line 126, in import_module
    return _bootstrap._gcd_import(name[level:], package, level)
  File "<frozen importlib._bootstrap>", line 1050, in _gcd_import
  File "<frozen importlib._bootstrap>", line 1027, in _find_and_load
  File "<frozen importlib._bootstrap>", line 1006, in _find_and_load_unlocked
  File "<frozen importlib._bootstrap>", line 688, in _load_unlocked
  File "<frozen importlib._bootstrap_external>", line 883, in exec_module
  File "<frozen importlib._bootstrap>", line 241, in _call_with_frames_removed
  File "/home/sachit/Documents/VSCProjects/optimiseGEO/venv/lib/python3.10/site-packages/transformers/models/sam2/image_processing_sam2.py", line 28, in <module>
    from torchvision.ops.boxes import batched_nms
ModuleNotFoundError: No module named 'torchvision'
2026-07-29 20:21:44.818 Examining the path of transformers.models.sam3.image_processing_sam3_fast raised:
Traceback (most recent call last):
  File "/home/sachit/Documents/VSCProjects/optimiseGEO/venv/lib/python3.10/site-packages/streamlit/watcher/local_sources_watcher.py", line 340, in get_module_paths
    potential_paths = extract_paths(module)
  File "/home/sachit/Documents/VSCProjects/optimiseGEO/venv/lib/python3.10/site-packages/streamlit/watcher/local_sources_watcher.py", line 327, in <lambda>
    if hasattr(m, "__path__")
  File "/home/sachit/Documents/VSCProjects/optimiseGEO/venv/lib/python3.10/site-packages/transformers/__init__.py", line 862, in _getattr
    return getattr(importlib.import_module(target, __name__), name)
  File "/usr/lib/python3.10/importlib/__init__.py", line 126, in import_module
    return _bootstrap._gcd_import(name[level:], package, level)
  File "<frozen importlib._bootstrap>", line 1050, in _gcd_import
  File "<frozen importlib._bootstrap>", line 1027, in _find_and_load
  File "<frozen importlib._bootstrap>", line 1006, in _find_and_load_unlocked
  File "<frozen importlib._bootstrap>", line 688, in _load_unlocked
  File "<frozen importlib._bootstrap_external>", line 883, in exec_module
  File "<frozen importlib._bootstrap>", line 241, in _call_with_frames_removed
  File "/home/sachit/Documents/VSCProjects/optimiseGEO/venv/lib/python3.10/site-packages/transformers/models/sam3/image_processing_sam3.py", line 30, in <module>
    from torchvision.ops.boxes import batched_nms
ModuleNotFoundError: No module named 'torchvision'
2026-07-29 20:21:44.819 Examining the path of transformers.models.sapiens2.image_processing_sapiens2_fast raised:
Traceback (most recent call last):
  File "/home/sachit/Documents/VSCProjects/optimiseGEO/venv/lib/python3.10/site-packages/streamlit/watcher/local_sources_watcher.py", line 340, in get_module_paths
    potential_paths = extract_paths(module)
  File "/home/sachit/Documents/VSCProjects/optimiseGEO/venv/lib/python3.10/site-packages/streamlit/watcher/local_sources_watcher.py", line 327, in <lambda>
    if hasattr(m, "__path__")
  File "/home/sachit/Documents/VSCProjects/optimiseGEO/venv/lib/python3.10/site-packages/transformers/__init__.py", line 862, in _getattr
    return getattr(importlib.import_module(target, __name__), name)
  File "/usr/lib/python3.10/importlib/__init__.py", line 126, in import_module
    return _bootstrap._gcd_import(name[level:], package, level)
  File "<frozen importlib._bootstrap>", line 1050, in _gcd_import
  File "<frozen importlib._bootstrap>", line 1027, in _find_and_load
  File "<frozen importlib._bootstrap>", line 1006, in _find_and_load_unlocked
  File "<frozen importlib._bootstrap>", line 688, in _load_unlocked
  File "<frozen importlib._bootstrap_external>", line 883, in exec_module
  File "<frozen importlib._bootstrap>", line 241, in _call_with_frames_removed
  File "/home/sachit/Documents/VSCProjects/optimiseGEO/venv/lib/python3.10/site-packages/transformers/models/sapiens2/image_processing_sapiens2.py", line 23, in <module>
    from torchvision.transforms.v2 import functional as tvF
ModuleNotFoundError: No module named 'torchvision'
2026-07-29 20:21:44.819 Examining the path of transformers.models.segformer.image_processing_segformer_fast raised:
Traceback (most recent call last):
  File "/home/sachit/Documents/VSCProjects/optimiseGEO/venv/lib/python3.10/site-packages/streamlit/watcher/local_sources_watcher.py", line 340, in get_module_paths
    potential_paths = extract_paths(module)
  File "/home/sachit/Documents/VSCProjects/optimiseGEO/venv/lib/python3.10/site-packages/streamlit/watcher/local_sources_watcher.py", line 327, in <lambda>
    if hasattr(m, "__path__")
  File "/home/sachit/Documents/VSCProjects/optimiseGEO/venv/lib/python3.10/site-packages/transformers/__init__.py", line 862, in _getattr
    return getattr(importlib.import_module(target, __name__), name)
  File "/usr/lib/python3.10/importlib/__init__.py", line 126, in import_module
    return _bootstrap._gcd_import(name[level:], package, level)
  File "<frozen importlib._bootstrap>", line 1050, in _gcd_import
  File "<frozen importlib._bootstrap>", line 1027, in _find_and_load
  File "<frozen importlib._bootstrap>", line 1006, in _find_and_load_unlocked
  File "<frozen importlib._bootstrap>", line 688, in _load_unlocked
  File "<frozen importlib._bootstrap_external>", line 883, in exec_module
  File "<frozen importlib._bootstrap>", line 241, in _call_with_frames_removed
  File "/home/sachit/Documents/VSCProjects/optimiseGEO/venv/lib/python3.10/site-packages/transformers/models/segformer/image_processing_segformer.py", line 25, in <module>
    import torchvision.transforms.v2.functional as tvF
ModuleNotFoundError: No module named 'torchvision'
2026-07-29 20:21:44.820 Examining the path of transformers.models.seggpt.image_processing_seggpt_fast raised:
Traceback (most recent call last):
  File "/home/sachit/Documents/VSCProjects/optimiseGEO/venv/lib/python3.10/site-packages/streamlit/watcher/local_sources_watcher.py", line 340, in get_module_paths
    potential_paths = extract_paths(module)
  File "/home/sachit/Documents/VSCProjects/optimiseGEO/venv/lib/python3.10/site-packages/streamlit/watcher/local_sources_watcher.py", line 327, in <lambda>
    if hasattr(m, "__path__")
  File "/home/sachit/Documents/VSCProjects/optimiseGEO/venv/lib/python3.10/site-packages/transformers/__init__.py", line 862, in _getattr
    return getattr(importlib.import_module(target, __name__), name)
  File "/usr/lib/python3.10/importlib/__init__.py", line 126, in import_module
    return _bootstrap._gcd_import(name[level:], package, level)
  File "<frozen importlib._bootstrap>", line 1050, in _gcd_import
  File "<frozen importlib._bootstrap>", line 1027, in _find_and_load
  File "<frozen importlib._bootstrap>", line 1006, in _find_and_load_unlocked
  File "<frozen importlib._bootstrap>", line 688, in _load_unlocked
  File "<frozen importlib._bootstrap_external>", line 883, in exec_module
  File "<frozen importlib._bootstrap>", line 241, in _call_with_frames_removed
  File "/home/sachit/Documents/VSCProjects/optimiseGEO/venv/lib/python3.10/site-packages/transformers/models/seggpt/image_processing_seggpt.py", line 20, in <module>
    from torchvision.transforms.v2 import functional as tvF
ModuleNotFoundError: No module named 'torchvision'
2026-07-29 20:21:44.821 Examining the path of transformers.models.siglip2.image_processing_siglip2_fast raised:
Traceback (most recent call last):
  File "/home/sachit/Documents/VSCProjects/optimiseGEO/venv/lib/python3.10/site-packages/streamlit/watcher/local_sources_watcher.py", line 340, in get_module_paths
    potential_paths = extract_paths(module)
  File "/home/sachit/Documents/VSCProjects/optimiseGEO/venv/lib/python3.10/site-packages/streamlit/watcher/local_sources_watcher.py", line 327, in <lambda>
    if hasattr(m, "__path__")
  File "/home/sachit/Documents/VSCProjects/optimiseGEO/venv/lib/python3.10/site-packages/transformers/__init__.py", line 862, in _getattr
    return getattr(importlib.import_module(target, __name__), name)
  File "/usr/lib/python3.10/importlib/__init__.py", line 126, in import_module
    return _bootstrap._gcd_import(name[level:], package, level)
  File "<frozen importlib._bootstrap>", line 1050, in _gcd_import
  File "<frozen importlib._bootstrap>", line 1027, in _find_and_load
  File "<frozen importlib._bootstrap>", line 1006, in _find_and_load_unlocked
  File "<frozen importlib._bootstrap>", line 688, in _load_unlocked
  File "<frozen importlib._bootstrap_external>", line 883, in exec_module
  File "<frozen importlib._bootstrap>", line 241, in _call_with_frames_removed
  File "/home/sachit/Documents/VSCProjects/optimiseGEO/venv/lib/python3.10/site-packages/transformers/models/siglip2/image_processing_siglip2.py", line 17, in <module>
    from torchvision.transforms.v2 import functional as tvF
ModuleNotFoundError: No module named 'torchvision'
2026-07-29 20:21:44.821 Examining the path of transformers.models.slanext.image_processing_slanext_fast raised:
Traceback (most recent call last):
  File "/home/sachit/Documents/VSCProjects/optimiseGEO/venv/lib/python3.10/site-packages/streamlit/watcher/local_sources_watcher.py", line 340, in get_module_paths
    potential_paths = extract_paths(module)
  File "/home/sachit/Documents/VSCProjects/optimiseGEO/venv/lib/python3.10/site-packages/streamlit/watcher/local_sources_watcher.py", line 327, in <lambda>
    if hasattr(m, "__path__")
  File "/home/sachit/Documents/VSCProjects/optimiseGEO/venv/lib/python3.10/site-packages/transformers/__init__.py", line 862, in _getattr
    return getattr(importlib.import_module(target, __name__), name)
  File "/usr/lib/python3.10/importlib/__init__.py", line 126, in import_module
    return _bootstrap._gcd_import(name[level:], package, level)
  File "<frozen importlib._bootstrap>", line 1050, in _gcd_import
  File "<frozen importlib._bootstrap>", line 1027, in _find_and_load
  File "<frozen importlib._bootstrap>", line 1006, in _find_and_load_unlocked
  File "<frozen importlib._bootstrap>", line 688, in _load_unlocked
  File "<frozen importlib._bootstrap_external>", line 883, in exec_module
  File "<frozen importlib._bootstrap>", line 241, in _call_with_frames_removed
  File "/home/sachit/Documents/VSCProjects/optimiseGEO/venv/lib/python3.10/site-packages/transformers/models/slanext/image_processing_slanext.py", line 23, in <module>
    import torchvision.transforms.v2.functional as tvF
ModuleNotFoundError: No module named 'torchvision'
2026-07-29 20:21:44.822 Examining the path of transformers.models.smolvlm.image_processing_smolvlm_fast raised:
Traceback (most recent call last):
  File "/home/sachit/Documents/VSCProjects/optimiseGEO/venv/lib/python3.10/site-packages/streamlit/watcher/local_sources_watcher.py", line 340, in get_module_paths
    potential_paths = extract_paths(module)
  File "/home/sachit/Documents/VSCProjects/optimiseGEO/venv/lib/python3.10/site-packages/streamlit/watcher/local_sources_watcher.py", line 327, in <lambda>
    if hasattr(m, "__path__")
  File "/home/sachit/Documents/VSCProjects/optimiseGEO/venv/lib/python3.10/site-packages/transformers/__init__.py", line 862, in _getattr
    return getattr(importlib.import_module(target, __name__), name)
  File "/usr/lib/python3.10/importlib/__init__.py", line 126, in import_module
    return _bootstrap._gcd_import(name[level:], package, level)
  File "<frozen importlib._bootstrap>", line 1050, in _gcd_import
  File "<frozen importlib._bootstrap>", line 1027, in _find_and_load
  File "<frozen importlib._bootstrap>", line 1006, in _find_and_load_unlocked
  File "<frozen importlib._bootstrap>", line 688, in _load_unlocked
  File "<frozen importlib._bootstrap_external>", line 883, in exec_module
  File "<frozen importlib._bootstrap>", line 241, in _call_with_frames_removed
  File "/home/sachit/Documents/VSCProjects/optimiseGEO/venv/lib/python3.10/site-packages/transformers/models/smolvlm/image_processing_smolvlm.py", line 27, in <module>
    from torchvision.transforms.v2 import functional as tvF
ModuleNotFoundError: No module named 'torchvision'
2026-07-29 20:21:44.823 Examining the path of transformers.models.superglue.image_processing_superglue_fast raised:
Traceback (most recent call last):
  File "/home/sachit/Documents/VSCProjects/optimiseGEO/venv/lib/python3.10/site-packages/streamlit/watcher/local_sources_watcher.py", line 340, in get_module_paths
    potential_paths = extract_paths(module)
  File "/home/sachit/Documents/VSCProjects/optimiseGEO/venv/lib/python3.10/site-packages/streamlit/watcher/local_sources_watcher.py", line 327, in <lambda>
    if hasattr(m, "__path__")
  File "/home/sachit/Documents/VSCProjects/optimiseGEO/venv/lib/python3.10/site-packages/transformers/__init__.py", line 862, in _getattr
    return getattr(importlib.import_module(target, __name__), name)
  File "/usr/lib/python3.10/importlib/__init__.py", line 126, in import_module
    return _bootstrap._gcd_import(name[level:], package, level)
  File "<frozen importlib._bootstrap>", line 1050, in _gcd_import
  File "<frozen importlib._bootstrap>", line 1027, in _find_and_load
  File "<frozen importlib._bootstrap>", line 1006, in _find_and_load_unlocked
  File "<frozen importlib._bootstrap>", line 688, in _load_unlocked
  File "<frozen importlib._bootstrap_external>", line 883, in exec_module
  File "<frozen importlib._bootstrap>", line 241, in _call_with_frames_removed
  File "/home/sachit/Documents/VSCProjects/optimiseGEO/venv/lib/python3.10/site-packages/transformers/models/superglue/image_processing_superglue.py", line 47, in <module>
    from torchvision.transforms.v2 import functional as tvF
ModuleNotFoundError: No module named 'torchvision'
2026-07-29 20:21:44.823 Examining the path of transformers.models.superpoint.image_processing_superpoint_fast raised:
Traceback (most recent call last):
  File "/home/sachit/Documents/VSCProjects/optimiseGEO/venv/lib/python3.10/site-packages/streamlit/watcher/local_sources_watcher.py", line 340, in get_module_paths
    potential_paths = extract_paths(module)
  File "/home/sachit/Documents/VSCProjects/optimiseGEO/venv/lib/python3.10/site-packages/streamlit/watcher/local_sources_watcher.py", line 327, in <lambda>
    if hasattr(m, "__path__")
  File "/home/sachit/Documents/VSCProjects/optimiseGEO/venv/lib/python3.10/site-packages/transformers/__init__.py", line 862, in _getattr
    return getattr(importlib.import_module(target, __name__), name)
  File "/usr/lib/python3.10/importlib/__init__.py", line 126, in import_module
    return _bootstrap._gcd_import(name[level:], package, level)
  File "<frozen importlib._bootstrap>", line 1050, in _gcd_import
  File "<frozen importlib._bootstrap>", line 1027, in _find_and_load
  File "<frozen importlib._bootstrap>", line 1006, in _find_and_load_unlocked
  File "<frozen importlib._bootstrap>", line 688, in _load_unlocked
  File "<frozen importlib._bootstrap_external>", line 883, in exec_module
  File "<frozen importlib._bootstrap>", line 241, in _call_with_frames_removed
  File "/home/sachit/Documents/VSCProjects/optimiseGEO/venv/lib/python3.10/site-packages/transformers/models/superpoint/image_processing_superpoint.py", line 31, in <module>
    from torchvision.transforms.v2 import functional as tvF
ModuleNotFoundError: No module named 'torchvision'
2026-07-29 20:21:44.824 Examining the path of transformers.models.swin2sr.image_processing_swin2sr_fast raised:
Traceback (most recent call last):
  File "/home/sachit/Documents/VSCProjects/optimiseGEO/venv/lib/python3.10/site-packages/streamlit/watcher/local_sources_watcher.py", line 340, in get_module_paths
    potential_paths = extract_paths(module)
  File "/home/sachit/Documents/VSCProjects/optimiseGEO/venv/lib/python3.10/site-packages/streamlit/watcher/local_sources_watcher.py", line 327, in <lambda>
    if hasattr(m, "__path__")
  File "/home/sachit/Documents/VSCProjects/optimiseGEO/venv/lib/python3.10/site-packages/transformers/__init__.py", line 862, in _getattr
    return getattr(importlib.import_module(target, __name__), name)
  File "/usr/lib/python3.10/importlib/__init__.py", line 126, in import_module
    return _bootstrap._gcd_import(name[level:], package, level)
  File "<frozen importlib._bootstrap>", line 1050, in _gcd_import
  File "<frozen importlib._bootstrap>", line 1027, in _find_and_load
  File "<frozen importlib._bootstrap>", line 1006, in _find_and_load_unlocked
  File "<frozen importlib._bootstrap>", line 688, in _load_unlocked
  File "<frozen importlib._bootstrap_external>", line 883, in exec_module
  File "<frozen importlib._bootstrap>", line 241, in _call_with_frames_removed
  File "/home/sachit/Documents/VSCProjects/optimiseGEO/venv/lib/python3.10/site-packages/transformers/models/swin2sr/image_processing_swin2sr.py", line 17, in <module>
    from torchvision.transforms.v2 import functional as tvF
ModuleNotFoundError: No module named 'torchvision'
2026-07-29 20:21:44.825 Examining the path of transformers.models.textnet.image_processing_textnet_fast raised:
Traceback (most recent call last):
  File "/home/sachit/Documents/VSCProjects/optimiseGEO/venv/lib/python3.10/site-packages/streamlit/watcher/local_sources_watcher.py", line 340, in get_module_paths
    potential_paths = extract_paths(module)
  File "/home/sachit/Documents/VSCProjects/optimiseGEO/venv/lib/python3.10/site-packages/streamlit/watcher/local_sources_watcher.py", line 327, in <lambda>
    if hasattr(m, "__path__")
  File "/home/sachit/Documents/VSCProjects/optimiseGEO/venv/lib/python3.10/site-packages/transformers/__init__.py", line 862, in _getattr
    return getattr(importlib.import_module(target, __name__), name)
  File "/usr/lib/python3.10/importlib/__init__.py", line 126, in import_module
    return _bootstrap._gcd_import(name[level:], package, level)
  File "<frozen importlib._bootstrap>", line 1050, in _gcd_import
  File "<frozen importlib._bootstrap>", line 1027, in _find_and_load
  File "<frozen importlib._bootstrap>", line 1006, in _find_and_load_unlocked
  File "<frozen importlib._bootstrap>", line 688, in _load_unlocked
  File "<frozen importlib._bootstrap_external>", line 883, in exec_module
  File "<frozen importlib._bootstrap>", line 241, in _call_with_frames_removed
  File "/home/sachit/Documents/VSCProjects/optimiseGEO/venv/lib/python3.10/site-packages/transformers/models/textnet/image_processing_textnet.py", line 17, in <module>
    from torchvision.transforms.v2 import functional as tvF
ModuleNotFoundError: No module named 'torchvision'
2026-07-29 20:21:44.825 Examining the path of transformers.models.tvp.image_processing_tvp_fast raised:
Traceback (most recent call last):
  File "/home/sachit/Documents/VSCProjects/optimiseGEO/venv/lib/python3.10/site-packages/streamlit/watcher/local_sources_watcher.py", line 340, in get_module_paths
    potential_paths = extract_paths(module)
  File "/home/sachit/Documents/VSCProjects/optimiseGEO/venv/lib/python3.10/site-packages/streamlit/watcher/local_sources_watcher.py", line 327, in <lambda>
    if hasattr(m, "__path__")
  File "/home/sachit/Documents/VSCProjects/optimiseGEO/venv/lib/python3.10/site-packages/transformers/__init__.py", line 862, in _getattr
    return getattr(importlib.import_module(target, __name__), name)
  File "/usr/lib/python3.10/importlib/__init__.py", line 126, in import_module
    return _bootstrap._gcd_import(name[level:], package, level)
  File "<frozen importlib._bootstrap>", line 1050, in _gcd_import
  File "<frozen importlib._bootstrap>", line 1027, in _find_and_load
  File "<frozen importlib._bootstrap>", line 1006, in _find_and_load_unlocked
  File "<frozen importlib._bootstrap>", line 688, in _load_unlocked
  File "<frozen importlib._bootstrap_external>", line 883, in exec_module
  File "<frozen importlib._bootstrap>", line 241, in _call_with_frames_removed
  File "/home/sachit/Documents/VSCProjects/optimiseGEO/venv/lib/python3.10/site-packages/transformers/models/tvp/image_processing_tvp.py", line 17, in <module>
    from torchvision.transforms.v2 import functional as tvF
ModuleNotFoundError: No module named 'torchvision'
2026-07-29 20:21:44.826 Examining the path of transformers.models.videomae.image_processing_videomae_fast raised:
Traceback (most recent call last):
  File "/home/sachit/Documents/VSCProjects/optimiseGEO/venv/lib/python3.10/site-packages/streamlit/watcher/local_sources_watcher.py", line 340, in get_module_paths
    potential_paths = extract_paths(module)
  File "/home/sachit/Documents/VSCProjects/optimiseGEO/venv/lib/python3.10/site-packages/streamlit/watcher/local_sources_watcher.py", line 327, in <lambda>
    if hasattr(m, "__path__")
  File "/home/sachit/Documents/VSCProjects/optimiseGEO/venv/lib/python3.10/site-packages/transformers/__init__.py", line 862, in _getattr
    return getattr(importlib.import_module(target, __name__), name)
  File "/usr/lib/python3.10/importlib/__init__.py", line 126, in import_module
    return _bootstrap._gcd_import(name[level:], package, level)
  File "<frozen importlib._bootstrap>", line 1050, in _gcd_import
  File "<frozen importlib._bootstrap>", line 1027, in _find_and_load
  File "<frozen importlib._bootstrap>", line 1006, in _find_and_load_unlocked
  File "<frozen importlib._bootstrap>", line 688, in _load_unlocked
  File "<frozen importlib._bootstrap_external>", line 883, in exec_module
  File "<frozen importlib._bootstrap>", line 241, in _call_with_frames_removed
  File "/home/sachit/Documents/VSCProjects/optimiseGEO/venv/lib/python3.10/site-packages/transformers/models/videomae/image_processing_videomae.py", line 17, in <module>
    from torchvision.transforms.v2 import functional as tvF
ModuleNotFoundError: No module named 'torchvision'
2026-07-29 20:21:44.826 Examining the path of transformers.models.vilt.image_processing_vilt_fast raised:
Traceback (most recent call last):
  File "/home/sachit/Documents/VSCProjects/optimiseGEO/venv/lib/python3.10/site-packages/streamlit/watcher/local_sources_watcher.py", line 340, in get_module_paths
    potential_paths = extract_paths(module)
  File "/home/sachit/Documents/VSCProjects/optimiseGEO/venv/lib/python3.10/site-packages/streamlit/watcher/local_sources_watcher.py", line 327, in <lambda>
    if hasattr(m, "__path__")
  File "/home/sachit/Documents/VSCProjects/optimiseGEO/venv/lib/python3.10/site-packages/transformers/__init__.py", line 862, in _getattr
    return getattr(importlib.import_module(target, __name__), name)
  File "/usr/lib/python3.10/importlib/__init__.py", line 126, in import_module
    return _bootstrap._gcd_import(name[level:], package, level)
  File "<frozen importlib._bootstrap>", line 1050, in _gcd_import
  File "<frozen importlib._bootstrap>", line 1027, in _find_and_load
  File "<frozen importlib._bootstrap>", line 1006, in _find_and_load_unlocked
  File "<frozen importlib._bootstrap>", line 688, in _load_unlocked
  File "<frozen importlib._bootstrap_external>", line 883, in exec_module
  File "<frozen importlib._bootstrap>", line 241, in _call_with_frames_removed
  File "/home/sachit/Documents/VSCProjects/optimiseGEO/venv/lib/python3.10/site-packages/transformers/models/vilt/image_processing_vilt.py", line 17, in <module>
    from torchvision.transforms.v2 import functional as tvF
ModuleNotFoundError: No module named 'torchvision'
2026-07-29 20:21:44.827 Examining the path of transformers.models.vitmatte.image_processing_vitmatte_fast raised:
Traceback (most recent call last):
  File "/home/sachit/Documents/VSCProjects/optimiseGEO/venv/lib/python3.10/site-packages/streamlit/watcher/local_sources_watcher.py", line 340, in get_module_paths
    potential_paths = extract_paths(module)
  File "/home/sachit/Documents/VSCProjects/optimiseGEO/venv/lib/python3.10/site-packages/streamlit/watcher/local_sources_watcher.py", line 327, in <lambda>
    if hasattr(m, "__path__")
  File "/home/sachit/Documents/VSCProjects/optimiseGEO/venv/lib/python3.10/site-packages/transformers/__init__.py", line 862, in _getattr
    return getattr(importlib.import_module(target, __name__), name)
  File "/usr/lib/python3.10/importlib/__init__.py", line 126, in import_module
    return _bootstrap._gcd_import(name[level:], package, level)
  File "<frozen importlib._bootstrap>", line 1050, in _gcd_import
  File "<frozen importlib._bootstrap>", line 1027, in _find_and_load
  File "<frozen importlib._bootstrap>", line 1006, in _find_and_load_unlocked
  File "<frozen importlib._bootstrap>", line 688, in _load_unlocked
  File "<frozen importlib._bootstrap_external>", line 883, in exec_module
  File "<frozen importlib._bootstrap>", line 241, in _call_with_frames_removed
  File "/home/sachit/Documents/VSCProjects/optimiseGEO/venv/lib/python3.10/site-packages/transformers/models/vitmatte/image_processing_vitmatte.py", line 19, in <module>
    from torchvision.transforms.v2 import functional as tvF
ModuleNotFoundError: No module named 'torchvision'
2026-07-29 20:21:44.827 Examining the path of transformers.models.vitpose.image_processing_vitpose_fast raised:
Traceback (most recent call last):
  File "/home/sachit/Documents/VSCProjects/optimiseGEO/venv/lib/python3.10/site-packages/streamlit/watcher/local_sources_watcher.py", line 340, in get_module_paths
    potential_paths = extract_paths(module)
  File "/home/sachit/Documents/VSCProjects/optimiseGEO/venv/lib/python3.10/site-packages/streamlit/watcher/local_sources_watcher.py", line 327, in <lambda>
    if hasattr(m, "__path__")
  File "/home/sachit/Documents/VSCProjects/optimiseGEO/venv/lib/python3.10/site-packages/transformers/__init__.py", line 862, in _getattr
    return getattr(importlib.import_module(target, __name__), name)
  File "/usr/lib/python3.10/importlib/__init__.py", line 126, in import_module
    return _bootstrap._gcd_import(name[level:], package, level)
  File "<frozen importlib._bootstrap>", line 1050, in _gcd_import
  File "<frozen importlib._bootstrap>", line 1027, in _find_and_load
  File "<frozen importlib._bootstrap>", line 1006, in _find_and_load_unlocked
  File "<frozen importlib._bootstrap>", line 688, in _load_unlocked
  File "<frozen importlib._bootstrap_external>", line 883, in exec_module
  File "<frozen importlib._bootstrap>", line 241, in _call_with_frames_removed
  File "/home/sachit/Documents/VSCProjects/optimiseGEO/venv/lib/python3.10/site-packages/transformers/models/vitpose/image_processing_vitpose.py", line 22, in <module>
    from torchvision.transforms.v2 import functional as tvF
ModuleNotFoundError: No module named 'torchvision'
2026-07-29 20:21:44.828 Examining the path of transformers.models.yolos.image_processing_yolos_fast raised:
Traceback (most recent call last):
  File "/home/sachit/Documents/VSCProjects/optimiseGEO/venv/lib/python3.10/site-packages/streamlit/watcher/local_sources_watcher.py", line 340, in get_module_paths
    potential_paths = extract_paths(module)
  File "/home/sachit/Documents/VSCProjects/optimiseGEO/venv/lib/python3.10/site-packages/streamlit/watcher/local_sources_watcher.py", line 327, in <lambda>
    if hasattr(m, "__path__")
  File "/home/sachit/Documents/VSCProjects/optimiseGEO/venv/lib/python3.10/site-packages/transformers/__init__.py", line 862, in _getattr
    return getattr(importlib.import_module(target, __name__), name)
  File "/usr/lib/python3.10/importlib/__init__.py", line 126, in import_module
    return _bootstrap._gcd_import(name[level:], package, level)
  File "<frozen importlib._bootstrap>", line 1050, in _gcd_import
  File "<frozen importlib._bootstrap>", line 1027, in _find_and_load
  File "<frozen importlib._bootstrap>", line 1006, in _find_and_load_unlocked
  File "<frozen importlib._bootstrap>", line 688, in _load_unlocked
  File "<frozen importlib._bootstrap_external>", line 883, in exec_module
  File "<frozen importlib._bootstrap>", line 241, in _call_with_frames_removed
  File "/home/sachit/Documents/VSCProjects/optimiseGEO/venv/lib/python3.10/site-packages/transformers/models/yolos/image_processing_yolos.py", line 12, in <module>
    from torchvision.io import read_image
ModuleNotFoundError: No module named 'torchvision'
2026-07-29 20:21:44.829 Examining the path of transformers.models.zoedepth.image_processing_zoedepth_fast raised:
Traceback (most recent call last):
  File "/home/sachit/Documents/VSCProjects/optimiseGEO/venv/lib/python3.10/site-packages/streamlit/watcher/local_sources_watcher.py", line 340, in get_module_paths
    potential_paths = extract_paths(module)
  File "/home/sachit/Documents/VSCProjects/optimiseGEO/venv/lib/python3.10/site-packages/streamlit/watcher/local_sources_watcher.py", line 327, in <lambda>
    if hasattr(m, "__path__")
  File "/home/sachit/Documents/VSCProjects/optimiseGEO/venv/lib/python3.10/site-packages/transformers/__init__.py", line 862, in _getattr
    return getattr(importlib.import_module(target, __name__), name)
  File "/usr/lib/python3.10/importlib/__init__.py", line 126, in import_module
    return _bootstrap._gcd_import(name[level:], package, level)
  File "<frozen importlib._bootstrap>", line 1050, in _gcd_import
  File "<frozen importlib._bootstrap>", line 1027, in _find_and_load
  File "<frozen importlib._bootstrap>", line 1006, in _find_and_load_unlocked
  File "<frozen importlib._bootstrap>", line 688, in _load_unlocked
  File "<frozen importlib._bootstrap_external>", line 883, in exec_module
  File "<frozen importlib._bootstrap>", line 241, in _call_with_frames_removed
  File "/home/sachit/Documents/VSCProjects/optimiseGEO/venv/lib/python3.10/site-packages/transformers/models/zoedepth/image_processing_zoedepth.py", line 43, in <module>
    from torchvision.transforms.v2 import functional as tvF
ModuleNotFoundError: No module named 'torchvision'
Loading weights:   0%|          | 0/103 [00:00<?, ?it/s]Loading weights: 100%|██████████| 103/103 [00:00<00:00, 10282.60it/s]
